/*
 Navicat Premium Data Transfer

 Source Server         : 本地
 Source Server Type    : MySQL
 Source Server Version : 50718
 Source Host           : localhost
 Source Database       : staff_rebuild

 Target Server Type    : MySQL
 Target Server Version : 50718
 File Encoding         : utf-8

 Date: 05/29/2018 15:20:51 PM
*/

SET NAMES utf8mb4;
SET FOREIGN_KEY_CHECKS = 0;

-- ----------------------------
--  Table structure for `ClientTeam`
-- ----------------------------
DROP TABLE IF EXISTS `ClientTeam`;
CREATE TABLE `ClientTeam` (
  `id` char(36) CHARACTER SET utf8 COLLATE utf8_bin NOT NULL,
  `status` int(11) DEFAULT '1',
  `remark` varchar(255) COLLATE utf8_unicode_ci DEFAULT NULL,
  `createdAt` datetime NOT NULL,
  `updatedAt` datetime NOT NULL,
  `clientId` varchar(255) COLLATE utf8_unicode_ci NOT NULL,
  `teamId` char(36) CHARACTER SET utf8 COLLATE utf8_bin NOT NULL,
  `createdUsr` varchar(255) COLLATE utf8_unicode_ci DEFAULT NULL,
  `updatedUsr` varchar(255) COLLATE utf8_unicode_ci DEFAULT NULL,
  PRIMARY KEY (`id`),
  KEY `clientId` (`clientId`),
  KEY `teamId` (`teamId`),
  KEY `createdUsr` (`createdUsr`),
  KEY `updatedUsr` (`updatedUsr`),
  KEY `client_team_status` (`status`) USING BTREE,
  CONSTRAINT `clientteam_ibfk_1` FOREIGN KEY (`clientId`) REFERENCES `client` (`id`) ON DELETE CASCADE ON UPDATE CASCADE,
  CONSTRAINT `clientteam_ibfk_2` FOREIGN KEY (`teamId`) REFERENCES `team` (`id`) ON DELETE CASCADE ON UPDATE CASCADE,
  CONSTRAINT `clientteam_ibfk_3` FOREIGN KEY (`createdUsr`) REFERENCES `account` (`id`) ON DELETE SET NULL ON UPDATE CASCADE,
  CONSTRAINT `clientteam_ibfk_4` FOREIGN KEY (`updatedUsr`) REFERENCES `account` (`id`) ON DELETE SET NULL ON UPDATE CASCADE
) ENGINE=InnoDB DEFAULT CHARSET=utf8 COLLATE=utf8_unicode_ci;

-- ----------------------------
--  Records of `ClientTeam`
-- ----------------------------
BEGIN;
INSERT INTO `ClientTeam` VALUES ('bb0fedd0-6310-11e8-aaf5-0f254a0c7eae', '1', null, '2018-05-29 07:20:14', '2018-05-29 07:20:14', 'Ford AP', 'bb078960-6310-11e8-aaf5-0f254a0c7eae', null, null), ('bb0fedd1-6310-11e8-aaf5-0f254a0c7eae', '1', null, '2018-05-29 07:20:14', '2018-05-29 07:20:14', 'Ford AP', 'bb078961-6310-11e8-aaf5-0f254a0c7eae', null, null), ('bb0fedd2-6310-11e8-aaf5-0f254a0c7eae', '1', null, '2018-05-29 07:20:14', '2018-05-29 07:20:14', 'Ford AP', 'bb078962-6310-11e8-aaf5-0f254a0c7eae', null, null), ('bb0fedd3-6310-11e8-aaf5-0f254a0c7eae', '1', null, '2018-05-29 07:20:14', '2018-05-29 07:20:14', 'Ford AP', 'bb078963-6310-11e8-aaf5-0f254a0c7eae', null, null), ('bb0fedd4-6310-11e8-aaf5-0f254a0c7eae', '1', null, '2018-05-29 07:20:14', '2018-05-29 07:20:14', 'Ford AP', 'bb078964-6310-11e8-aaf5-0f254a0c7eae', null, null), ('bb0fedd5-6310-11e8-aaf5-0f254a0c7eae', '1', null, '2018-05-29 07:20:14', '2018-05-29 07:20:14', 'Ford AP', 'bb078965-6310-11e8-aaf5-0f254a0c7eae', null, null), ('bb0fedd6-6310-11e8-aaf5-0f254a0c7eae', '1', null, '2018-05-29 07:20:14', '2018-05-29 07:20:14', 'Ford AP', 'bb078966-6310-11e8-aaf5-0f254a0c7eae', null, null), ('bb0fedd7-6310-11e8-aaf5-0f254a0c7eae', '1', null, '2018-05-29 07:20:14', '2018-05-29 07:20:14', 'Ford AP', 'bb078967-6310-11e8-aaf5-0f254a0c7eae', null, null), ('bb0fedd8-6310-11e8-aaf5-0f254a0c7eae', '1', null, '2018-05-29 07:20:14', '2018-05-29 07:20:14', 'Ford AP', 'bb078968-6310-11e8-aaf5-0f254a0c7eae', null, null), ('bb0fedd9-6310-11e8-aaf5-0f254a0c7eae', '1', null, '2018-05-29 07:20:14', '2018-05-29 07:20:14', 'Ford AP', 'bb078969-6310-11e8-aaf5-0f254a0c7eae', null, null), ('bb0fedda-6310-11e8-aaf5-0f254a0c7eae', '1', null, '2018-05-29 07:20:14', '2018-05-29 07:20:14', 'Lincoln China', 'bb07896a-6310-11e8-aaf5-0f254a0c7eae', null, null), ('bb0feddb-6310-11e8-aaf5-0f254a0c7eae', '1', null, '2018-05-29 07:20:14', '2018-05-29 07:20:14', 'Lincoln China', 'bb078965-6310-11e8-aaf5-0f254a0c7eae', null, null), ('bb0feddc-6310-11e8-aaf5-0f254a0c7eae', '1', null, '2018-05-29 07:20:14', '2018-05-29 07:20:14', 'Lincoln China', 'bb078963-6310-11e8-aaf5-0f254a0c7eae', null, null), ('bb0feddd-6310-11e8-aaf5-0f254a0c7eae', '1', null, '2018-05-29 07:20:14', '2018-05-29 07:20:14', 'Lincoln China', 'bb07896b-6310-11e8-aaf5-0f254a0c7eae', null, null), ('bb0fedde-6310-11e8-aaf5-0f254a0c7eae', '1', null, '2018-05-29 07:20:14', '2018-05-29 07:20:14', 'Lincoln China', 'bb07896c-6310-11e8-aaf5-0f254a0c7eae', null, null), ('bb0feddf-6310-11e8-aaf5-0f254a0c7eae', '1', null, '2018-05-29 07:20:14', '2018-05-29 07:20:14', 'Lincoln China', 'bb07896d-6310-11e8-aaf5-0f254a0c7eae', null, null), ('bb0fede0-6310-11e8-aaf5-0f254a0c7eae', '1', null, '2018-05-29 07:20:14', '2018-05-29 07:20:14', 'FCO', 'bb07896a-6310-11e8-aaf5-0f254a0c7eae', null, null), ('bb0fede1-6310-11e8-aaf5-0f254a0c7eae', '1', null, '2018-05-29 07:20:14', '2018-05-29 07:20:14', 'FCO', 'bb078965-6310-11e8-aaf5-0f254a0c7eae', null, null), ('bb0fede2-6310-11e8-aaf5-0f254a0c7eae', '1', null, '2018-05-29 07:20:14', '2018-05-29 07:20:14', 'FCO', 'bb07896e-6310-11e8-aaf5-0f254a0c7eae', null, null), ('bb0fede3-6310-11e8-aaf5-0f254a0c7eae', '1', null, '2018-05-29 07:20:14', '2018-05-29 07:20:14', 'GAM', 'bb07896a-6310-11e8-aaf5-0f254a0c7eae', null, null), ('bb0fede4-6310-11e8-aaf5-0f254a0c7eae', '1', null, '2018-05-29 07:20:14', '2018-05-29 07:20:14', 'Comms', 'bb07896a-6310-11e8-aaf5-0f254a0c7eae', null, null), ('bb1014e0-6310-11e8-aaf5-0f254a0c7eae', '1', null, '2018-05-29 07:20:14', '2018-05-29 07:20:14', 'BackOffice', 'bb07896f-6310-11e8-aaf5-0f254a0c7eae', null, null), ('bb1014e1-6310-11e8-aaf5-0f254a0c7eae', '1', null, '2018-05-29 07:20:14', '2018-05-29 07:20:14', 'BackOffice', 'bb078970-6310-11e8-aaf5-0f254a0c7eae', null, null), ('bb1014e2-6310-11e8-aaf5-0f254a0c7eae', '1', null, '2018-05-29 07:20:14', '2018-05-29 07:20:14', 'BackOffice', 'bb078971-6310-11e8-aaf5-0f254a0c7eae', null, null), ('bb1014e3-6310-11e8-aaf5-0f254a0c7eae', '1', null, '2018-05-29 07:20:14', '2018-05-29 07:20:14', 'BackOffice', 'bb078972-6310-11e8-aaf5-0f254a0c7eae', null, null), ('bb1014e4-6310-11e8-aaf5-0f254a0c7eae', '1', null, '2018-05-29 07:20:14', '2018-05-29 07:20:14', 'InHouse', 'bb078960-6310-11e8-aaf5-0f254a0c7eae', null, null), ('bb1014e5-6310-11e8-aaf5-0f254a0c7eae', '1', null, '2018-05-29 07:20:14', '2018-05-29 07:20:14', 'InHouse', 'bb078961-6310-11e8-aaf5-0f254a0c7eae', null, null), ('bb1014e6-6310-11e8-aaf5-0f254a0c7eae', '1', null, '2018-05-29 07:20:14', '2018-05-29 07:20:14', 'InHouse', 'bb078962-6310-11e8-aaf5-0f254a0c7eae', null, null), ('bb1014e7-6310-11e8-aaf5-0f254a0c7eae', '1', null, '2018-05-29 07:20:14', '2018-05-29 07:20:14', 'InHouse', 'bb078963-6310-11e8-aaf5-0f254a0c7eae', null, null), ('bb1014e8-6310-11e8-aaf5-0f254a0c7eae', '1', null, '2018-05-29 07:20:14', '2018-05-29 07:20:14', 'InHouse', 'bb078964-6310-11e8-aaf5-0f254a0c7eae', null, null), ('bb1014e9-6310-11e8-aaf5-0f254a0c7eae', '1', null, '2018-05-29 07:20:14', '2018-05-29 07:20:14', 'InHouse', 'bb078965-6310-11e8-aaf5-0f254a0c7eae', null, null), ('bb1014ea-6310-11e8-aaf5-0f254a0c7eae', '1', null, '2018-05-29 07:20:14', '2018-05-29 07:20:14', 'InHouse', 'bb078966-6310-11e8-aaf5-0f254a0c7eae', null, null), ('bb1014eb-6310-11e8-aaf5-0f254a0c7eae', '1', null, '2018-05-29 07:20:14', '2018-05-29 07:20:14', 'InHouse', 'bb078967-6310-11e8-aaf5-0f254a0c7eae', null, null), ('bb1014ec-6310-11e8-aaf5-0f254a0c7eae', '1', null, '2018-05-29 07:20:14', '2018-05-29 07:20:14', 'InHouse', 'bb078968-6310-11e8-aaf5-0f254a0c7eae', null, null), ('bb1014ed-6310-11e8-aaf5-0f254a0c7eae', '1', null, '2018-05-29 07:20:14', '2018-05-29 07:20:14', 'InHouse', 'bb078969-6310-11e8-aaf5-0f254a0c7eae', null, null), ('bb1014ee-6310-11e8-aaf5-0f254a0c7eae', '1', null, '2018-05-29 07:20:14', '2018-05-29 07:20:14', 'InHouse', 'bb07896a-6310-11e8-aaf5-0f254a0c7eae', null, null), ('bb1014ef-6310-11e8-aaf5-0f254a0c7eae', '1', null, '2018-05-29 07:20:14', '2018-05-29 07:20:14', 'InHouse', 'bb07896b-6310-11e8-aaf5-0f254a0c7eae', null, null), ('bb1014f0-6310-11e8-aaf5-0f254a0c7eae', '1', null, '2018-05-29 07:20:14', '2018-05-29 07:20:14', 'InHouse', 'bb07896c-6310-11e8-aaf5-0f254a0c7eae', null, null), ('bb1014f1-6310-11e8-aaf5-0f254a0c7eae', '1', null, '2018-05-29 07:20:14', '2018-05-29 07:20:14', 'InHouse', 'bb07896d-6310-11e8-aaf5-0f254a0c7eae', null, null), ('bb1014f2-6310-11e8-aaf5-0f254a0c7eae', '1', null, '2018-05-29 07:20:14', '2018-05-29 07:20:14', 'InHouse', 'bb07896e-6310-11e8-aaf5-0f254a0c7eae', null, null), ('bb1014f3-6310-11e8-aaf5-0f254a0c7eae', '1', null, '2018-05-29 07:20:14', '2018-05-29 07:20:14', 'InHouse', 'bb07896f-6310-11e8-aaf5-0f254a0c7eae', null, null), ('bb1014f4-6310-11e8-aaf5-0f254a0c7eae', '1', null, '2018-05-29 07:20:14', '2018-05-29 07:20:14', 'InHouse', 'bb078970-6310-11e8-aaf5-0f254a0c7eae', null, null), ('bb1014f5-6310-11e8-aaf5-0f254a0c7eae', '1', null, '2018-05-29 07:20:14', '2018-05-29 07:20:14', 'InHouse', 'bb078971-6310-11e8-aaf5-0f254a0c7eae', null, null), ('bb1014f6-6310-11e8-aaf5-0f254a0c7eae', '1', null, '2018-05-29 07:20:14', '2018-05-29 07:20:14', 'InHouse', 'bb078972-6310-11e8-aaf5-0f254a0c7eae', null, null), ('bb1014f7-6310-11e8-aaf5-0f254a0c7eae', '1', null, '2018-05-29 07:20:14', '2018-05-29 07:20:14', 'LetGo', 'bb078960-6310-11e8-aaf5-0f254a0c7eae', null, null), ('bb1014f8-6310-11e8-aaf5-0f254a0c7eae', '1', null, '2018-05-29 07:20:14', '2018-05-29 07:20:14', 'LetGo', 'bb078961-6310-11e8-aaf5-0f254a0c7eae', null, null), ('bb1014f9-6310-11e8-aaf5-0f254a0c7eae', '1', null, '2018-05-29 07:20:14', '2018-05-29 07:20:14', 'LetGo', 'bb078962-6310-11e8-aaf5-0f254a0c7eae', null, null), ('bb1014fa-6310-11e8-aaf5-0f254a0c7eae', '1', null, '2018-05-29 07:20:14', '2018-05-29 07:20:14', 'LetGo', 'bb078963-6310-11e8-aaf5-0f254a0c7eae', null, null), ('bb1014fb-6310-11e8-aaf5-0f254a0c7eae', '1', null, '2018-05-29 07:20:14', '2018-05-29 07:20:14', 'LetGo', 'bb078964-6310-11e8-aaf5-0f254a0c7eae', null, null), ('bb1014fc-6310-11e8-aaf5-0f254a0c7eae', '1', null, '2018-05-29 07:20:14', '2018-05-29 07:20:14', 'LetGo', 'bb078965-6310-11e8-aaf5-0f254a0c7eae', null, null), ('bb1014fd-6310-11e8-aaf5-0f254a0c7eae', '1', null, '2018-05-29 07:20:14', '2018-05-29 07:20:14', 'LetGo', 'bb078966-6310-11e8-aaf5-0f254a0c7eae', null, null), ('bb1014fe-6310-11e8-aaf5-0f254a0c7eae', '1', null, '2018-05-29 07:20:14', '2018-05-29 07:20:14', 'LetGo', 'bb078967-6310-11e8-aaf5-0f254a0c7eae', null, null), ('bb1014ff-6310-11e8-aaf5-0f254a0c7eae', '1', null, '2018-05-29 07:20:14', '2018-05-29 07:20:14', 'LetGo', 'bb078968-6310-11e8-aaf5-0f254a0c7eae', null, null), ('bb101500-6310-11e8-aaf5-0f254a0c7eae', '1', null, '2018-05-29 07:20:14', '2018-05-29 07:20:14', 'LetGo', 'bb078969-6310-11e8-aaf5-0f254a0c7eae', null, null), ('bb103bf0-6310-11e8-aaf5-0f254a0c7eae', '1', null, '2018-05-29 07:20:14', '2018-05-29 07:20:14', 'LetGo', 'bb07896a-6310-11e8-aaf5-0f254a0c7eae', null, null), ('bb103bf1-6310-11e8-aaf5-0f254a0c7eae', '1', null, '2018-05-29 07:20:14', '2018-05-29 07:20:14', 'LetGo', 'bb07896b-6310-11e8-aaf5-0f254a0c7eae', null, null), ('bb103bf2-6310-11e8-aaf5-0f254a0c7eae', '1', null, '2018-05-29 07:20:14', '2018-05-29 07:20:14', 'LetGo', 'bb07896c-6310-11e8-aaf5-0f254a0c7eae', null, null), ('bb103bf3-6310-11e8-aaf5-0f254a0c7eae', '1', null, '2018-05-29 07:20:14', '2018-05-29 07:20:14', 'LetGo', 'bb07896d-6310-11e8-aaf5-0f254a0c7eae', null, null), ('bb103bf4-6310-11e8-aaf5-0f254a0c7eae', '1', null, '2018-05-29 07:20:14', '2018-05-29 07:20:14', 'LetGo', 'bb07896e-6310-11e8-aaf5-0f254a0c7eae', null, null), ('bb103bf5-6310-11e8-aaf5-0f254a0c7eae', '1', null, '2018-05-29 07:20:14', '2018-05-29 07:20:14', 'LetGo', 'bb07896f-6310-11e8-aaf5-0f254a0c7eae', null, null), ('bb103bf6-6310-11e8-aaf5-0f254a0c7eae', '1', null, '2018-05-29 07:20:14', '2018-05-29 07:20:14', 'LetGo', 'bb078970-6310-11e8-aaf5-0f254a0c7eae', null, null), ('bb103bf7-6310-11e8-aaf5-0f254a0c7eae', '1', null, '2018-05-29 07:20:14', '2018-05-29 07:20:14', 'LetGo', 'bb078971-6310-11e8-aaf5-0f254a0c7eae', null, null), ('bb103bf8-6310-11e8-aaf5-0f254a0c7eae', '1', null, '2018-05-29 07:20:14', '2018-05-29 07:20:14', 'LetGo', 'bb078972-6310-11e8-aaf5-0f254a0c7eae', null, null);
COMMIT;

-- ----------------------------
--  Table structure for `account`
-- ----------------------------
DROP TABLE IF EXISTS `account`;
CREATE TABLE `account` (
  `id` varchar(255) COLLATE utf8_unicode_ci NOT NULL,
  `name` varchar(255) COLLATE utf8_unicode_ci NOT NULL,
  `password` varchar(255) COLLATE utf8_unicode_ci NOT NULL,
  `title` varchar(255) COLLATE utf8_unicode_ci DEFAULT NULL,
  `mail` varchar(255) COLLATE utf8_unicode_ci DEFAULT NULL,
  `telephoneNumber` varchar(255) COLLATE utf8_unicode_ci DEFAULT NULL,
  `status` int(11) DEFAULT '1',
  `remark` varchar(255) COLLATE utf8_unicode_ci DEFAULT NULL,
  `createdAt` datetime NOT NULL,
  `updatedAt` datetime NOT NULL,
  `createdUsr` varchar(255) COLLATE utf8_unicode_ci DEFAULT NULL,
  `updatedUsr` varchar(255) COLLATE utf8_unicode_ci DEFAULT NULL,
  PRIMARY KEY (`id`),
  KEY `createdUsr` (`createdUsr`),
  KEY `updatedUsr` (`updatedUsr`),
  KEY `account_name` (`name`) USING BTREE,
  KEY `account_title` (`title`) USING BTREE,
  KEY `account_status` (`status`) USING BTREE,
  CONSTRAINT `account_ibfk_1` FOREIGN KEY (`createdUsr`) REFERENCES `account` (`id`) ON DELETE SET NULL ON UPDATE CASCADE,
  CONSTRAINT `account_ibfk_2` FOREIGN KEY (`updatedUsr`) REFERENCES `account` (`id`) ON DELETE SET NULL ON UPDATE CASCADE
) ENGINE=InnoDB DEFAULT CHARSET=utf8 COLLATE=utf8_unicode_ci;

-- ----------------------------
--  Records of `account`
-- ----------------------------
BEGIN;
INSERT INTO `account` VALUES ('admin', 'admin', '123', null, null, null, '1', null, '2018-05-29 07:20:13', '2018-05-29 07:20:13', null, null), ('developer', 'developer', '123', null, null, null, '1', null, '2018-05-29 07:20:13', '2018-05-29 07:20:13', null, null), ('financeDirector', 'financeDirector', '123', null, null, null, '1', null, '2018-05-29 07:20:13', '2018-05-29 07:20:13', null, null), ('financeManager', 'financeManager', '123', null, null, null, '1', null, '2018-05-29 07:20:13', '2018-05-29 07:20:13', null, null), ('hr', 'hr', '123', null, null, null, '1', null, '2018-05-29 07:20:13', '2018-05-29 07:20:13', null, null);
COMMIT;

-- ----------------------------
--  Table structure for `accountRole`
-- ----------------------------
DROP TABLE IF EXISTS `accountRole`;
CREATE TABLE `accountRole` (
  `id` char(36) CHARACTER SET utf8 COLLATE utf8_bin NOT NULL,
  `status` int(11) DEFAULT '1',
  `createdAt` datetime NOT NULL,
  `updatedAt` datetime NOT NULL,
  `accountId` varchar(255) COLLATE utf8_unicode_ci NOT NULL,
  `roleId` varchar(255) COLLATE utf8_unicode_ci NOT NULL,
  PRIMARY KEY (`id`),
  KEY `accountId` (`accountId`),
  KEY `roleId` (`roleId`),
  CONSTRAINT `accountrole_ibfk_1` FOREIGN KEY (`accountId`) REFERENCES `account` (`id`) ON DELETE CASCADE ON UPDATE CASCADE,
  CONSTRAINT `accountrole_ibfk_2` FOREIGN KEY (`roleId`) REFERENCES `role` (`id`) ON DELETE CASCADE ON UPDATE CASCADE
) ENGINE=InnoDB DEFAULT CHARSET=utf8 COLLATE=utf8_unicode_ci;

-- ----------------------------
--  Records of `accountRole`
-- ----------------------------
BEGIN;
INSERT INTO `accountRole` VALUES ('babfaaf0-6310-11e8-aaf5-0f254a0c7eae', '1', '2018-05-29 07:20:13', '2018-05-29 07:20:13', 'financeManager', 'financeManager'), ('babfd200-6310-11e8-aaf5-0f254a0c7eae', '1', '2018-05-29 07:20:13', '2018-05-29 07:20:13', 'hr', 'hr'), ('babfd201-6310-11e8-aaf5-0f254a0c7eae', '1', '2018-05-29 07:20:13', '2018-05-29 07:20:13', 'financeDirector', 'financeDirector'), ('babfd202-6310-11e8-aaf5-0f254a0c7eae', '1', '2018-05-29 07:20:13', '2018-05-29 07:20:13', 'admin', 'admin'), ('babfd203-6310-11e8-aaf5-0f254a0c7eae', '1', '2018-05-29 07:20:13', '2018-05-29 07:20:13', 'developer', 'developer');
COMMIT;

-- ----------------------------
--  Table structure for `client`
-- ----------------------------
DROP TABLE IF EXISTS `client`;
CREATE TABLE `client` (
  `id` varchar(255) COLLATE utf8_unicode_ci NOT NULL,
  `brief` varchar(255) COLLATE utf8_unicode_ci NOT NULL,
  `contact` varchar(255) COLLATE utf8_unicode_ci DEFAULT NULL,
  `address` varchar(255) COLLATE utf8_unicode_ci DEFAULT NULL,
  `telephone` varchar(255) COLLATE utf8_unicode_ci DEFAULT NULL,
  `email` varchar(255) COLLATE utf8_unicode_ci DEFAULT NULL,
  `type` enum('Sold','BackOffice','InHouse','LetGo') COLLATE utf8_unicode_ci NOT NULL,
  `incentiveRate` decimal(8,4) NOT NULL DEFAULT '0.0000',
  `taxDiscountRate` decimal(8,4) NOT NULL DEFAULT '0.0000',
  `status` int(11) DEFAULT '1',
  `remark` varchar(255) COLLATE utf8_unicode_ci DEFAULT NULL,
  `createdAt` datetime NOT NULL,
  `updatedAt` datetime NOT NULL,
  `createdUsr` varchar(255) COLLATE utf8_unicode_ci DEFAULT NULL,
  `updatedUsr` varchar(255) COLLATE utf8_unicode_ci DEFAULT NULL,
  PRIMARY KEY (`id`),
  UNIQUE KEY `brief` (`brief`),
  UNIQUE KEY `client_brief_unique` (`brief`),
  KEY `createdUsr` (`createdUsr`),
  KEY `updatedUsr` (`updatedUsr`),
  KEY `client_brief` (`brief`) USING BTREE,
  KEY `client_type` (`type`) USING BTREE,
  KEY `client_status` (`status`) USING BTREE,
  CONSTRAINT `client_ibfk_1` FOREIGN KEY (`createdUsr`) REFERENCES `account` (`id`) ON DELETE SET NULL ON UPDATE CASCADE,
  CONSTRAINT `client_ibfk_2` FOREIGN KEY (`updatedUsr`) REFERENCES `account` (`id`) ON DELETE SET NULL ON UPDATE CASCADE
) ENGINE=InnoDB DEFAULT CHARSET=utf8 COLLATE=utf8_unicode_ci;

-- ----------------------------
--  Records of `client`
-- ----------------------------
BEGIN;
INSERT INTO `client` VALUES ('BackOffice', 'BOH', '联系人 1', '中国上海', '102392832', '23432@163.com', 'BackOffice', '0.7000', '1.0000', '1', null, '2018-05-29 07:20:14', '2018-05-29 07:20:14', null, null), ('Comms', 'COM', '联系人 2', '中国上海', '102392832', '23432@163.com', 'Sold', '0.7000', '1.0000', '1', null, '2018-05-29 07:20:14', '2018-05-29 07:20:14', null, null), ('FCO', 'FCO', '联系人 2', '中国上海', '102392832', '23432@163.com', 'Sold', '0.7000', '1.0000', '1', null, '2018-05-29 07:20:14', '2018-05-29 07:20:14', null, null), ('Ford AP', 'FAP', '联系人 1', '中国上海', '102392832', '23432@163.com', 'Sold', '0.7000', '1.0000', '1', null, '2018-05-29 07:20:14', '2018-05-29 07:20:14', null, null), ('GAM', 'GAM', '联系人 2', '中国上海', '102392832', '23432@163.com', 'Sold', '0.7000', '1.0000', '1', null, '2018-05-29 07:20:14', '2018-05-29 07:20:14', null, null), ('InHouse', 'INH', '联系人 2', '中国上海', '102392832', '23432@163.com', 'InHouse', '0.7000', '1.0000', '1', null, '2018-05-29 07:20:14', '2018-05-29 07:20:14', null, null), ('LetGo', 'LET', '联系人 1', '中国上海', '102392832', '23432@163.com', 'LetGo', '0.7000', '1.0000', '1', null, '2018-05-29 07:20:14', '2018-05-29 07:20:14', null, null), ('Lincoln China', 'LIN', '联系人 1', '中国上海', '102392832', '23432@163.com', 'Sold', '0.7000', '1.0000', '1', null, '2018-05-29 07:20:14', '2018-05-29 07:20:14', null, null);
COMMIT;

-- ----------------------------
--  Table structure for `clientPo`
-- ----------------------------
DROP TABLE IF EXISTS `clientPo`;
CREATE TABLE `clientPo` (
  `id` char(36) CHARACTER SET utf8 COLLATE utf8_bin NOT NULL,
  `name` varchar(255) COLLATE utf8_unicode_ci NOT NULL,
  `production` bigint(20) DEFAULT '0',
  `gross` bigint(20) DEFAULT NULL,
  `incentive` bigint(20) DEFAULT '0',
  `travel` bigint(20) DEFAULT '0',
  `media` bigint(20) DEFAULT '0',
  `total` bigint(20) DEFAULT '0',
  `filePath` varchar(255) COLLATE utf8_unicode_ci NOT NULL,
  `status` int(11) DEFAULT '1',
  `remark` varchar(255) COLLATE utf8_unicode_ci DEFAULT NULL,
  `createdAt` datetime NOT NULL,
  `updatedAt` datetime NOT NULL,
  `sowId` char(36) CHARACTER SET utf8 COLLATE utf8_bin NOT NULL,
  `executionSowId` char(36) CHARACTER SET utf8 COLLATE utf8_bin DEFAULT NULL,
  `currencyId` varchar(255) COLLATE utf8_unicode_ci NOT NULL,
  `createdUsr` varchar(255) COLLATE utf8_unicode_ci DEFAULT NULL,
  `updatedUsr` varchar(255) COLLATE utf8_unicode_ci DEFAULT NULL,
  PRIMARY KEY (`id`),
  KEY `sowId` (`sowId`),
  KEY `executionSowId` (`executionSowId`),
  KEY `currencyId` (`currencyId`),
  KEY `createdUsr` (`createdUsr`),
  KEY `updatedUsr` (`updatedUsr`),
  KEY `client_po_status` (`status`) USING BTREE,
  CONSTRAINT `clientpo_ibfk_1` FOREIGN KEY (`sowId`) REFERENCES `sow` (`id`) ON DELETE NO ACTION ON UPDATE CASCADE,
  CONSTRAINT `clientpo_ibfk_2` FOREIGN KEY (`executionSowId`) REFERENCES `sow` (`id`) ON DELETE SET NULL ON UPDATE CASCADE,
  CONSTRAINT `clientpo_ibfk_3` FOREIGN KEY (`currencyId`) REFERENCES `currency` (`id`) ON DELETE NO ACTION ON UPDATE CASCADE,
  CONSTRAINT `clientpo_ibfk_4` FOREIGN KEY (`createdUsr`) REFERENCES `account` (`id`) ON DELETE SET NULL ON UPDATE CASCADE,
  CONSTRAINT `clientpo_ibfk_5` FOREIGN KEY (`updatedUsr`) REFERENCES `account` (`id`) ON DELETE SET NULL ON UPDATE CASCADE
) ENGINE=InnoDB DEFAULT CHARSET=utf8 COLLATE=utf8_unicode_ci;

-- ----------------------------
--  Table structure for `company`
-- ----------------------------
DROP TABLE IF EXISTS `company`;
CREATE TABLE `company` (
  `id` varchar(255) COLLATE utf8_unicode_ci NOT NULL,
  `name` varchar(255) COLLATE utf8_unicode_ci DEFAULT NULL,
  `contact` varchar(255) COLLATE utf8_unicode_ci DEFAULT NULL,
  `telephone` varchar(255) COLLATE utf8_unicode_ci DEFAULT NULL,
  `address` varchar(255) COLLATE utf8_unicode_ci DEFAULT NULL,
  `email` varchar(255) COLLATE utf8_unicode_ci DEFAULT NULL,
  `status` int(11) DEFAULT '1',
  `remark` varchar(255) COLLATE utf8_unicode_ci DEFAULT NULL,
  `createdAt` datetime NOT NULL,
  `updatedAt` datetime NOT NULL,
  `createdUsr` varchar(255) COLLATE utf8_unicode_ci DEFAULT NULL,
  `updatedUsr` varchar(255) COLLATE utf8_unicode_ci DEFAULT NULL,
  PRIMARY KEY (`id`),
  KEY `createdUsr` (`createdUsr`),
  KEY `updatedUsr` (`updatedUsr`),
  KEY `company_status` (`status`) USING BTREE,
  CONSTRAINT `company_ibfk_1` FOREIGN KEY (`createdUsr`) REFERENCES `account` (`id`) ON DELETE SET NULL ON UPDATE CASCADE,
  CONSTRAINT `company_ibfk_2` FOREIGN KEY (`updatedUsr`) REFERENCES `account` (`id`) ON DELETE SET NULL ON UPDATE CASCADE
) ENGINE=InnoDB DEFAULT CHARSET=utf8 COLLATE=utf8_unicode_ci;

-- ----------------------------
--  Records of `company`
-- ----------------------------
BEGIN;
INSERT INTO `company` VALUES ('GTB IN', 'GTB India', '联系人 2', '13200129345', '上海徐汇', '2222@163.com', '1', null, '2018-05-29 07:20:14', '2018-05-29 07:20:14', null, null), ('GTB SH', 'GTB Shanghai', '联系人 1', '13200129345', '上海徐汇', '1111@163.com', '1', null, '2018-05-29 07:20:14', '2018-05-29 07:20:14', null, null), ('JWT AU', 'JWT Australia', '联系人 5', '13200129345', '上海徐汇', '5555@163.com', '1', null, '2018-05-29 07:20:14', '2018-05-29 07:20:14', null, null), ('JWT TH', 'JWT Thailand', '联系人 4', '13200129345', '上海徐汇', '4444@163.com', '1', null, '2018-05-29 07:20:14', '2018-05-29 07:20:14', null, null), ('WM TH', 'Wunderman Thailand', '联系人 3', '13200129345', '上海徐汇', '3333@163.com', '1', null, '2018-05-29 07:20:14', '2018-05-29 07:20:14', null, null);
COMMIT;

-- ----------------------------
--  Table structure for `companyDetail`
-- ----------------------------
DROP TABLE IF EXISTS `companyDetail`;
CREATE TABLE `companyDetail` (
  `id` char(36) CHARACTER SET utf8 COLLATE utf8_bin NOT NULL,
  `year` int(11) NOT NULL,
  `payorType` enum('Individual','Company') COLLATE utf8_unicode_ci NOT NULL,
  `rate` decimal(8,4) DEFAULT '0.0000',
  `max` int(11) DEFAULT '0',
  `min` int(11) DEFAULT '0',
  `status` int(11) DEFAULT '1',
  `remark` varchar(255) COLLATE utf8_unicode_ci DEFAULT NULL,
  `createdAt` datetime NOT NULL,
  `updatedAt` datetime NOT NULL,
  `companyId` varchar(255) COLLATE utf8_unicode_ci NOT NULL,
  `createdUsr` varchar(255) COLLATE utf8_unicode_ci DEFAULT NULL,
  `updatedUsr` varchar(255) COLLATE utf8_unicode_ci DEFAULT NULL,
  PRIMARY KEY (`id`),
  KEY `companyId` (`companyId`),
  KEY `createdUsr` (`createdUsr`),
  KEY `updatedUsr` (`updatedUsr`),
  KEY `company_detail_status` (`status`) USING BTREE,
  CONSTRAINT `companydetail_ibfk_1` FOREIGN KEY (`companyId`) REFERENCES `company` (`id`) ON DELETE NO ACTION ON UPDATE CASCADE,
  CONSTRAINT `companydetail_ibfk_2` FOREIGN KEY (`createdUsr`) REFERENCES `account` (`id`) ON DELETE SET NULL ON UPDATE CASCADE,
  CONSTRAINT `companydetail_ibfk_3` FOREIGN KEY (`updatedUsr`) REFERENCES `account` (`id`) ON DELETE SET NULL ON UPDATE CASCADE
) ENGINE=InnoDB DEFAULT CHARSET=utf8 COLLATE=utf8_unicode_ci;

-- ----------------------------
--  Records of `companyDetail`
-- ----------------------------
BEGIN;
INSERT INTO `companyDetail` VALUES ('bb0629d0-6310-11e8-aaf5-0f254a0c7eae', '2016', 'Company', '0.4200', '1781700', '356300', '1', null, '2018-05-29 07:20:14', '2018-05-29 07:20:14', 'GTB SH', null, null), ('bb0629d1-6310-11e8-aaf5-0f254a0c7eae', '2017', 'Company', '0.4200', '1951200', '390200', '1', null, '2018-05-29 07:20:14', '2018-05-29 07:20:14', 'GTB SH', null, null), ('bb0629d2-6310-11e8-aaf5-0f254a0c7eae', '2018', 'Company', '0.4200', '1951200', '390200', '1', null, '2018-05-29 07:20:14', '2018-05-29 07:20:14', 'GTB SH', null, null);
COMMIT;

-- ----------------------------
--  Table structure for `costDistribution`
-- ----------------------------
DROP TABLE IF EXISTS `costDistribution`;
CREATE TABLE `costDistribution` (
  `id` char(36) CHARACTER SET utf8 COLLATE utf8_bin NOT NULL,
  `costType` enum('salaryRecord','freelancerContract') COLLATE utf8_unicode_ci NOT NULL,
  `type` enum('position','project','production','inhouseFreelancer') COLLATE utf8_unicode_ci NOT NULL,
  `percentage` decimal(6,2) NOT NULL DEFAULT '0.00',
  `amount` int(11) NOT NULL DEFAULT '0',
  `status` int(11) DEFAULT '1',
  `remark` varchar(255) COLLATE utf8_unicode_ci DEFAULT NULL,
  `createdAt` datetime NOT NULL,
  `updatedAt` datetime NOT NULL,
  `costCenterId` char(36) CHARACTER SET utf8 COLLATE utf8_bin DEFAULT NULL,
  `commonId` char(36) CHARACTER SET utf8 COLLATE utf8_bin DEFAULT NULL,
  `createdUsr` varchar(255) COLLATE utf8_unicode_ci DEFAULT NULL,
  `updatedUsr` varchar(255) COLLATE utf8_unicode_ci DEFAULT NULL,
  PRIMARY KEY (`id`),
  KEY `createdUsr` (`createdUsr`),
  KEY `updatedUsr` (`updatedUsr`),
  KEY `cost_distribution_status` (`status`) USING BTREE,
  CONSTRAINT `costdistribution_ibfk_1` FOREIGN KEY (`createdUsr`) REFERENCES `account` (`id`) ON DELETE SET NULL ON UPDATE CASCADE,
  CONSTRAINT `costdistribution_ibfk_2` FOREIGN KEY (`updatedUsr`) REFERENCES `account` (`id`) ON DELETE SET NULL ON UPDATE CASCADE
) ENGINE=InnoDB DEFAULT CHARSET=utf8 COLLATE=utf8_unicode_ci;

-- ----------------------------
--  Table structure for `currency`
-- ----------------------------
DROP TABLE IF EXISTS `currency`;
CREATE TABLE `currency` (
  `id` varchar(255) COLLATE utf8_unicode_ci NOT NULL,
  `country` varchar(255) COLLATE utf8_unicode_ci DEFAULT NULL,
  `status` int(11) DEFAULT '1',
  `remark` varchar(255) COLLATE utf8_unicode_ci DEFAULT NULL,
  `createdAt` datetime NOT NULL,
  `updatedAt` datetime NOT NULL,
  `createdUsr` varchar(255) COLLATE utf8_unicode_ci DEFAULT NULL,
  `updatedUsr` varchar(255) COLLATE utf8_unicode_ci DEFAULT NULL,
  PRIMARY KEY (`id`),
  KEY `createdUsr` (`createdUsr`),
  KEY `updatedUsr` (`updatedUsr`),
  KEY `currency_status` (`status`) USING BTREE,
  CONSTRAINT `currency_ibfk_1` FOREIGN KEY (`createdUsr`) REFERENCES `account` (`id`) ON DELETE SET NULL ON UPDATE CASCADE,
  CONSTRAINT `currency_ibfk_2` FOREIGN KEY (`updatedUsr`) REFERENCES `account` (`id`) ON DELETE SET NULL ON UPDATE CASCADE
) ENGINE=InnoDB DEFAULT CHARSET=utf8 COLLATE=utf8_unicode_ci;

-- ----------------------------
--  Records of `currency`
-- ----------------------------
BEGIN;
INSERT INTO `currency` VALUES ('INR', 'India', '1', null, '2018-05-29 07:20:14', '2018-05-29 07:20:14', null, null), ('RMB', 'China', '1', null, '2018-05-29 07:20:14', '2018-05-29 07:20:14', null, null), ('SGD', 'Singapore', '1', null, '2018-05-29 07:20:14', '2018-05-29 07:20:14', null, null), ('THB', 'Thailand', '1', null, '2018-05-29 07:20:14', '2018-05-29 07:20:14', null, null), ('USD', 'US', '1', null, '2018-05-29 07:20:14', '2018-05-29 07:20:14', null, null);
COMMIT;

-- ----------------------------
--  Table structure for `currencyDetail`
-- ----------------------------
DROP TABLE IF EXISTS `currencyDetail`;
CREATE TABLE `currencyDetail` (
  `id` char(36) CHARACTER SET utf8 COLLATE utf8_bin NOT NULL,
  `constantRateToUSD` decimal(14,8) NOT NULL DEFAULT '0.00000000',
  `fordRateToUSD` decimal(14,8) NOT NULL DEFAULT '0.00000000',
  `constantRateToRMB` decimal(14,8) NOT NULL DEFAULT '0.00000000',
  `fordRateToRMB` decimal(14,8) NOT NULL DEFAULT '0.00000000',
  `year` int(11) NOT NULL,
  `status` int(11) DEFAULT '1',
  `remark` varchar(255) COLLATE utf8_unicode_ci DEFAULT NULL,
  `createdAt` datetime NOT NULL,
  `updatedAt` datetime NOT NULL,
  `currencyId` varchar(255) COLLATE utf8_unicode_ci DEFAULT NULL,
  `createdUsr` varchar(255) COLLATE utf8_unicode_ci DEFAULT NULL,
  `updatedUsr` varchar(255) COLLATE utf8_unicode_ci DEFAULT NULL,
  PRIMARY KEY (`id`),
  KEY `currencyId` (`currencyId`),
  KEY `createdUsr` (`createdUsr`),
  KEY `updatedUsr` (`updatedUsr`),
  KEY `currency_detail_status` (`status`) USING BTREE,
  CONSTRAINT `currencydetail_ibfk_1` FOREIGN KEY (`currencyId`) REFERENCES `currency` (`id`) ON DELETE SET NULL ON UPDATE CASCADE,
  CONSTRAINT `currencydetail_ibfk_2` FOREIGN KEY (`createdUsr`) REFERENCES `account` (`id`) ON DELETE SET NULL ON UPDATE CASCADE,
  CONSTRAINT `currencydetail_ibfk_3` FOREIGN KEY (`updatedUsr`) REFERENCES `account` (`id`) ON DELETE SET NULL ON UPDATE CASCADE
) ENGINE=InnoDB DEFAULT CHARSET=utf8 COLLATE=utf8_unicode_ci;

-- ----------------------------
--  Records of `currencyDetail`
-- ----------------------------
BEGIN;
INSERT INTO `currencyDetail` VALUES ('bb11e9a0-6310-11e8-aaf5-0f254a0c7eae', '6.19354839', '6.39422367', '1.00000000', '1.00000000', '2016', '1', null, '2018-05-29 07:20:14', '2018-05-29 07:20:14', 'RMB', null, null), ('bb11e9a1-6310-11e8-aaf5-0f254a0c7eae', '6.84000000', '6.74268103', '1.00000000', '1.00000000', '2017', '1', null, '2018-05-29 07:20:14', '2018-05-29 07:20:14', 'RMB', null, null), ('bb11e9a2-6310-11e8-aaf5-0f254a0c7eae', '6.51851852', '6.69070000', '1.00000000', '1.00000000', '2018', '1', null, '2018-05-29 07:20:14', '2018-05-29 07:20:14', 'RMB', null, null), ('bb11e9a3-6310-11e8-aaf5-0f254a0c7eae', '1.00000000', '1.00000000', '0.16145833', '0.15639115', '2016', '1', null, '2018-05-29 07:20:14', '2018-05-29 07:20:14', 'USD', null, null), ('bb11e9a4-6310-11e8-aaf5-0f254a0c7eae', '1.00000000', '1.00000000', '0.14619883', '0.14830896', '2017', '1', null, '2018-05-29 07:20:14', '2018-05-29 07:20:14', 'USD', null, null), ('bb11e9a5-6310-11e8-aaf5-0f254a0c7eae', '1.00000000', '1.00000000', '0.15340909', '0.14946119', '2018', '1', null, '2018-05-29 07:20:14', '2018-05-29 07:20:14', 'USD', null, null), ('bb11e9a6-6310-11e8-aaf5-0f254a0c7eae', '64.51612903', '67.98806238', '10.41666666', '10.63273134', '2016', '1', null, '2018-05-29 07:20:14', '2018-05-29 07:20:14', 'INR', null, null), ('bb11e9a7-6310-11e8-aaf5-0f254a0c7eae', '67.20000000', '69.90473331', '9.82456140', '10.36749818', '2017', '1', null, '2018-05-29 07:20:14', '2018-05-29 07:20:14', 'INR', null, null), ('bb11e9a8-6310-11e8-aaf5-0f254a0c7eae', '63.70370370', '65.84394168', '9.77272727', '9.84111404', '2018', '1', null, '2018-05-29 07:20:14', '2018-05-29 07:20:14', 'INR', null, null), ('bb11e9a9-6310-11e8-aaf5-0f254a0c7eae', '34.83870968', '36.17014458', '5.62500000', '5.65669055', '2016', '1', null, '2018-05-29 07:20:14', '2018-05-29 07:20:14', 'THB', null, null), ('bb11e9aa-6310-11e8-aaf5-0f254a0c7eae', '35.20000000', '34.74669125', '5.14619883', '5.15324559', '2017', '1', null, '2018-05-29 07:20:14', '2018-05-29 07:20:14', 'THB', null, null), ('bb11e9ab-6310-11e8-aaf5-0f254a0c7eae', '32.59259259', '33.12893332', '5.00000000', '4.95148988', '2018', '1', null, '2018-05-29 07:20:14', '2018-05-29 07:20:14', 'THB', null, null), ('bb11e9ac-6310-11e8-aaf5-0f254a0c7eae', '1.33333330', '1.33333330', '0.19930000', '0.19930000', '2016', '1', null, '2018-05-29 07:20:14', '2018-05-29 07:20:14', 'SGD', null, null), ('bb11e9ad-6310-11e8-aaf5-0f254a0c7eae', '1.33333330', '1.33333330', '0.19930000', '0.19930000', '2017', '1', null, '2018-05-29 07:20:14', '2018-05-29 07:20:14', 'SGD', null, null), ('bb11e9ae-6310-11e8-aaf5-0f254a0c7eae', '1.33333330', '1.33333330', '0.19930000', '0.19930000', '2018', '1', null, '2018-05-29 07:20:14', '2018-05-29 07:20:14', 'SGD', null, null);
COMMIT;

-- ----------------------------
--  Table structure for `dataLog`
-- ----------------------------
DROP TABLE IF EXISTS `dataLog`;
CREATE TABLE `dataLog` (
  `id` char(36) CHARACTER SET utf8 COLLATE utf8_bin NOT NULL,
  `dataLogType` enum('inChargeAccount') COLLATE utf8_unicode_ci NOT NULL,
  `data` varchar(255) COLLATE utf8_unicode_ci DEFAULT NULL,
  `status` int(11) DEFAULT '1',
  `createdAt` datetime NOT NULL,
  `updatedAt` datetime NOT NULL,
  `createdUsr` varchar(255) COLLATE utf8_unicode_ci DEFAULT NULL,
  `updatedUsr` varchar(255) COLLATE utf8_unicode_ci DEFAULT NULL,
  PRIMARY KEY (`id`),
  KEY `createdUsr` (`createdUsr`),
  KEY `updatedUsr` (`updatedUsr`),
  KEY `data_log_data_log_type` (`dataLogType`) USING BTREE,
  KEY `data_log_status` (`status`) USING BTREE,
  CONSTRAINT `datalog_ibfk_1` FOREIGN KEY (`createdUsr`) REFERENCES `account` (`id`) ON DELETE SET NULL ON UPDATE CASCADE,
  CONSTRAINT `datalog_ibfk_2` FOREIGN KEY (`updatedUsr`) REFERENCES `account` (`id`) ON DELETE SET NULL ON UPDATE CASCADE
) ENGINE=InnoDB DEFAULT CHARSET=utf8 COLLATE=utf8_unicode_ci;

-- ----------------------------
--  Table structure for `dismission`
-- ----------------------------
DROP TABLE IF EXISTS `dismission`;
CREATE TABLE `dismission` (
  `id` varchar(255) COLLATE utf8_unicode_ci NOT NULL,
  `applicationDate` datetime DEFAULT NULL,
  `leaveDate` datetime DEFAULT NULL,
  `stopPayDate` datetime DEFAULT NULL,
  `staffName` varchar(255) COLLATE utf8_unicode_ci DEFAULT NULL,
  `flowStatus` enum('ToSubmit','ToFDApprove','FDApproved','Dismissed','FDRefused','Abandoned') COLLATE utf8_unicode_ci NOT NULL,
  `outLogOldStatus` enum('Open','Recruiting','Closed','TransferringIn','TransferredIn','TransferringOut','TransferredOut','Leaving','Left') COLLATE utf8_unicode_ci NOT NULL,
  `status` int(11) DEFAULT '1',
  `remark` varchar(255) COLLATE utf8_unicode_ci DEFAULT NULL,
  `createdAt` datetime NOT NULL,
  `updatedAt` datetime NOT NULL,
  `staffId` char(36) CHARACTER SET utf8 COLLATE utf8_bin NOT NULL,
  `positionLogId` char(36) CHARACTER SET utf8 COLLATE utf8_bin NOT NULL,
  `createdUsr` varchar(255) COLLATE utf8_unicode_ci DEFAULT NULL,
  `updatedUsr` varchar(255) COLLATE utf8_unicode_ci DEFAULT NULL,
  PRIMARY KEY (`id`),
  KEY `staffId` (`staffId`),
  KEY `positionLogId` (`positionLogId`),
  KEY `createdUsr` (`createdUsr`),
  KEY `updatedUsr` (`updatedUsr`),
  KEY `dismission_flow_status` (`flowStatus`) USING BTREE,
  KEY `dismission_status` (`status`) USING BTREE,
  CONSTRAINT `dismission_ibfk_1` FOREIGN KEY (`staffId`) REFERENCES `staff` (`id`) ON DELETE NO ACTION ON UPDATE CASCADE,
  CONSTRAINT `dismission_ibfk_2` FOREIGN KEY (`positionLogId`) REFERENCES `positionLog` (`id`) ON DELETE NO ACTION ON UPDATE CASCADE,
  CONSTRAINT `dismission_ibfk_3` FOREIGN KEY (`createdUsr`) REFERENCES `account` (`id`) ON DELETE SET NULL ON UPDATE CASCADE,
  CONSTRAINT `dismission_ibfk_4` FOREIGN KEY (`updatedUsr`) REFERENCES `account` (`id`) ON DELETE SET NULL ON UPDATE CASCADE
) ENGINE=InnoDB DEFAULT CHARSET=utf8 COLLATE=utf8_unicode_ci;

-- ----------------------------
--  Table structure for `estimateSalary`
-- ----------------------------
DROP TABLE IF EXISTS `estimateSalary`;
CREATE TABLE `estimateSalary` (
  `id` char(36) CHARACTER SET utf8 COLLATE utf8_bin NOT NULL,
  `month` varchar(255) COLLATE utf8_unicode_ci NOT NULL,
  `taxType` enum('PreTax','AfterTax') COLLATE utf8_unicode_ci DEFAULT NULL,
  `accountType` enum('PersonalAccount','CompanyAcct3%','CompanyAcct6%','CompanyAcct17%','OverseaAcct') COLLATE utf8_unicode_ci DEFAULT NULL,
  `basicSalary` int(11) DEFAULT '0',
  `workdays` int(11) DEFAULT '0',
  `net` int(11) DEFAULT '0',
  `gross` int(11) DEFAULT '0',
  `status` int(11) DEFAULT '1',
  `remark` varchar(255) COLLATE utf8_unicode_ci DEFAULT NULL,
  `createdAt` datetime NOT NULL,
  `updatedAt` datetime NOT NULL,
  `staffId` char(36) CHARACTER SET utf8 COLLATE utf8_bin NOT NULL,
  `freelancerContractId` char(36) CHARACTER SET utf8 COLLATE utf8_bin NOT NULL,
  `currencyId` varchar(255) COLLATE utf8_unicode_ci NOT NULL,
  `salaryTypeId` varchar(255) COLLATE utf8_unicode_ci NOT NULL,
  `createdUsr` varchar(255) COLLATE utf8_unicode_ci DEFAULT NULL,
  `updatedUsr` varchar(255) COLLATE utf8_unicode_ci DEFAULT NULL,
  PRIMARY KEY (`id`),
  KEY `staffId` (`staffId`),
  KEY `freelancerContractId` (`freelancerContractId`),
  KEY `currencyId` (`currencyId`),
  KEY `salaryTypeId` (`salaryTypeId`),
  KEY `createdUsr` (`createdUsr`),
  KEY `updatedUsr` (`updatedUsr`),
  KEY `estimate_salary_status` (`status`) USING BTREE,
  CONSTRAINT `estimatesalary_ibfk_1` FOREIGN KEY (`staffId`) REFERENCES `staff` (`id`) ON DELETE NO ACTION ON UPDATE CASCADE,
  CONSTRAINT `estimatesalary_ibfk_2` FOREIGN KEY (`freelancerContractId`) REFERENCES `freelancerContract` (`id`) ON DELETE NO ACTION ON UPDATE CASCADE,
  CONSTRAINT `estimatesalary_ibfk_3` FOREIGN KEY (`currencyId`) REFERENCES `currency` (`id`) ON DELETE NO ACTION ON UPDATE CASCADE,
  CONSTRAINT `estimatesalary_ibfk_4` FOREIGN KEY (`salaryTypeId`) REFERENCES `salaryType` (`id`) ON DELETE NO ACTION ON UPDATE CASCADE,
  CONSTRAINT `estimatesalary_ibfk_5` FOREIGN KEY (`createdUsr`) REFERENCES `account` (`id`) ON DELETE SET NULL ON UPDATE CASCADE,
  CONSTRAINT `estimatesalary_ibfk_6` FOREIGN KEY (`updatedUsr`) REFERENCES `account` (`id`) ON DELETE SET NULL ON UPDATE CASCADE
) ENGINE=InnoDB DEFAULT CHARSET=utf8 COLLATE=utf8_unicode_ci;

-- ----------------------------
--  Table structure for `extension`
-- ----------------------------
DROP TABLE IF EXISTS `extension`;
CREATE TABLE `extension` (
  `id` varchar(255) COLLATE utf8_unicode_ci NOT NULL,
  `entryDate` datetime DEFAULT NULL,
  `leaveDate` datetime DEFAULT NULL,
  `staffName` varchar(255) COLLATE utf8_unicode_ci DEFAULT NULL,
  `basicInfo` json DEFAULT NULL,
  `freelancerEstimateSalaries` json DEFAULT NULL,
  `freelancerCostDistributions` json DEFAULT NULL,
  `amount` int(11) DEFAULT NULL,
  `flowStatus` enum('ToSubmit','ToFDApprove','FDApproved','Extended','FDRefused','Abandoned') COLLATE utf8_unicode_ci NOT NULL,
  `status` int(11) DEFAULT '1',
  `remark` varchar(255) COLLATE utf8_unicode_ci DEFAULT NULL,
  `createdAt` datetime NOT NULL,
  `updatedAt` datetime NOT NULL,
  `staffId` char(36) CHARACTER SET utf8 COLLATE utf8_bin DEFAULT NULL,
  `freelancerContractId` char(36) CHARACTER SET utf8 COLLATE utf8_bin DEFAULT NULL,
  `createdUsr` varchar(255) COLLATE utf8_unicode_ci DEFAULT NULL,
  `updatedUsr` varchar(255) COLLATE utf8_unicode_ci DEFAULT NULL,
  PRIMARY KEY (`id`),
  KEY `staffId` (`staffId`),
  KEY `freelancerContractId` (`freelancerContractId`),
  KEY `createdUsr` (`createdUsr`),
  KEY `updatedUsr` (`updatedUsr`),
  KEY `extension_flow_status` (`flowStatus`) USING BTREE,
  KEY `extension_status` (`status`) USING BTREE,
  CONSTRAINT `extension_ibfk_1` FOREIGN KEY (`staffId`) REFERENCES `staff` (`id`) ON DELETE SET NULL ON UPDATE CASCADE,
  CONSTRAINT `extension_ibfk_2` FOREIGN KEY (`freelancerContractId`) REFERENCES `freelancerContract` (`id`) ON DELETE SET NULL ON UPDATE CASCADE,
  CONSTRAINT `extension_ibfk_3` FOREIGN KEY (`createdUsr`) REFERENCES `account` (`id`) ON DELETE SET NULL ON UPDATE CASCADE,
  CONSTRAINT `extension_ibfk_4` FOREIGN KEY (`updatedUsr`) REFERENCES `account` (`id`) ON DELETE SET NULL ON UPDATE CASCADE
) ENGINE=InnoDB DEFAULT CHARSET=utf8 COLLATE=utf8_unicode_ci;

-- ----------------------------
--  Table structure for `flowLog`
-- ----------------------------
DROP TABLE IF EXISTS `flowLog`;
CREATE TABLE `flowLog` (
  `id` char(36) CHARACTER SET utf8 COLLATE utf8_bin NOT NULL,
  `type` enum('sow','recruit','transfer','dismission','extension','project') COLLATE utf8_unicode_ci NOT NULL,
  `handle` enum('create','submit','fdRefuse','fdApprove','clientRefuse','clientApprove','collectPO','entry','transfer','dismiss','extend','collectJD','interview','identifyCandidate','negotiatePackage','approve','refuse','offer','receiveOffer','onboard','abandon','backToInterviewing','complete','disable') COLLATE utf8_unicode_ci NOT NULL,
  `nextHandleStatus` enum('toHandle','handled') COLLATE utf8_unicode_ci DEFAULT 'toHandle',
  `remark` varchar(255) COLLATE utf8_unicode_ci DEFAULT NULL,
  `status` int(11) DEFAULT '1',
  `createdAt` datetime NOT NULL,
  `updatedAt` datetime NOT NULL,
  `commonId` char(36) CHARACTER SET utf8 COLLATE utf8_bin DEFAULT NULL,
  `handler` varchar(255) COLLATE utf8_unicode_ci NOT NULL,
  `nextHandleUsr` varchar(255) COLLATE utf8_unicode_ci DEFAULT NULL,
  `nextHandleRole` varchar(255) COLLATE utf8_unicode_ci DEFAULT NULL,
  `createdUsr` varchar(255) COLLATE utf8_unicode_ci DEFAULT NULL,
  `updatedUsr` varchar(255) COLLATE utf8_unicode_ci DEFAULT NULL,
  PRIMARY KEY (`id`),
  KEY `handler` (`handler`),
  KEY `nextHandleUsr` (`nextHandleUsr`),
  KEY `nextHandleRole` (`nextHandleRole`),
  KEY `createdUsr` (`createdUsr`),
  KEY `updatedUsr` (`updatedUsr`),
  KEY `flow_log_next_handle_status` (`nextHandleStatus`) USING BTREE,
  KEY `flow_log_status` (`status`) USING BTREE,
  CONSTRAINT `flowlog_ibfk_1` FOREIGN KEY (`handler`) REFERENCES `account` (`id`) ON DELETE NO ACTION ON UPDATE CASCADE,
  CONSTRAINT `flowlog_ibfk_2` FOREIGN KEY (`nextHandleUsr`) REFERENCES `account` (`id`) ON DELETE SET NULL ON UPDATE CASCADE,
  CONSTRAINT `flowlog_ibfk_3` FOREIGN KEY (`nextHandleRole`) REFERENCES `role` (`id`) ON DELETE SET NULL ON UPDATE CASCADE,
  CONSTRAINT `flowlog_ibfk_4` FOREIGN KEY (`createdUsr`) REFERENCES `account` (`id`) ON DELETE SET NULL ON UPDATE CASCADE,
  CONSTRAINT `flowlog_ibfk_5` FOREIGN KEY (`updatedUsr`) REFERENCES `account` (`id`) ON DELETE SET NULL ON UPDATE CASCADE
) ENGINE=InnoDB DEFAULT CHARSET=utf8 COLLATE=utf8_unicode_ci;

-- ----------------------------
--  Table structure for `fordFunction`
-- ----------------------------
DROP TABLE IF EXISTS `fordFunction`;
CREATE TABLE `fordFunction` (
  `id` varchar(255) COLLATE utf8_unicode_ci NOT NULL,
  `status` int(11) DEFAULT '1',
  `remark` varchar(255) COLLATE utf8_unicode_ci DEFAULT NULL,
  `createdAt` datetime NOT NULL,
  `updatedAt` datetime NOT NULL,
  `createdUsr` varchar(255) COLLATE utf8_unicode_ci DEFAULT NULL,
  `updatedUsr` varchar(255) COLLATE utf8_unicode_ci DEFAULT NULL,
  PRIMARY KEY (`id`),
  KEY `createdUsr` (`createdUsr`),
  KEY `updatedUsr` (`updatedUsr`),
  KEY `ford_function_status` (`status`) USING BTREE,
  CONSTRAINT `fordfunction_ibfk_1` FOREIGN KEY (`createdUsr`) REFERENCES `account` (`id`) ON DELETE SET NULL ON UPDATE CASCADE,
  CONSTRAINT `fordfunction_ibfk_2` FOREIGN KEY (`updatedUsr`) REFERENCES `account` (`id`) ON DELETE SET NULL ON UPDATE CASCADE
) ENGINE=InnoDB DEFAULT CHARSET=utf8 COLLATE=utf8_unicode_ci;

-- ----------------------------
--  Records of `fordFunction`
-- ----------------------------
BEGIN;
INSERT INTO `fordFunction` VALUES ('Analytics', '1', null, '2018-05-29 07:20:14', '2018-05-29 07:20:14', null, null), ('Client Services', '1', null, '2018-05-29 07:20:14', '2018-05-29 07:20:14', null, null), ('Creative', '1', null, '2018-05-29 07:20:14', '2018-05-29 07:20:14', null, null), ('Functional Ops', '1', null, '2018-05-29 07:20:14', '2018-05-29 07:20:14', null, null), ('Media', '1', null, '2018-05-29 07:20:14', '2018-05-29 07:20:14', null, null), ('Platform', '1', null, '2018-05-29 07:20:14', '2018-05-29 07:20:14', null, null), ('Production', '1', null, '2018-05-29 07:20:14', '2018-05-29 07:20:14', null, null), ('Strategy', '1', null, '2018-05-29 07:20:14', '2018-05-29 07:20:14', null, null), ('Strategy Planning', '1', null, '2018-05-29 07:20:14', '2018-05-29 07:20:14', null, null), ('Support', '1', null, '2018-05-29 07:20:14', '2018-05-29 07:20:14', null, null), ('Technology', '1', null, '2018-05-29 07:20:14', '2018-05-29 07:20:14', null, null);
COMMIT;

-- ----------------------------
--  Table structure for `freelancerContract`
-- ----------------------------
DROP TABLE IF EXISTS `freelancerContract`;
CREATE TABLE `freelancerContract` (
  `id` char(36) CHARACTER SET utf8 COLLATE utf8_bin NOT NULL,
  `entryDate` datetime NOT NULL,
  `leaveDate` datetime NOT NULL,
  `amount` int(11) NOT NULL,
  `status` int(11) DEFAULT '1',
  `remark` varchar(255) COLLATE utf8_unicode_ci DEFAULT NULL,
  `createdAt` datetime NOT NULL,
  `updatedAt` datetime NOT NULL,
  `staffId` char(36) CHARACTER SET utf8 COLLATE utf8_bin NOT NULL,
  `currencyId` varchar(255) COLLATE utf8_unicode_ci NOT NULL,
  `createdUsr` varchar(255) COLLATE utf8_unicode_ci DEFAULT NULL,
  `updatedUsr` varchar(255) COLLATE utf8_unicode_ci DEFAULT NULL,
  PRIMARY KEY (`id`),
  KEY `staffId` (`staffId`),
  KEY `currencyId` (`currencyId`),
  KEY `createdUsr` (`createdUsr`),
  KEY `updatedUsr` (`updatedUsr`),
  KEY `freelancer_contract_status` (`status`) USING BTREE,
  CONSTRAINT `freelancercontract_ibfk_1` FOREIGN KEY (`staffId`) REFERENCES `staff` (`id`) ON DELETE NO ACTION ON UPDATE CASCADE,
  CONSTRAINT `freelancercontract_ibfk_2` FOREIGN KEY (`currencyId`) REFERENCES `currency` (`id`) ON DELETE NO ACTION ON UPDATE CASCADE,
  CONSTRAINT `freelancercontract_ibfk_3` FOREIGN KEY (`createdUsr`) REFERENCES `account` (`id`) ON DELETE SET NULL ON UPDATE CASCADE,
  CONSTRAINT `freelancercontract_ibfk_4` FOREIGN KEY (`updatedUsr`) REFERENCES `account` (`id`) ON DELETE SET NULL ON UPDATE CASCADE
) ENGINE=InnoDB DEFAULT CHARSET=utf8 COLLATE=utf8_unicode_ci;

-- ----------------------------
--  Table structure for `grant`
-- ----------------------------
DROP TABLE IF EXISTS `grant`;
CREATE TABLE `grant` (
  `id` char(36) CHARACTER SET utf8 COLLATE utf8_bin NOT NULL,
  `status` int(11) DEFAULT '1',
  `createdAt` datetime NOT NULL,
  `updatedAt` datetime NOT NULL,
  `seniorRole` varchar(255) COLLATE utf8_unicode_ci NOT NULL,
  `juniorRole` varchar(255) COLLATE utf8_unicode_ci DEFAULT NULL,
  `permissionId` varchar(255) COLLATE utf8_unicode_ci DEFAULT NULL,
  PRIMARY KEY (`id`),
  KEY `seniorRole` (`seniorRole`),
  KEY `juniorRole` (`juniorRole`),
  KEY `permissionId` (`permissionId`),
  KEY `grant_status` (`status`) USING BTREE,
  CONSTRAINT `grant_ibfk_1` FOREIGN KEY (`seniorRole`) REFERENCES `role` (`id`) ON DELETE NO ACTION ON UPDATE CASCADE,
  CONSTRAINT `grant_ibfk_2` FOREIGN KEY (`juniorRole`) REFERENCES `role` (`id`) ON DELETE SET NULL ON UPDATE CASCADE,
  CONSTRAINT `grant_ibfk_3` FOREIGN KEY (`permissionId`) REFERENCES `permission` (`id`) ON DELETE SET NULL ON UPDATE CASCADE
) ENGINE=InnoDB DEFAULT CHARSET=utf8 COLLATE=utf8_unicode_ci;

-- ----------------------------
--  Records of `grant`
-- ----------------------------
BEGIN;
INSERT INTO `grant` VALUES ('bac35470-6310-11e8-aaf5-0f254a0c7eae', '1', '2018-05-29 07:20:13', '2018-05-29 07:20:13', 'financeManager', null, 'read_sow'), ('bac35471-6310-11e8-aaf5-0f254a0c7eae', '1', '2018-05-29 07:20:13', '2018-05-29 07:20:13', 'financeDirector', null, 'read_sow'), ('bac35472-6310-11e8-aaf5-0f254a0c7eae', '1', '2018-05-29 07:20:13', '2018-05-29 07:20:13', 'financeManager', null, 'create_sow'), ('bac35473-6310-11e8-aaf5-0f254a0c7eae', '1', '2018-05-29 07:20:13', '2018-05-29 07:20:13', 'financeDirector', null, 'create_sow'), ('bac35474-6310-11e8-aaf5-0f254a0c7eae', '1', '2018-05-29 07:20:13', '2018-05-29 07:20:13', 'financeManager', null, 'copy_sow'), ('bac35475-6310-11e8-aaf5-0f254a0c7eae', '1', '2018-05-29 07:20:13', '2018-05-29 07:20:13', 'financeDirector', null, 'copy_sow'), ('bac35476-6310-11e8-aaf5-0f254a0c7eae', '1', '2018-05-29 07:20:13', '2018-05-29 07:20:13', 'financeManager', null, 'start_sow'), ('bac35477-6310-11e8-aaf5-0f254a0c7eae', '1', '2018-05-29 07:20:13', '2018-05-29 07:20:13', 'financeDirector', null, 'start_sow'), ('bac35478-6310-11e8-aaf5-0f254a0c7eae', '1', '2018-05-29 07:20:13', '2018-05-29 07:20:13', 'financeManager', null, 'update_passThrough'), ('bac35479-6310-11e8-aaf5-0f254a0c7eae', '1', '2018-05-29 07:20:13', '2018-05-29 07:20:13', 'financeDirector', null, 'update_passThrough'), ('bac3547a-6310-11e8-aaf5-0f254a0c7eae', '1', '2018-05-29 07:20:13', '2018-05-29 07:20:13', 'financeManager', null, 'read_clientPo'), ('bac3547b-6310-11e8-aaf5-0f254a0c7eae', '1', '2018-05-29 07:20:13', '2018-05-29 07:20:13', 'financeDirector', null, 'read_clientPo'), ('bac3547c-6310-11e8-aaf5-0f254a0c7eae', '1', '2018-05-29 07:20:13', '2018-05-29 07:20:13', 'financeManager', null, 'update_clientPo'), ('bac3547d-6310-11e8-aaf5-0f254a0c7eae', '1', '2018-05-29 07:20:13', '2018-05-29 07:20:13', 'financeDirector', null, 'update_clientPo'), ('bac37b80-6310-11e8-aaf5-0f254a0c7eae', '1', '2018-05-29 07:20:13', '2018-05-29 07:20:13', 'financeManager', null, 'submit_sow'), ('bac37b81-6310-11e8-aaf5-0f254a0c7eae', '1', '2018-05-29 07:20:13', '2018-05-29 07:20:13', 'financeDirector', null, 'fdApprove_sow'), ('bac37b82-6310-11e8-aaf5-0f254a0c7eae', '1', '2018-05-29 07:20:13', '2018-05-29 07:20:13', 'financeDirector', null, 'fdRefuse_sow'), ('bac37b83-6310-11e8-aaf5-0f254a0c7eae', '1', '2018-05-29 07:20:13', '2018-05-29 07:20:13', 'financeDirector', null, 'clientApprove_sow'), ('bac37b84-6310-11e8-aaf5-0f254a0c7eae', '1', '2018-05-29 07:20:13', '2018-05-29 07:20:13', 'financeDirector', null, 'clientRefuse_sow'), ('bac37b85-6310-11e8-aaf5-0f254a0c7eae', '1', '2018-05-29 07:20:13', '2018-05-29 07:20:13', 'financeManager', null, 'collectPO_sow'), ('bac37b86-6310-11e8-aaf5-0f254a0c7eae', '1', '2018-05-29 07:20:13', '2018-05-29 07:20:13', 'financeManager', null, 'read_position'), ('bac37b87-6310-11e8-aaf5-0f254a0c7eae', '1', '2018-05-29 07:20:13', '2018-05-29 07:20:13', 'financeDirector', null, 'read_position'), ('bac37b88-6310-11e8-aaf5-0f254a0c7eae', '1', '2018-05-29 07:20:13', '2018-05-29 07:20:13', 'financeManager', null, 'create_position'), ('bac37b89-6310-11e8-aaf5-0f254a0c7eae', '1', '2018-05-29 07:20:13', '2018-05-29 07:20:13', 'financeDirector', null, 'create_position'), ('bac37b8a-6310-11e8-aaf5-0f254a0c7eae', '1', '2018-05-29 07:20:13', '2018-05-29 07:20:13', 'financeManager', null, 'create_sowPosition'), ('bac37b8b-6310-11e8-aaf5-0f254a0c7eae', '1', '2018-05-29 07:20:13', '2018-05-29 07:20:13', 'financeDirector', null, 'create_sowPosition'), ('bac37b8c-6310-11e8-aaf5-0f254a0c7eae', '1', '2018-05-29 07:20:13', '2018-05-29 07:20:13', 'financeManager', null, 'read_project'), ('bac37b8d-6310-11e8-aaf5-0f254a0c7eae', '1', '2018-05-29 07:20:13', '2018-05-29 07:20:13', 'financeDirector', null, 'read_project'), ('bac37b8e-6310-11e8-aaf5-0f254a0c7eae', '1', '2018-05-29 07:20:13', '2018-05-29 07:20:13', 'financeManager', null, 'create_project'), ('bac37b8f-6310-11e8-aaf5-0f254a0c7eae', '1', '2018-05-29 07:20:13', '2018-05-29 07:20:13', 'financeDirector', null, 'create_project'), ('bac37b90-6310-11e8-aaf5-0f254a0c7eae', '1', '2018-05-29 07:20:13', '2018-05-29 07:20:13', 'financeManager', null, 'update_project'), ('bac37b91-6310-11e8-aaf5-0f254a0c7eae', '1', '2018-05-29 07:20:13', '2018-05-29 07:20:13', 'financeDirector', null, 'update_project'), ('bac37b92-6310-11e8-aaf5-0f254a0c7eae', '1', '2018-05-29 07:20:13', '2018-05-29 07:20:13', 'financeManager', null, 'copy_project'), ('bac37b93-6310-11e8-aaf5-0f254a0c7eae', '1', '2018-05-29 07:20:13', '2018-05-29 07:20:13', 'financeDirector', null, 'copy_project'), ('bac37b94-6310-11e8-aaf5-0f254a0c7eae', '1', '2018-05-29 07:20:13', '2018-05-29 07:20:13', 'financeManager', null, 'submit_project'), ('bac37b95-6310-11e8-aaf5-0f254a0c7eae', '1', '2018-05-29 07:20:13', '2018-05-29 07:20:13', 'financeDirector', null, 'fdApprove_project'), ('bac37b96-6310-11e8-aaf5-0f254a0c7eae', '1', '2018-05-29 07:20:13', '2018-05-29 07:20:13', 'financeDirector', null, 'fdRefuse_project'), ('bac37b97-6310-11e8-aaf5-0f254a0c7eae', '1', '2018-05-29 07:20:13', '2018-05-29 07:20:13', 'financeManager', null, 'collectPO_project'), ('bac37b98-6310-11e8-aaf5-0f254a0c7eae', '1', '2018-05-29 07:20:13', '2018-05-29 07:20:13', 'financeDirector', null, 'collectPO_project'), ('bac37b99-6310-11e8-aaf5-0f254a0c7eae', '1', '2018-05-29 07:20:13', '2018-05-29 07:20:13', 'financeManager', null, 'complete_project'), ('bac37b9a-6310-11e8-aaf5-0f254a0c7eae', '1', '2018-05-29 07:20:13', '2018-05-29 07:20:13', 'financeDirector', null, 'complete_project'), ('bac37b9b-6310-11e8-aaf5-0f254a0c7eae', '1', '2018-05-29 07:20:13', '2018-05-29 07:20:13', 'financeManager', null, 'abandon_project'), ('bac37b9c-6310-11e8-aaf5-0f254a0c7eae', '1', '2018-05-29 07:20:13', '2018-05-29 07:20:13', 'financeDirector', null, 'abandon_project'), ('bac37b9d-6310-11e8-aaf5-0f254a0c7eae', '1', '2018-05-29 07:20:13', '2018-05-29 07:20:13', 'financeManager', null, 'read_production'), ('bac37b9e-6310-11e8-aaf5-0f254a0c7eae', '1', '2018-05-29 07:20:13', '2018-05-29 07:20:13', 'financeDirector', null, 'read_production'), ('bac37b9f-6310-11e8-aaf5-0f254a0c7eae', '1', '2018-05-29 07:20:13', '2018-05-29 07:20:13', 'financeManager', null, 'create_production'), ('bac37ba0-6310-11e8-aaf5-0f254a0c7eae', '1', '2018-05-29 07:20:13', '2018-05-29 07:20:13', 'financeDirector', null, 'create_production'), ('bac37ba1-6310-11e8-aaf5-0f254a0c7eae', '1', '2018-05-29 07:20:13', '2018-05-29 07:20:13', 'financeDirector', null, 'update_production'), ('bac37ba2-6310-11e8-aaf5-0f254a0c7eae', '1', '2018-05-29 07:20:13', '2018-05-29 07:20:13', 'financeManager', null, 'complete_production'), ('bac37ba3-6310-11e8-aaf5-0f254a0c7eae', '1', '2018-05-29 07:20:13', '2018-05-29 07:20:13', 'financeDirector', null, 'complete_production'), ('bac37ba4-6310-11e8-aaf5-0f254a0c7eae', '1', '2018-05-29 07:20:13', '2018-05-29 07:20:13', 'financeManager', null, 'read_staff'), ('bac37ba5-6310-11e8-aaf5-0f254a0c7eae', '1', '2018-05-29 07:20:13', '2018-05-29 07:20:13', 'financeDirector', null, 'read_staff'), ('bac37ba6-6310-11e8-aaf5-0f254a0c7eae', '1', '2018-05-29 07:20:13', '2018-05-29 07:20:13', 'hr', null, 'read_staff'), ('bac37ba7-6310-11e8-aaf5-0f254a0c7eae', '1', '2018-05-29 07:20:13', '2018-05-29 07:20:13', 'hr', null, 'update_staff'), ('bac37ba8-6310-11e8-aaf5-0f254a0c7eae', '1', '2018-05-29 07:20:13', '2018-05-29 07:20:13', 'financeManager', null, 'read_increaseLog'), ('bac37ba9-6310-11e8-aaf5-0f254a0c7eae', '1', '2018-05-29 07:20:13', '2018-05-29 07:20:13', 'financeDirector', null, 'read_increaseLog'), ('bac37baa-6310-11e8-aaf5-0f254a0c7eae', '1', '2018-05-29 07:20:13', '2018-05-29 07:20:13', 'hr', null, 'read_increaseLog'), ('bac37bab-6310-11e8-aaf5-0f254a0c7eae', '1', '2018-05-29 07:20:13', '2018-05-29 07:20:13', 'financeManager', null, 'create_increasePool'), ('bac37bac-6310-11e8-aaf5-0f254a0c7eae', '1', '2018-05-29 07:20:13', '2018-05-29 07:20:13', 'financeDirector', null, 'create_increasePool'), ('bac37bad-6310-11e8-aaf5-0f254a0c7eae', '1', '2018-05-29 07:20:13', '2018-05-29 07:20:13', 'hr', null, 'create_increaseLog'), ('bac37bae-6310-11e8-aaf5-0f254a0c7eae', '1', '2018-05-29 07:20:13', '2018-05-29 07:20:13', 'financeManager', null, 'read_salaryRecord'), ('bac37baf-6310-11e8-aaf5-0f254a0c7eae', '1', '2018-05-29 07:20:13', '2018-05-29 07:20:13', 'financeDirector', null, 'read_salaryRecord'), ('bac37bb0-6310-11e8-aaf5-0f254a0c7eae', '1', '2018-05-29 07:20:13', '2018-05-29 07:20:13', 'hr', null, 'read_salaryRecord'), ('bac37bb1-6310-11e8-aaf5-0f254a0c7eae', '1', '2018-05-29 07:20:13', '2018-05-29 07:20:13', 'hr', null, 'import_salaryRecord'), ('bac37bb2-6310-11e8-aaf5-0f254a0c7eae', '1', '2018-05-29 07:20:13', '2018-05-29 07:20:13', 'hr', null, 'create_costDistribution'), ('bac37bb3-6310-11e8-aaf5-0f254a0c7eae', '1', '2018-05-29 07:20:13', '2018-05-29 07:20:13', 'financeManager', null, 'read_basicInfo'), ('bac37bb4-6310-11e8-aaf5-0f254a0c7eae', '1', '2018-05-29 07:20:13', '2018-05-29 07:20:13', 'financeDirector', null, 'read_basicInfo'), ('bac37bb5-6310-11e8-aaf5-0f254a0c7eae', '1', '2018-05-29 07:20:13', '2018-05-29 07:20:13', 'financeManager', null, 'read_positionLog'), ('bac37bb6-6310-11e8-aaf5-0f254a0c7eae', '1', '2018-05-29 07:20:13', '2018-05-29 07:20:13', 'financeDirector', null, 'read_positionLog'), ('bac37bb7-6310-11e8-aaf5-0f254a0c7eae', '1', '2018-05-29 07:20:13', '2018-05-29 07:20:13', 'hr', null, 'read_positionLog'), ('bac37bb8-6310-11e8-aaf5-0f254a0c7eae', '1', '2018-05-29 07:20:13', '2018-05-29 07:20:13', 'hr', null, 'create_recruit'), ('bac37bb9-6310-11e8-aaf5-0f254a0c7eae', '1', '2018-05-29 07:20:13', '2018-05-29 07:20:13', 'hr', null, 'create_transfer'), ('bac37bba-6310-11e8-aaf5-0f254a0c7eae', '1', '2018-05-29 07:20:13', '2018-05-29 07:20:13', 'hr', null, 'create_dismission'), ('bac37bbb-6310-11e8-aaf5-0f254a0c7eae', '1', '2018-05-29 07:20:13', '2018-05-29 07:20:13', 'financeManager', null, 'read_freelancer'), ('bac37bbc-6310-11e8-aaf5-0f254a0c7eae', '1', '2018-05-29 07:20:13', '2018-05-29 07:20:13', 'financeDirector', null, 'read_freelancer'), ('bac37bbd-6310-11e8-aaf5-0f254a0c7eae', '1', '2018-05-29 07:20:13', '2018-05-29 07:20:13', 'hr', null, 'read_freelancer'), ('bac37bbe-6310-11e8-aaf5-0f254a0c7eae', '1', '2018-05-29 07:20:13', '2018-05-29 07:20:13', 'hr', null, 'dismiss_freelancer'), ('bac37bbf-6310-11e8-aaf5-0f254a0c7eae', '1', '2018-05-29 07:20:13', '2018-05-29 07:20:13', 'hr', null, 'create_recruitFreelancer'), ('bac37bc0-6310-11e8-aaf5-0f254a0c7eae', '1', '2018-05-29 07:20:13', '2018-05-29 07:20:13', 'hr', null, 'create_extension'), ('bac37bc1-6310-11e8-aaf5-0f254a0c7eae', '1', '2018-05-29 07:20:13', '2018-05-29 07:20:13', 'financeManager', null, 'read_recruit'), ('bac37bc2-6310-11e8-aaf5-0f254a0c7eae', '1', '2018-05-29 07:20:13', '2018-05-29 07:20:13', 'financeDirector', null, 'read_recruit'), ('bac37bc3-6310-11e8-aaf5-0f254a0c7eae', '1', '2018-05-29 07:20:13', '2018-05-29 07:20:13', 'hr', null, 'read_recruit'), ('bac3a290-6310-11e8-aaf5-0f254a0c7eae', '1', '2018-05-29 07:20:13', '2018-05-29 07:20:13', 'hr', null, 'update_recruit'), ('bac3a291-6310-11e8-aaf5-0f254a0c7eae', '1', '2018-05-29 07:20:13', '2018-05-29 07:20:13', 'hr', null, 'collectJD_recruit'), ('bac3a292-6310-11e8-aaf5-0f254a0c7eae', '1', '2018-05-29 07:20:13', '2018-05-29 07:20:13', 'hr', null, 'interview_recruit'), ('bac3a293-6310-11e8-aaf5-0f254a0c7eae', '1', '2018-05-29 07:20:13', '2018-05-29 07:20:13', 'hr', null, 'identifyCandidate_recruit'), ('bac3a294-6310-11e8-aaf5-0f254a0c7eae', '1', '2018-05-29 07:20:13', '2018-05-29 07:20:13', 'hr', null, 'negotiatePackage_recruit'), ('bac3a295-6310-11e8-aaf5-0f254a0c7eae', '1', '2018-05-29 07:20:13', '2018-05-29 07:20:13', 'hr', null, 'submit_recruit'), ('bac3a296-6310-11e8-aaf5-0f254a0c7eae', '1', '2018-05-29 07:20:13', '2018-05-29 07:20:13', 'financeDirector', null, 'approve_recruit'), ('bac3a297-6310-11e8-aaf5-0f254a0c7eae', '1', '2018-05-29 07:20:13', '2018-05-29 07:20:13', 'financeDirector', null, 'refuse_recruit'), ('bac3a298-6310-11e8-aaf5-0f254a0c7eae', '1', '2018-05-29 07:20:13', '2018-05-29 07:20:13', 'hr', null, 'offer_recruit'), ('bac3a299-6310-11e8-aaf5-0f254a0c7eae', '1', '2018-05-29 07:20:13', '2018-05-29 07:20:13', 'hr', null, 'receiveOffer_recruit'), ('bac3a29a-6310-11e8-aaf5-0f254a0c7eae', '1', '2018-05-29 07:20:13', '2018-05-29 07:20:13', 'hr', null, 'onboard_recruit'), ('bac3a29b-6310-11e8-aaf5-0f254a0c7eae', '1', '2018-05-29 07:20:13', '2018-05-29 07:20:13', 'hr', null, 'abandon_recruit'), ('bac3a29c-6310-11e8-aaf5-0f254a0c7eae', '1', '2018-05-29 07:20:13', '2018-05-29 07:20:13', 'financeManager', null, 'read_transfer'), ('bac3a29d-6310-11e8-aaf5-0f254a0c7eae', '1', '2018-05-29 07:20:13', '2018-05-29 07:20:13', 'financeDirector', null, 'read_transfer'), ('bac3a29e-6310-11e8-aaf5-0f254a0c7eae', '1', '2018-05-29 07:20:13', '2018-05-29 07:20:13', 'hr', null, 'read_transfer'), ('bac3a29f-6310-11e8-aaf5-0f254a0c7eae', '1', '2018-05-29 07:20:13', '2018-05-29 07:20:13', 'hr', null, 'update_transfer'), ('bac3a2a0-6310-11e8-aaf5-0f254a0c7eae', '1', '2018-05-29 07:20:13', '2018-05-29 07:20:13', 'hr', null, 'submit_transfer'), ('bac3a2a1-6310-11e8-aaf5-0f254a0c7eae', '1', '2018-05-29 07:20:13', '2018-05-29 07:20:13', 'financeDirector', null, 'fdApprove_transfer'), ('bac3a2a2-6310-11e8-aaf5-0f254a0c7eae', '1', '2018-05-29 07:20:13', '2018-05-29 07:20:13', 'financeDirector', null, 'fdRefuse_transfer'), ('bac3a2a3-6310-11e8-aaf5-0f254a0c7eae', '1', '2018-05-29 07:20:13', '2018-05-29 07:20:13', 'hr', null, 'transfer_transfer'), ('bac3a2a4-6310-11e8-aaf5-0f254a0c7eae', '1', '2018-05-29 07:20:13', '2018-05-29 07:20:13', 'hr', null, 'abandon_transfer'), ('bac3a2a5-6310-11e8-aaf5-0f254a0c7eae', '1', '2018-05-29 07:20:13', '2018-05-29 07:20:13', 'financeManager', null, 'read_dismission'), ('bac3a2a6-6310-11e8-aaf5-0f254a0c7eae', '1', '2018-05-29 07:20:13', '2018-05-29 07:20:13', 'financeDirector', null, 'read_dismission'), ('bac3a2a7-6310-11e8-aaf5-0f254a0c7eae', '1', '2018-05-29 07:20:13', '2018-05-29 07:20:13', 'hr', null, 'read_dismission'), ('bac3a2a8-6310-11e8-aaf5-0f254a0c7eae', '1', '2018-05-29 07:20:13', '2018-05-29 07:20:13', 'financeManager', null, 'update_dismission'), ('bac3a2a9-6310-11e8-aaf5-0f254a0c7eae', '1', '2018-05-29 07:20:13', '2018-05-29 07:20:13', 'financeDirector', null, 'update_dismission'), ('bac3a2aa-6310-11e8-aaf5-0f254a0c7eae', '1', '2018-05-29 07:20:13', '2018-05-29 07:20:13', 'hr', null, 'update_dismission'), ('bac3a2ab-6310-11e8-aaf5-0f254a0c7eae', '1', '2018-05-29 07:20:13', '2018-05-29 07:20:13', 'hr', null, 'submit_dismission'), ('bac3a2ac-6310-11e8-aaf5-0f254a0c7eae', '1', '2018-05-29 07:20:13', '2018-05-29 07:20:13', 'financeDirector', null, 'fdApprove_dismission'), ('bac3a2ad-6310-11e8-aaf5-0f254a0c7eae', '1', '2018-05-29 07:20:13', '2018-05-29 07:20:13', 'financeDirector', null, 'fdRefuse_dismission'), ('bac3a2ae-6310-11e8-aaf5-0f254a0c7eae', '1', '2018-05-29 07:20:13', '2018-05-29 07:20:13', 'hr', null, 'dismiss_dismission'), ('bac3a2af-6310-11e8-aaf5-0f254a0c7eae', '1', '2018-05-29 07:20:13', '2018-05-29 07:20:13', 'hr', null, 'abandon_dismission'), ('bac3a2b0-6310-11e8-aaf5-0f254a0c7eae', '1', '2018-05-29 07:20:13', '2018-05-29 07:20:13', 'financeManager', null, 'read_extension'), ('bac3a2b1-6310-11e8-aaf5-0f254a0c7eae', '1', '2018-05-29 07:20:13', '2018-05-29 07:20:13', 'financeDirector', null, 'read_extension'), ('bac3a2b2-6310-11e8-aaf5-0f254a0c7eae', '1', '2018-05-29 07:20:13', '2018-05-29 07:20:13', 'hr', null, 'read_extension'), ('bac3a2b3-6310-11e8-aaf5-0f254a0c7eae', '1', '2018-05-29 07:20:13', '2018-05-29 07:20:13', 'hr', null, 'update_extension'), ('bac3a2b4-6310-11e8-aaf5-0f254a0c7eae', '1', '2018-05-29 07:20:13', '2018-05-29 07:20:13', 'hr', null, 'submit_extension'), ('bac3a2b5-6310-11e8-aaf5-0f254a0c7eae', '1', '2018-05-29 07:20:13', '2018-05-29 07:20:13', 'financeDirector', null, 'fdApprove_extension'), ('bac3a2b6-6310-11e8-aaf5-0f254a0c7eae', '1', '2018-05-29 07:20:13', '2018-05-29 07:20:13', 'financeDirector', null, 'fdRefuse_extension'), ('bac3a2b7-6310-11e8-aaf5-0f254a0c7eae', '1', '2018-05-29 07:20:13', '2018-05-29 07:20:13', 'hr', null, 'extend_extension'), ('bac3a2b8-6310-11e8-aaf5-0f254a0c7eae', '1', '2018-05-29 07:20:13', '2018-05-29 07:20:13', 'hr', null, 'abandon_extension'), ('bac3a2b9-6310-11e8-aaf5-0f254a0c7eae', '1', '2018-05-29 07:20:13', '2018-05-29 07:20:13', 'hr', null, 'update_recruitFreelancer'), ('bac3a2ba-6310-11e8-aaf5-0f254a0c7eae', '1', '2018-05-29 07:20:13', '2018-05-29 07:20:13', 'hr', null, 'submit_recruitFreelancer'), ('bac3a2bb-6310-11e8-aaf5-0f254a0c7eae', '1', '2018-05-29 07:20:13', '2018-05-29 07:20:13', 'financeDirector', null, 'approve_recruitFreelancer'), ('bac3a2bc-6310-11e8-aaf5-0f254a0c7eae', '1', '2018-05-29 07:20:13', '2018-05-29 07:20:13', 'financeDirector', null, 'refuse_recruitFreelancer'), ('bac3a2bd-6310-11e8-aaf5-0f254a0c7eae', '1', '2018-05-29 07:20:13', '2018-05-29 07:20:13', 'hr', null, 'onboard_recruitFreelancer'), ('bac3a2be-6310-11e8-aaf5-0f254a0c7eae', '1', '2018-05-29 07:20:13', '2018-05-29 07:20:13', 'hr', null, 'abandon_recruitFreelancer'), ('bac3a2bf-6310-11e8-aaf5-0f254a0c7eae', '1', '2018-05-29 07:20:13', '2018-05-29 07:20:13', 'financeManager', null, 'read_setting'), ('bac3a2c0-6310-11e8-aaf5-0f254a0c7eae', '1', '2018-05-29 07:20:13', '2018-05-29 07:20:13', 'financeDirector', null, 'read_setting'), ('bac3a2c1-6310-11e8-aaf5-0f254a0c7eae', '1', '2018-05-29 07:20:13', '2018-05-29 07:20:13', 'hr', null, 'read_setting'), ('bac3a2c2-6310-11e8-aaf5-0f254a0c7eae', '1', '2018-05-29 07:20:13', '2018-05-29 07:20:13', 'admin', null, 'read_setting'), ('bac3a2c3-6310-11e8-aaf5-0f254a0c7eae', '1', '2018-05-29 07:20:13', '2018-05-29 07:20:13', 'financeManager', null, 'update_setting'), ('bac3a2c4-6310-11e8-aaf5-0f254a0c7eae', '1', '2018-05-29 07:20:13', '2018-05-29 07:20:13', 'admin', null, 'update_setting'), ('bac3a2c5-6310-11e8-aaf5-0f254a0c7eae', '1', '2018-05-29 07:20:13', '2018-05-29 07:20:13', 'financeManager', null, 'upload_file'), ('bac3a2c6-6310-11e8-aaf5-0f254a0c7eae', '1', '2018-05-29 07:20:13', '2018-05-29 07:20:13', 'financeDirector', null, 'upload_file'), ('bac3a2c7-6310-11e8-aaf5-0f254a0c7eae', '1', '2018-05-29 07:20:13', '2018-05-29 07:20:13', 'hr', null, 'upload_file'), ('bac3a2c8-6310-11e8-aaf5-0f254a0c7eae', '1', '2018-05-29 07:20:13', '2018-05-29 07:20:13', 'admin', null, 'upload_file'), ('bac3a2c9-6310-11e8-aaf5-0f254a0c7eae', '1', '2018-05-29 07:20:13', '2018-05-29 07:20:13', 'financeManager', null, 'read_costDistribution'), ('bac3a2ca-6310-11e8-aaf5-0f254a0c7eae', '1', '2018-05-29 07:20:13', '2018-05-29 07:20:13', 'financeDirector', null, 'read_costDistribution'), ('bac3a2cb-6310-11e8-aaf5-0f254a0c7eae', '1', '2018-05-29 07:20:13', '2018-05-29 07:20:13', 'hr', null, 'read_costDistribution'), ('bac3a2cc-6310-11e8-aaf5-0f254a0c7eae', '1', '2018-05-29 07:20:13', '2018-05-29 07:20:13', 'financeManager', null, 'read_commonInfo'), ('bac3a2cd-6310-11e8-aaf5-0f254a0c7eae', '1', '2018-05-29 07:20:13', '2018-05-29 07:20:13', 'financeDirector', null, 'read_commonInfo'), ('bac3a2ce-6310-11e8-aaf5-0f254a0c7eae', '1', '2018-05-29 07:20:13', '2018-05-29 07:20:13', 'hr', null, 'read_commonInfo'), ('bac3a2cf-6310-11e8-aaf5-0f254a0c7eae', '1', '2018-05-29 07:20:13', '2018-05-29 07:20:13', 'admin', null, 'read_commonInfo'), ('bac3a2d0-6310-11e8-aaf5-0f254a0c7eae', '1', '2018-05-29 07:20:13', '2018-05-29 07:20:13', 'developer', null, 'test_program'), ('bac3a2d1-6310-11e8-aaf5-0f254a0c7eae', '1', '2018-05-29 07:20:13', '2018-05-29 07:20:13', 'developer', 'financeManager', null), ('bac3c9a0-6310-11e8-aaf5-0f254a0c7eae', '1', '2018-05-29 07:20:13', '2018-05-29 07:20:13', 'developer', 'hr', null), ('bac3c9a1-6310-11e8-aaf5-0f254a0c7eae', '1', '2018-05-29 07:20:13', '2018-05-29 07:20:13', 'developer', 'admin', null), ('bac3c9a2-6310-11e8-aaf5-0f254a0c7eae', '1', '2018-05-29 07:20:13', '2018-05-29 07:20:13', 'developer', 'financeDirector', null);
COMMIT;

-- ----------------------------
--  Table structure for `increaseLog`
-- ----------------------------
DROP TABLE IF EXISTS `increaseLog`;
CREATE TABLE `increaseLog` (
  `id` char(36) CHARACTER SET utf8 COLLATE utf8_bin NOT NULL,
  `increased` enum('Y','N') COLLATE utf8_unicode_ci DEFAULT 'N',
  `increaseMonth` varchar(255) COLLATE utf8_unicode_ci NOT NULL,
  `increaseRate` decimal(8,6) DEFAULT '0.000000',
  `monthlySalary` int(11) DEFAULT '0',
  `salaryIncrease` int(11) DEFAULT '0',
  `status` int(11) DEFAULT '1',
  `remark` varchar(255) COLLATE utf8_unicode_ci DEFAULT NULL,
  `createdAt` datetime NOT NULL,
  `updatedAt` datetime NOT NULL,
  `staffId` char(36) CHARACTER SET utf8 COLLATE utf8_bin NOT NULL,
  `createdUsr` varchar(255) COLLATE utf8_unicode_ci DEFAULT NULL,
  `updatedUsr` varchar(255) COLLATE utf8_unicode_ci DEFAULT NULL,
  PRIMARY KEY (`id`),
  KEY `staffId` (`staffId`),
  KEY `createdUsr` (`createdUsr`),
  KEY `updatedUsr` (`updatedUsr`),
  KEY `increase_log_status` (`status`) USING BTREE,
  CONSTRAINT `increaselog_ibfk_1` FOREIGN KEY (`staffId`) REFERENCES `staff` (`id`) ON DELETE NO ACTION ON UPDATE CASCADE,
  CONSTRAINT `increaselog_ibfk_2` FOREIGN KEY (`createdUsr`) REFERENCES `account` (`id`) ON DELETE SET NULL ON UPDATE CASCADE,
  CONSTRAINT `increaselog_ibfk_3` FOREIGN KEY (`updatedUsr`) REFERENCES `account` (`id`) ON DELETE SET NULL ON UPDATE CASCADE
) ENGINE=InnoDB DEFAULT CHARSET=utf8 COLLATE=utf8_unicode_ci;

-- ----------------------------
--  Records of `increaseLog`
-- ----------------------------
BEGIN;
INSERT INTO `increaseLog` VALUES ('bb6efdc0-6310-11e8-aaf5-0f254a0c7eae', 'N', '2018-07', '0.065000', '0', '0', '1', null, '2018-05-29 07:20:15', '2018-05-29 07:20:15', 'bb3417a0-6310-11e8-aaf5-0f254a0c7eae', null, null), ('bb6efdc1-6310-11e8-aaf5-0f254a0c7eae', 'N', '2018-07', '0.065000', '0', '0', '1', null, '2018-05-29 07:20:15', '2018-05-29 07:20:15', 'bb343eb0-6310-11e8-aaf5-0f254a0c7eae', null, null), ('bb6efdc2-6310-11e8-aaf5-0f254a0c7eae', 'N', '2018-07', '0.065000', '0', '0', '1', null, '2018-05-29 07:20:15', '2018-05-29 07:20:15', 'bb343eb1-6310-11e8-aaf5-0f254a0c7eae', null, null), ('bb6efdc3-6310-11e8-aaf5-0f254a0c7eae', 'N', '2018-07', '0.065000', '0', '0', '1', null, '2018-05-29 07:20:15', '2018-05-29 07:20:15', 'bb343eb2-6310-11e8-aaf5-0f254a0c7eae', null, null), ('bb6efdc4-6310-11e8-aaf5-0f254a0c7eae', 'N', '2018-07', '0.065000', '0', '0', '1', null, '2018-05-29 07:20:15', '2018-05-29 07:20:15', 'bb3465c0-6310-11e8-aaf5-0f254a0c7eae', null, null), ('bb6efdc5-6310-11e8-aaf5-0f254a0c7eae', 'N', '2018-07', '0.065000', '0', '0', '1', null, '2018-05-29 07:20:15', '2018-05-29 07:20:15', 'bb3465c1-6310-11e8-aaf5-0f254a0c7eae', null, null), ('bb6efdc6-6310-11e8-aaf5-0f254a0c7eae', 'N', '2018-07', '0.065000', '0', '0', '1', null, '2018-05-29 07:20:15', '2018-05-29 07:20:15', 'bb3465c2-6310-11e8-aaf5-0f254a0c7eae', null, null), ('bb6efdc7-6310-11e8-aaf5-0f254a0c7eae', 'N', '2018-07', '0.065000', '0', '0', '1', null, '2018-05-29 07:20:15', '2018-05-29 07:20:15', 'bb3465c3-6310-11e8-aaf5-0f254a0c7eae', null, null), ('bb6efdc8-6310-11e8-aaf5-0f254a0c7eae', 'N', '2018-07', '0.065000', '0', '0', '1', null, '2018-05-29 07:20:15', '2018-05-29 07:20:15', 'bb3465c4-6310-11e8-aaf5-0f254a0c7eae', null, null), ('bb6efdc9-6310-11e8-aaf5-0f254a0c7eae', 'N', '2018-07', '0.065000', '0', '0', '1', null, '2018-05-29 07:20:15', '2018-05-29 07:20:15', 'bb3465c5-6310-11e8-aaf5-0f254a0c7eae', null, null), ('bb6efdca-6310-11e8-aaf5-0f254a0c7eae', 'N', '2018-07', '0.065000', '0', '0', '1', null, '2018-05-29 07:20:15', '2018-05-29 07:20:15', 'bb3465c6-6310-11e8-aaf5-0f254a0c7eae', null, null), ('bb6efdcb-6310-11e8-aaf5-0f254a0c7eae', 'N', '2018-07', '0.065000', '0', '0', '1', null, '2018-05-29 07:20:15', '2018-05-29 07:20:15', 'bb3465c7-6310-11e8-aaf5-0f254a0c7eae', null, null), ('bb6efdcc-6310-11e8-aaf5-0f254a0c7eae', 'N', '2018-07', '0.065000', '0', '0', '1', null, '2018-05-29 07:20:15', '2018-05-29 07:20:15', 'bb3465c8-6310-11e8-aaf5-0f254a0c7eae', null, null), ('bb6efdcd-6310-11e8-aaf5-0f254a0c7eae', 'N', '2018-07', '0.065000', '0', '0', '1', null, '2018-05-29 07:20:15', '2018-05-29 07:20:15', 'bb3465c9-6310-11e8-aaf5-0f254a0c7eae', null, null), ('bb6efdce-6310-11e8-aaf5-0f254a0c7eae', 'N', '2018-07', '0.065000', '0', '0', '1', null, '2018-05-29 07:20:15', '2018-05-29 07:20:15', 'bb3465ca-6310-11e8-aaf5-0f254a0c7eae', null, null), ('bb6efdcf-6310-11e8-aaf5-0f254a0c7eae', 'N', '2018-07', '0.065000', '0', '0', '1', null, '2018-05-29 07:20:15', '2018-05-29 07:20:15', 'bb3465cb-6310-11e8-aaf5-0f254a0c7eae', null, null), ('bb6efdd0-6310-11e8-aaf5-0f254a0c7eae', 'N', '2018-07', '0.065000', '0', '0', '1', null, '2018-05-29 07:20:15', '2018-05-29 07:20:15', 'bb348cd0-6310-11e8-aaf5-0f254a0c7eae', null, null), ('bb6efdd1-6310-11e8-aaf5-0f254a0c7eae', 'N', '2018-07', '0.065000', '0', '0', '1', null, '2018-05-29 07:20:15', '2018-05-29 07:20:15', 'bb348cd1-6310-11e8-aaf5-0f254a0c7eae', null, null), ('bb6efdd2-6310-11e8-aaf5-0f254a0c7eae', 'N', '2018-07', '0.065000', '0', '0', '1', null, '2018-05-29 07:20:15', '2018-05-29 07:20:15', 'bb348cd2-6310-11e8-aaf5-0f254a0c7eae', null, null), ('bb6efdd3-6310-11e8-aaf5-0f254a0c7eae', 'N', '2018-07', '0.065000', '0', '0', '1', null, '2018-05-29 07:20:15', '2018-05-29 07:20:15', 'bb348cd3-6310-11e8-aaf5-0f254a0c7eae', null, null), ('bb6efdd4-6310-11e8-aaf5-0f254a0c7eae', 'N', '2018-07', '0.065000', '0', '0', '1', null, '2018-05-29 07:20:15', '2018-05-29 07:20:15', 'bb348cd4-6310-11e8-aaf5-0f254a0c7eae', null, null), ('bb6efdd5-6310-11e8-aaf5-0f254a0c7eae', 'N', '2018-07', '0.065000', '0', '0', '1', null, '2018-05-29 07:20:15', '2018-05-29 07:20:15', 'bb348cd5-6310-11e8-aaf5-0f254a0c7eae', null, null), ('bb6efdd6-6310-11e8-aaf5-0f254a0c7eae', 'N', '2018-07', '0.065000', '0', '0', '1', null, '2018-05-29 07:20:15', '2018-05-29 07:20:15', 'bb348cd6-6310-11e8-aaf5-0f254a0c7eae', null, null), ('bb6efdd7-6310-11e8-aaf5-0f254a0c7eae', 'N', '2018-07', '0.065000', '0', '0', '1', null, '2018-05-29 07:20:15', '2018-05-29 07:20:15', 'bb348cd7-6310-11e8-aaf5-0f254a0c7eae', null, null), ('bb6efdd8-6310-11e8-aaf5-0f254a0c7eae', 'N', '2018-07', '0.065000', '0', '0', '1', null, '2018-05-29 07:20:15', '2018-05-29 07:20:15', 'bb348cd8-6310-11e8-aaf5-0f254a0c7eae', null, null), ('bb6efdd9-6310-11e8-aaf5-0f254a0c7eae', 'N', '2018-07', '0.065000', '0', '0', '1', null, '2018-05-29 07:20:15', '2018-05-29 07:20:15', 'bb34b3e0-6310-11e8-aaf5-0f254a0c7eae', null, null), ('bb6efdda-6310-11e8-aaf5-0f254a0c7eae', 'N', '2018-07', '0.065000', '0', '0', '1', null, '2018-05-29 07:20:15', '2018-05-29 07:20:15', 'bb34b3e1-6310-11e8-aaf5-0f254a0c7eae', null, null), ('bb6efddb-6310-11e8-aaf5-0f254a0c7eae', 'N', '2018-07', '0.065000', '0', '0', '1', null, '2018-05-29 07:20:15', '2018-05-29 07:20:15', 'bb34b3e2-6310-11e8-aaf5-0f254a0c7eae', null, null), ('bb6efddc-6310-11e8-aaf5-0f254a0c7eae', 'N', '2018-07', '0.065000', '0', '0', '1', null, '2018-05-29 07:20:15', '2018-05-29 07:20:15', 'bb34b3e3-6310-11e8-aaf5-0f254a0c7eae', null, null), ('bb6efddd-6310-11e8-aaf5-0f254a0c7eae', 'N', '2018-07', '0.065000', '0', '0', '1', null, '2018-05-29 07:20:15', '2018-05-29 07:20:15', 'bb34b3e4-6310-11e8-aaf5-0f254a0c7eae', null, null), ('bb6efdde-6310-11e8-aaf5-0f254a0c7eae', 'N', '2018-07', '0.065000', '0', '0', '1', null, '2018-05-29 07:20:15', '2018-05-29 07:20:15', 'bb34daf0-6310-11e8-aaf5-0f254a0c7eae', null, null), ('bb6efddf-6310-11e8-aaf5-0f254a0c7eae', 'N', '2018-07', '0.065000', '0', '0', '1', null, '2018-05-29 07:20:15', '2018-05-29 07:20:15', 'bb34daf1-6310-11e8-aaf5-0f254a0c7eae', null, null), ('bb6efde0-6310-11e8-aaf5-0f254a0c7eae', 'N', '2018-07', '0.065000', '0', '0', '1', null, '2018-05-29 07:20:15', '2018-05-29 07:20:15', 'bb34daf2-6310-11e8-aaf5-0f254a0c7eae', null, null), ('bb6efde1-6310-11e8-aaf5-0f254a0c7eae', 'N', '2018-07', '0.065000', '0', '0', '1', null, '2018-05-29 07:20:15', '2018-05-29 07:20:15', 'bb34daf3-6310-11e8-aaf5-0f254a0c7eae', null, null), ('bb6efde2-6310-11e8-aaf5-0f254a0c7eae', 'N', '2018-07', '0.065000', '0', '0', '1', null, '2018-05-29 07:20:15', '2018-05-29 07:20:15', 'bb34daf4-6310-11e8-aaf5-0f254a0c7eae', null, null), ('bb6efde3-6310-11e8-aaf5-0f254a0c7eae', 'N', '2018-07', '0.065000', '0', '0', '1', null, '2018-05-29 07:20:15', '2018-05-29 07:20:15', 'bb34daf5-6310-11e8-aaf5-0f254a0c7eae', null, null), ('bb6efde4-6310-11e8-aaf5-0f254a0c7eae', 'N', '2018-07', '0.065000', '0', '0', '1', null, '2018-05-29 07:20:15', '2018-05-29 07:20:15', 'bb34daf6-6310-11e8-aaf5-0f254a0c7eae', null, null), ('bb6efde5-6310-11e8-aaf5-0f254a0c7eae', 'N', '2018-07', '0.065000', '0', '0', '1', null, '2018-05-29 07:20:15', '2018-05-29 07:20:15', 'bb34daf7-6310-11e8-aaf5-0f254a0c7eae', null, null), ('bb6efde6-6310-11e8-aaf5-0f254a0c7eae', 'N', '2018-07', '0.065000', '0', '0', '1', null, '2018-05-29 07:20:15', '2018-05-29 07:20:15', 'bb34daf8-6310-11e8-aaf5-0f254a0c7eae', null, null), ('bb6efde7-6310-11e8-aaf5-0f254a0c7eae', 'N', '2018-07', '0.065000', '0', '0', '1', null, '2018-05-29 07:20:15', '2018-05-29 07:20:15', 'bb34daf9-6310-11e8-aaf5-0f254a0c7eae', null, null), ('bb6f24d0-6310-11e8-aaf5-0f254a0c7eae', 'N', '2018-07', '0.065000', '0', '0', '1', null, '2018-05-29 07:20:15', '2018-05-29 07:20:15', 'bb34dafa-6310-11e8-aaf5-0f254a0c7eae', null, null), ('bb6f24d1-6310-11e8-aaf5-0f254a0c7eae', 'N', '2018-07', '0.065000', '0', '0', '1', null, '2018-05-29 07:20:15', '2018-05-29 07:20:15', 'bb34dafb-6310-11e8-aaf5-0f254a0c7eae', null, null), ('bb6f24d2-6310-11e8-aaf5-0f254a0c7eae', 'N', '2018-07', '0.065000', '0', '0', '1', null, '2018-05-29 07:20:15', '2018-05-29 07:20:15', 'bb34dafc-6310-11e8-aaf5-0f254a0c7eae', null, null), ('bb6f24d3-6310-11e8-aaf5-0f254a0c7eae', 'N', '2018-07', '0.065000', '0', '0', '1', null, '2018-05-29 07:20:15', '2018-05-29 07:20:15', 'bb34dafd-6310-11e8-aaf5-0f254a0c7eae', null, null), ('bb6f24d4-6310-11e8-aaf5-0f254a0c7eae', 'N', '2018-07', '0.065000', '0', '0', '1', null, '2018-05-29 07:20:15', '2018-05-29 07:20:15', 'bb34dafe-6310-11e8-aaf5-0f254a0c7eae', null, null), ('bb6f24d5-6310-11e8-aaf5-0f254a0c7eae', 'N', '2018-07', '0.065000', '0', '0', '1', null, '2018-05-29 07:20:15', '2018-05-29 07:20:15', 'bb34daff-6310-11e8-aaf5-0f254a0c7eae', null, null), ('bb6f24d6-6310-11e8-aaf5-0f254a0c7eae', 'N', '2018-07', '0.065000', '0', '0', '1', null, '2018-05-29 07:20:15', '2018-05-29 07:20:15', 'bb34db00-6310-11e8-aaf5-0f254a0c7eae', null, null), ('bb6f24d7-6310-11e8-aaf5-0f254a0c7eae', 'N', '2018-07', '0.065000', '0', '0', '1', null, '2018-05-29 07:20:15', '2018-05-29 07:20:15', 'bb34db01-6310-11e8-aaf5-0f254a0c7eae', null, null), ('bb6f24d8-6310-11e8-aaf5-0f254a0c7eae', 'N', '2018-07', '0.065000', '0', '0', '1', null, '2018-05-29 07:20:15', '2018-05-29 07:20:15', 'bb34db02-6310-11e8-aaf5-0f254a0c7eae', null, null), ('bb6f24d9-6310-11e8-aaf5-0f254a0c7eae', 'N', '2018-07', '0.065000', '0', '0', '1', null, '2018-05-29 07:20:15', '2018-05-29 07:20:15', 'bb34db03-6310-11e8-aaf5-0f254a0c7eae', null, null), ('bb6f24da-6310-11e8-aaf5-0f254a0c7eae', 'N', '2018-07', '0.065000', '0', '0', '1', null, '2018-05-29 07:20:15', '2018-05-29 07:20:15', 'bb34db04-6310-11e8-aaf5-0f254a0c7eae', null, null), ('bb6f24db-6310-11e8-aaf5-0f254a0c7eae', 'N', '2018-07', '0.065000', '0', '0', '1', null, '2018-05-29 07:20:15', '2018-05-29 07:20:15', 'bb34db05-6310-11e8-aaf5-0f254a0c7eae', null, null), ('bb6f24dc-6310-11e8-aaf5-0f254a0c7eae', 'N', '2018-07', '0.065000', '0', '0', '1', null, '2018-05-29 07:20:15', '2018-05-29 07:20:15', 'bb350200-6310-11e8-aaf5-0f254a0c7eae', null, null);
COMMIT;

-- ----------------------------
--  Table structure for `increasePool`
-- ----------------------------
DROP TABLE IF EXISTS `increasePool`;
CREATE TABLE `increasePool` (
  `id` char(36) CHARACTER SET utf8 COLLATE utf8_bin NOT NULL,
  `increaseMonth` varchar(255) COLLATE utf8_unicode_ci NOT NULL,
  `amount` int(11) DEFAULT '0',
  `status` int(11) DEFAULT '1',
  `remark` varchar(255) COLLATE utf8_unicode_ci DEFAULT NULL,
  `createdAt` datetime NOT NULL,
  `updatedAt` datetime NOT NULL,
  `currencyId` varchar(255) COLLATE utf8_unicode_ci NOT NULL,
  `createdUsr` varchar(255) COLLATE utf8_unicode_ci DEFAULT NULL,
  `updatedUsr` varchar(255) COLLATE utf8_unicode_ci DEFAULT NULL,
  PRIMARY KEY (`id`),
  KEY `currencyId` (`currencyId`),
  KEY `createdUsr` (`createdUsr`),
  KEY `updatedUsr` (`updatedUsr`),
  KEY `increase_pool_status` (`status`) USING BTREE,
  CONSTRAINT `increasepool_ibfk_1` FOREIGN KEY (`currencyId`) REFERENCES `currency` (`id`) ON DELETE NO ACTION ON UPDATE CASCADE,
  CONSTRAINT `increasepool_ibfk_2` FOREIGN KEY (`createdUsr`) REFERENCES `account` (`id`) ON DELETE SET NULL ON UPDATE CASCADE,
  CONSTRAINT `increasepool_ibfk_3` FOREIGN KEY (`updatedUsr`) REFERENCES `account` (`id`) ON DELETE SET NULL ON UPDATE CASCADE
) ENGINE=InnoDB DEFAULT CHARSET=utf8 COLLATE=utf8_unicode_ci;

-- ----------------------------
--  Table structure for `inhouseFreelancer`
-- ----------------------------
DROP TABLE IF EXISTS `inhouseFreelancer`;
CREATE TABLE `inhouseFreelancer` (
  `id` varchar(255) COLLATE utf8_unicode_ci NOT NULL,
  `year` int(11) NOT NULL,
  `description` varchar(255) COLLATE utf8_unicode_ci DEFAULT NULL,
  `status` int(11) DEFAULT '1',
  `remark` varchar(255) COLLATE utf8_unicode_ci DEFAULT NULL,
  `createdAt` datetime NOT NULL,
  `updatedAt` datetime NOT NULL,
  `createdUsr` varchar(255) COLLATE utf8_unicode_ci DEFAULT NULL,
  `updatedUsr` varchar(255) COLLATE utf8_unicode_ci DEFAULT NULL,
  PRIMARY KEY (`id`),
  KEY `createdUsr` (`createdUsr`),
  KEY `updatedUsr` (`updatedUsr`),
  KEY `inhouse_freelancer_description` (`description`) USING BTREE,
  KEY `inhouse_freelancer_status` (`status`) USING BTREE,
  CONSTRAINT `inhousefreelancer_ibfk_1` FOREIGN KEY (`createdUsr`) REFERENCES `account` (`id`) ON DELETE SET NULL ON UPDATE CASCADE,
  CONSTRAINT `inhousefreelancer_ibfk_2` FOREIGN KEY (`updatedUsr`) REFERENCES `account` (`id`) ON DELETE SET NULL ON UPDATE CASCADE
) ENGINE=InnoDB DEFAULT CHARSET=utf8 COLLATE=utf8_unicode_ci;

-- ----------------------------
--  Table structure for `message`
-- ----------------------------
DROP TABLE IF EXISTS `message`;
CREATE TABLE `message` (
  `id` char(36) CHARACTER SET utf8 COLLATE utf8_bin NOT NULL,
  `msg` text COLLATE utf8_unicode_ci NOT NULL,
  `readFlag` enum('Y','N') COLLATE utf8_unicode_ci NOT NULL DEFAULT 'N',
  `status` int(11) DEFAULT '1',
  `createdAt` datetime NOT NULL,
  `updatedAt` datetime NOT NULL,
  `notifiedUsr` varchar(255) COLLATE utf8_unicode_ci NOT NULL,
  PRIMARY KEY (`id`),
  KEY `notifiedUsr` (`notifiedUsr`),
  KEY `message_read_flag` (`readFlag`) USING BTREE,
  KEY `message_status` (`status`) USING BTREE,
  CONSTRAINT `message_ibfk_1` FOREIGN KEY (`notifiedUsr`) REFERENCES `account` (`id`) ON DELETE NO ACTION ON UPDATE CASCADE
) ENGINE=InnoDB DEFAULT CHARSET=utf8 COLLATE=utf8_unicode_ci;

-- ----------------------------
--  Table structure for `note`
-- ----------------------------
DROP TABLE IF EXISTS `note`;
CREATE TABLE `note` (
  `id` char(36) CHARACTER SET utf8 COLLATE utf8_bin NOT NULL,
  `noteContent` varchar(255) COLLATE utf8_unicode_ci NOT NULL,
  `status` int(11) DEFAULT '1',
  `createdAt` datetime NOT NULL,
  `updatedAt` datetime NOT NULL,
  `createdUsr` varchar(255) COLLATE utf8_unicode_ci DEFAULT NULL,
  `updatedUsr` varchar(255) COLLATE utf8_unicode_ci DEFAULT NULL,
  PRIMARY KEY (`id`),
  UNIQUE KEY `noteContent` (`noteContent`),
  UNIQUE KEY `note_noteContent_unique` (`noteContent`),
  KEY `createdUsr` (`createdUsr`),
  KEY `updatedUsr` (`updatedUsr`),
  KEY `note_note_content` (`noteContent`) USING BTREE,
  KEY `note_status` (`status`) USING BTREE,
  CONSTRAINT `note_ibfk_1` FOREIGN KEY (`createdUsr`) REFERENCES `account` (`id`) ON DELETE SET NULL ON UPDATE CASCADE,
  CONSTRAINT `note_ibfk_2` FOREIGN KEY (`updatedUsr`) REFERENCES `account` (`id`) ON DELETE SET NULL ON UPDATE CASCADE
) ENGINE=InnoDB DEFAULT CHARSET=utf8 COLLATE=utf8_unicode_ci;

-- ----------------------------
--  Table structure for `office`
-- ----------------------------
DROP TABLE IF EXISTS `office`;
CREATE TABLE `office` (
  `id` varchar(255) COLLATE utf8_unicode_ci NOT NULL,
  `contact` varchar(255) COLLATE utf8_unicode_ci DEFAULT NULL,
  `address` varchar(255) COLLATE utf8_unicode_ci DEFAULT NULL,
  `telephone` varchar(255) COLLATE utf8_unicode_ci DEFAULT NULL,
  `email` varchar(255) COLLATE utf8_unicode_ci DEFAULT NULL,
  `status` int(11) DEFAULT '1',
  `remark` varchar(255) COLLATE utf8_unicode_ci DEFAULT NULL,
  `createdAt` datetime NOT NULL,
  `updatedAt` datetime NOT NULL,
  `currencyId` varchar(255) COLLATE utf8_unicode_ci DEFAULT NULL,
  `createdUsr` varchar(255) COLLATE utf8_unicode_ci DEFAULT NULL,
  `updatedUsr` varchar(255) COLLATE utf8_unicode_ci DEFAULT NULL,
  PRIMARY KEY (`id`),
  KEY `currencyId` (`currencyId`),
  KEY `createdUsr` (`createdUsr`),
  KEY `updatedUsr` (`updatedUsr`),
  KEY `office_status` (`status`) USING BTREE,
  CONSTRAINT `office_ibfk_1` FOREIGN KEY (`currencyId`) REFERENCES `currency` (`id`) ON DELETE SET NULL ON UPDATE CASCADE,
  CONSTRAINT `office_ibfk_2` FOREIGN KEY (`createdUsr`) REFERENCES `account` (`id`) ON DELETE SET NULL ON UPDATE CASCADE,
  CONSTRAINT `office_ibfk_3` FOREIGN KEY (`updatedUsr`) REFERENCES `account` (`id`) ON DELETE SET NULL ON UPDATE CASCADE
) ENGINE=InnoDB DEFAULT CHARSET=utf8 COLLATE=utf8_unicode_ci;

-- ----------------------------
--  Records of `office`
-- ----------------------------
BEGIN;
INSERT INTO `office` VALUES ('Australia Offsite', '联系人 1', '中国远洋', '1312302202', '23432@163.com', '1', null, '2018-05-29 07:20:14', '2018-05-29 07:20:14', 'RMB', null, null), ('China Offsite', '联系人 1', '中国远洋', '1312302202', '23432@163.com', '1', null, '2018-05-29 07:20:14', '2018-05-29 07:20:14', 'RMB', null, null), ('India Offsite', '联系人 1', '中国远洋', '1312302202', '23432@163.com', '1', null, '2018-05-29 07:20:14', '2018-05-29 07:20:14', 'RMB', null, null), ('India Onsite', '联系人 1', '中国远洋', '1312302202', '23432@163.com', '1', null, '2018-05-29 07:20:14', '2018-05-29 07:20:14', 'RMB', null, null), ('Shanghai Offsite', '联系人 1', '中国远洋', '1312302202', '23432@163.com', '1', null, '2018-05-29 07:20:14', '2018-05-29 07:20:14', 'RMB', null, null), ('Shanghai Onsite', '联系人 1', '中国远洋', '1312302202', '23432@163.com', '1', null, '2018-05-29 07:20:14', '2018-05-29 07:20:14', 'RMB', null, null), ('Singapore Offsite', '联系人 1', '中国远洋', '1312302202', '23432@163.com', '1', null, '2018-05-29 07:20:14', '2018-05-29 07:20:14', 'RMB', null, null), ('Thailand Offsite', '联系人 1', '中国远洋', '1312302202', '23432@163.com', '1', null, '2018-05-29 07:20:14', '2018-05-29 07:20:14', 'RMB', null, null), ('Thailand Onsite', '联系人 1', '中国远洋', '1312302202', '23432@163.com', '1', null, '2018-05-29 07:20:14', '2018-05-29 07:20:14', 'RMB', null, null);
COMMIT;

-- ----------------------------
--  Table structure for `officeDetail`
-- ----------------------------
DROP TABLE IF EXISTS `officeDetail`;
CREATE TABLE `officeDetail` (
  `id` char(36) CHARACTER SET utf8 COLLATE utf8_bin NOT NULL,
  `year` int(11) NOT NULL,
  `mulRate` decimal(8,6) NOT NULL DEFAULT '0.000000',
  `dictRate` decimal(8,6) NOT NULL DEFAULT '0.000000',
  `incRate` decimal(8,6) NOT NULL DEFAULT '0.000000',
  `benRate` decimal(8,6) NOT NULL DEFAULT '0.000000',
  `overRate` decimal(8,6) NOT NULL DEFAULT '0.000000',
  `mkpRate` decimal(8,6) NOT NULL DEFAULT '0.000000',
  `taxRate` decimal(8,6) NOT NULL DEFAULT '0.000000',
  `invRate` decimal(8,6) NOT NULL DEFAULT '0.000000',
  `divRate` decimal(8,6) NOT NULL DEFAULT '0.000000',
  `status` int(11) DEFAULT '1',
  `remark` varchar(255) COLLATE utf8_unicode_ci DEFAULT NULL,
  `createdAt` datetime NOT NULL,
  `updatedAt` datetime NOT NULL,
  `officeId` varchar(255) COLLATE utf8_unicode_ci NOT NULL,
  `createdUsr` varchar(255) COLLATE utf8_unicode_ci DEFAULT NULL,
  `updatedUsr` varchar(255) COLLATE utf8_unicode_ci DEFAULT NULL,
  PRIMARY KEY (`id`),
  KEY `officeId` (`officeId`),
  KEY `createdUsr` (`createdUsr`),
  KEY `updatedUsr` (`updatedUsr`),
  KEY `office_detail_year` (`year`) USING BTREE,
  KEY `office_detail_status` (`status`) USING BTREE,
  CONSTRAINT `officedetail_ibfk_1` FOREIGN KEY (`officeId`) REFERENCES `office` (`id`) ON DELETE NO ACTION ON UPDATE CASCADE,
  CONSTRAINT `officedetail_ibfk_2` FOREIGN KEY (`createdUsr`) REFERENCES `account` (`id`) ON DELETE SET NULL ON UPDATE CASCADE,
  CONSTRAINT `officedetail_ibfk_3` FOREIGN KEY (`updatedUsr`) REFERENCES `account` (`id`) ON DELETE SET NULL ON UPDATE CASCADE
) ENGINE=InnoDB DEFAULT CHARSET=utf8 COLLATE=utf8_unicode_ci;

-- ----------------------------
--  Records of `officeDetail`
-- ----------------------------
BEGIN;
INSERT INTO `officeDetail` VALUES ('bb14a8c0-6310-11e8-aaf5-0f254a0c7eae', '2016', '2.100000', '2.550000', '0.065000', '0.209000', '0.826100', '0.150000', '0.067700', '0.091000', '12.640000', '1', null, '2018-05-29 07:20:14', '2018-05-29 07:20:14', 'Shanghai Offsite', null, null), ('bb14a8c1-6310-11e8-aaf5-0f254a0c7eae', '2016', '1.480050', '1.866343', '0.060000', '0.261000', '0.287000', '0.150000', '0.068400', '0.035000', '32.857143', '1', null, '2018-05-29 07:20:14', '2018-05-29 07:20:14', 'Shanghai Onsite', null, null), ('bb14a8c2-6310-11e8-aaf5-0f254a0c7eae', '2016', '2.049990', '2.626037', '0.060000', '0.301000', '0.782600', '0.150000', '0.068400', '0.035000', '32.857143', '1', null, '2018-05-29 07:20:14', '2018-05-29 07:20:14', 'China Offsite', null, null), ('bb14a8c3-6310-11e8-aaf5-0f254a0c7eae', '2016', '2.100000', '2.550000', '0.065000', '0.209000', '0.826100', '0.150000', '0.000000', '0.091000', '12.640000', '1', null, '2018-05-29 07:20:14', '2018-05-29 07:20:14', 'Singapore Offsite', null, null), ('bb14a8c4-6310-11e8-aaf5-0f254a0c7eae', '2016', '2.029980', '2.188318', '0.030000', '0.078000', '0.765200', '0.150000', '0.000000', '0.071000', '16.197183', '1', null, '2018-05-29 07:20:14', '2018-05-29 07:20:14', 'Australia Offsite', null, null), ('bb14a8c5-6310-11e8-aaf5-0f254a0c7eae', '2016', '2.110250', '2.452110', '0.040000', '0.162000', '0.835000', '0.150000', '0.070000', '0.064000', '17.968750', '1', null, '2018-05-29 07:20:14', '2018-05-29 07:20:14', 'Thailand Offsite', null, null), ('bb14a8c6-6310-11e8-aaf5-0f254a0c7eae', '2016', '1.475740', '1.714810', '0.040000', '0.162000', '0.283252', '0.150000', '0.070000', '0.064000', '17.968750', '1', null, '2018-05-29 07:20:14', '2018-05-29 07:20:14', 'Thailand Onsite', null, null), ('bb14a8c7-6310-11e8-aaf5-0f254a0c7eae', '2016', '2.420000', '2.649900', '0.090000', '0.095000', '1.104348', '0.150000', '0.180000', '0.075000', '15.333333', '1', null, '2018-05-29 07:20:14', '2018-05-29 07:20:14', 'India Offsite', null, null), ('bb14a8c8-6310-11e8-aaf5-0f254a0c7eae', '2016', '1.499600', '1.634564', '0.080000', '0.090000', '0.304000', '0.150000', '0.180000', '0.075000', '15.333333', '1', null, '2018-05-29 07:20:14', '2018-05-29 07:20:14', 'India Onsite', null, null), ('bb14a8c9-6310-11e8-aaf5-0f254a0c7eae', '2017', '2.100000', '2.550000', '0.065000', '0.209000', '0.826100', '0.150000', '0.067700', '0.091000', '12.640000', '1', null, '2018-05-29 07:20:14', '2018-05-29 07:20:14', 'Shanghai Offsite', null, null), ('bb14a8ca-6310-11e8-aaf5-0f254a0c7eae', '2017', '1.480050', '1.866343', '0.060000', '0.261000', '0.287000', '0.150000', '0.068400', '0.035000', '32.857143', '1', null, '2018-05-29 07:20:14', '2018-05-29 07:20:14', 'Shanghai Onsite', null, null), ('bb14cfd0-6310-11e8-aaf5-0f254a0c7eae', '2017', '2.049990', '2.626037', '0.060000', '0.301000', '0.782600', '0.150000', '0.068400', '0.035000', '32.857143', '1', null, '2018-05-29 07:20:14', '2018-05-29 07:20:14', 'China Offsite', null, null), ('bb14cfd1-6310-11e8-aaf5-0f254a0c7eae', '2017', '2.100000', '2.550000', '0.065000', '0.209000', '0.826100', '0.150000', '0.000000', '0.091000', '12.640000', '1', null, '2018-05-29 07:20:14', '2018-05-29 07:20:14', 'Singapore Offsite', null, null), ('bb14cfd2-6310-11e8-aaf5-0f254a0c7eae', '2017', '2.029980', '2.188318', '0.030000', '0.078000', '0.765200', '0.150000', '0.000000', '0.071000', '16.197183', '1', null, '2018-05-29 07:20:14', '2018-05-29 07:20:14', 'Australia Offsite', null, null), ('bb14cfd3-6310-11e8-aaf5-0f254a0c7eae', '2017', '2.110250', '2.452110', '0.040000', '0.162000', '0.835000', '0.150000', '0.070000', '0.064000', '17.968750', '1', null, '2018-05-29 07:20:14', '2018-05-29 07:20:14', 'Thailand Offsite', null, null), ('bb14cfd4-6310-11e8-aaf5-0f254a0c7eae', '2017', '1.475740', '1.714810', '0.040000', '0.162000', '0.283252', '0.150000', '0.070000', '0.064000', '17.968750', '1', null, '2018-05-29 07:20:14', '2018-05-29 07:20:14', 'Thailand Onsite', null, null), ('bb14cfd5-6310-11e8-aaf5-0f254a0c7eae', '2017', '2.420000', '2.649900', '0.090000', '0.095000', '1.104348', '0.150000', '0.180000', '0.075000', '15.333333', '1', null, '2018-05-29 07:20:14', '2018-05-29 07:20:14', 'India Offsite', null, null), ('bb14cfd6-6310-11e8-aaf5-0f254a0c7eae', '2017', '1.499600', '1.634564', '0.080000', '0.090000', '0.304000', '0.150000', '0.180000', '0.075000', '15.333333', '1', null, '2018-05-29 07:20:14', '2018-05-29 07:20:14', 'India Onsite', null, null), ('bb14cfd7-6310-11e8-aaf5-0f254a0c7eae', '2018', '2.100000', '2.550000', '0.065000', '0.209000', '0.826100', '0.150000', '0.067700', '0.091000', '12.640000', '1', null, '2018-05-29 07:20:14', '2018-05-29 07:20:14', 'Shanghai Offsite', null, null), ('bb14cfd8-6310-11e8-aaf5-0f254a0c7eae', '2018', '1.480050', '1.866343', '0.060000', '0.261000', '0.287000', '0.150000', '0.068400', '0.035000', '32.857143', '1', null, '2018-05-29 07:20:14', '2018-05-29 07:20:14', 'Shanghai Onsite', null, null), ('bb14cfd9-6310-11e8-aaf5-0f254a0c7eae', '2018', '2.049990', '2.626037', '0.060000', '0.301000', '0.782600', '0.150000', '0.068400', '0.035000', '32.857143', '1', null, '2018-05-29 07:20:14', '2018-05-29 07:20:14', 'China Offsite', null, null), ('bb14cfda-6310-11e8-aaf5-0f254a0c7eae', '2018', '2.100000', '2.550000', '0.065000', '0.209000', '0.826100', '0.150000', '0.000000', '0.091000', '12.640000', '1', null, '2018-05-29 07:20:14', '2018-05-29 07:20:14', 'Singapore Offsite', null, null), ('bb14cfdb-6310-11e8-aaf5-0f254a0c7eae', '2018', '2.029980', '2.188318', '0.030000', '0.078000', '0.765200', '0.150000', '0.000000', '0.071000', '16.197183', '1', null, '2018-05-29 07:20:14', '2018-05-29 07:20:14', 'Australia Offsite', null, null), ('bb14cfdc-6310-11e8-aaf5-0f254a0c7eae', '2018', '2.110250', '2.452110', '0.040000', '0.162000', '0.835000', '0.150000', '0.070000', '0.064000', '17.968750', '1', null, '2018-05-29 07:20:14', '2018-05-29 07:20:14', 'Thailand Offsite', null, null), ('bb14cfdd-6310-11e8-aaf5-0f254a0c7eae', '2018', '1.475740', '1.714810', '0.040000', '0.162000', '0.283252', '0.150000', '0.070000', '0.064000', '17.968750', '1', null, '2018-05-29 07:20:14', '2018-05-29 07:20:14', 'Thailand Onsite', null, null), ('bb14cfde-6310-11e8-aaf5-0f254a0c7eae', '2018', '2.420000', '2.649900', '0.090000', '0.095000', '1.104348', '0.150000', '0.180000', '0.075000', '15.333333', '1', null, '2018-05-29 07:20:14', '2018-05-29 07:20:14', 'India Offsite', null, null), ('bb14cfdf-6310-11e8-aaf5-0f254a0c7eae', '2018', '1.499600', '1.634564', '0.080000', '0.090000', '0.304000', '0.150000', '0.180000', '0.075000', '15.333333', '1', null, '2018-05-29 07:20:14', '2018-05-29 07:20:14', 'India Onsite', null, null);
COMMIT;

-- ----------------------------
--  Table structure for `permission`
-- ----------------------------
DROP TABLE IF EXISTS `permission`;
CREATE TABLE `permission` (
  `id` varchar(255) COLLATE utf8_unicode_ci NOT NULL,
  `object` varchar(255) COLLATE utf8_unicode_ci NOT NULL,
  `operation` varchar(255) COLLATE utf8_unicode_ci NOT NULL,
  `status` int(11) DEFAULT '1',
  `createdAt` datetime NOT NULL,
  `updatedAt` datetime NOT NULL,
  PRIMARY KEY (`id`),
  KEY `permission_status` (`status`) USING BTREE
) ENGINE=InnoDB DEFAULT CHARSET=utf8 COLLATE=utf8_unicode_ci;

-- ----------------------------
--  Records of `permission`
-- ----------------------------
BEGIN;
INSERT INTO `permission` VALUES ('abandon_dismission', 'dismission', 'abandon', '1', '2018-05-29 07:20:13', '2018-05-29 07:20:13'), ('abandon_extension', 'extension', 'abandon', '1', '2018-05-29 07:20:13', '2018-05-29 07:20:13'), ('abandon_project', 'project', 'abandon', '1', '2018-05-29 07:20:13', '2018-05-29 07:20:13'), ('abandon_recruit', 'recruit', 'abandon', '1', '2018-05-29 07:20:13', '2018-05-29 07:20:13'), ('abandon_recruitFreelancer', 'recruitFreelancer', 'abandon', '1', '2018-05-29 07:20:13', '2018-05-29 07:20:13'), ('abandon_transfer', 'transfer', 'abandon', '1', '2018-05-29 07:20:13', '2018-05-29 07:20:13'), ('approve_recruit', 'recruit', 'approve', '1', '2018-05-29 07:20:13', '2018-05-29 07:20:13'), ('approve_recruitFreelancer', 'recruitFreelancer', 'approve', '1', '2018-05-29 07:20:13', '2018-05-29 07:20:13'), ('clientApprove_sow', 'sow', 'clientApprove', '1', '2018-05-29 07:20:13', '2018-05-29 07:20:13'), ('clientRefuse_sow', 'sow', 'clientRefuse', '1', '2018-05-29 07:20:13', '2018-05-29 07:20:13'), ('collectJD_recruit', 'recruit', 'collectJD', '1', '2018-05-29 07:20:13', '2018-05-29 07:20:13'), ('collectPO_project', 'project', 'collectPO', '1', '2018-05-29 07:20:13', '2018-05-29 07:20:13'), ('collectPO_sow', 'sow', 'collectPO', '1', '2018-05-29 07:20:13', '2018-05-29 07:20:13'), ('complete_production', 'production', 'complete', '1', '2018-05-29 07:20:13', '2018-05-29 07:20:13'), ('complete_project', 'project', 'complete', '1', '2018-05-29 07:20:13', '2018-05-29 07:20:13'), ('copy_project', 'project', 'copy', '1', '2018-05-29 07:20:13', '2018-05-29 07:20:13'), ('copy_sow', 'sow', 'copy', '1', '2018-05-29 07:20:13', '2018-05-29 07:20:13'), ('create_costDistribution', 'costDistribution', 'create', '1', '2018-05-29 07:20:13', '2018-05-29 07:20:13'), ('create_dismission', 'dismission', 'create', '1', '2018-05-29 07:20:13', '2018-05-29 07:20:13'), ('create_extension', 'extension', 'create', '1', '2018-05-29 07:20:13', '2018-05-29 07:20:13'), ('create_increaseLog', 'increaseLog', 'create', '1', '2018-05-29 07:20:13', '2018-05-29 07:20:13'), ('create_increasePool', 'increasePool', 'create', '1', '2018-05-29 07:20:13', '2018-05-29 07:20:13'), ('create_position', 'position', 'create', '1', '2018-05-29 07:20:13', '2018-05-29 07:20:13'), ('create_production', 'production', 'create', '1', '2018-05-29 07:20:13', '2018-05-29 07:20:13'), ('create_project', 'project', 'create', '1', '2018-05-29 07:20:13', '2018-05-29 07:20:13'), ('create_recruit', 'recruit', 'create', '1', '2018-05-29 07:20:13', '2018-05-29 07:20:13'), ('create_recruitFreelancer', 'recruitFreelancer', 'create', '1', '2018-05-29 07:20:13', '2018-05-29 07:20:13'), ('create_sow', 'sow', 'create', '1', '2018-05-29 07:20:13', '2018-05-29 07:20:13'), ('create_sowPosition', 'sowPosition', 'create', '1', '2018-05-29 07:20:13', '2018-05-29 07:20:13'), ('create_transfer', 'transfer', 'create', '1', '2018-05-29 07:20:13', '2018-05-29 07:20:13'), ('dismiss_dismission', 'dismission', 'dismiss', '1', '2018-05-29 07:20:13', '2018-05-29 07:20:13'), ('dismiss_freelancer', 'freelancer', 'dismiss', '1', '2018-05-29 07:20:13', '2018-05-29 07:20:13'), ('extend_extension', 'extension', 'extend', '1', '2018-05-29 07:20:13', '2018-05-29 07:20:13'), ('fdApprove_dismission', 'dismission', 'fdApprove', '1', '2018-05-29 07:20:13', '2018-05-29 07:20:13'), ('fdApprove_extension', 'extension', 'fdApprove', '1', '2018-05-29 07:20:13', '2018-05-29 07:20:13'), ('fdApprove_project', 'project', 'fdApprove', '1', '2018-05-29 07:20:13', '2018-05-29 07:20:13'), ('fdApprove_sow', 'sow', 'fdApprove', '1', '2018-05-29 07:20:13', '2018-05-29 07:20:13'), ('fdApprove_transfer', 'transfer', 'fdApprove', '1', '2018-05-29 07:20:13', '2018-05-29 07:20:13'), ('fdRefuse_dismission', 'dismission', 'fdRefuse', '1', '2018-05-29 07:20:13', '2018-05-29 07:20:13'), ('fdRefuse_extension', 'extension', 'fdRefuse', '1', '2018-05-29 07:20:13', '2018-05-29 07:20:13'), ('fdRefuse_project', 'project', 'fdRefuse', '1', '2018-05-29 07:20:13', '2018-05-29 07:20:13'), ('fdRefuse_sow', 'sow', 'fdRefuse', '1', '2018-05-29 07:20:13', '2018-05-29 07:20:13'), ('fdRefuse_transfer', 'transfer', 'fdRefuse', '1', '2018-05-29 07:20:13', '2018-05-29 07:20:13'), ('identifyCandidate_recruit', 'recruit', 'identifyCandidate', '1', '2018-05-29 07:20:13', '2018-05-29 07:20:13'), ('import_salaryRecord', 'salaryRecord', 'import', '1', '2018-05-29 07:20:13', '2018-05-29 07:20:13'), ('interview_recruit', 'recruit', 'interview', '1', '2018-05-29 07:20:13', '2018-05-29 07:20:13'), ('negotiatePackage_recruit', 'recruit', 'negotiatePackage', '1', '2018-05-29 07:20:13', '2018-05-29 07:20:13'), ('offer_recruit', 'recruit', 'offer', '1', '2018-05-29 07:20:13', '2018-05-29 07:20:13'), ('onboard_recruit', 'recruit', 'onboard', '1', '2018-05-29 07:20:13', '2018-05-29 07:20:13'), ('onboard_recruitFreelancer', 'recruitFreelancer', 'onboard', '1', '2018-05-29 07:20:13', '2018-05-29 07:20:13'), ('read_basicInfo', 'basicInfo', 'read', '1', '2018-05-29 07:20:13', '2018-05-29 07:20:13'), ('read_clientPo', 'clientPo', 'read', '1', '2018-05-29 07:20:13', '2018-05-29 07:20:13'), ('read_commonInfo', 'commonInfo', 'read', '1', '2018-05-29 07:20:13', '2018-05-29 07:20:13'), ('read_costDistribution', 'costDistribution', 'read', '1', '2018-05-29 07:20:13', '2018-05-29 07:20:13'), ('read_dismission', 'dismission', 'read', '1', '2018-05-29 07:20:13', '2018-05-29 07:20:13'), ('read_extension', 'extension', 'read', '1', '2018-05-29 07:20:13', '2018-05-29 07:20:13'), ('read_freelancer', 'freelancer', 'read', '1', '2018-05-29 07:20:13', '2018-05-29 07:20:13'), ('read_increaseLog', 'increaseLog', 'read', '1', '2018-05-29 07:20:13', '2018-05-29 07:20:13'), ('read_position', 'position', 'read', '1', '2018-05-29 07:20:13', '2018-05-29 07:20:13'), ('read_positionLog', 'positionLog', 'read', '1', '2018-05-29 07:20:13', '2018-05-29 07:20:13'), ('read_production', 'production', 'read', '1', '2018-05-29 07:20:13', '2018-05-29 07:20:13'), ('read_project', 'project', 'read', '1', '2018-05-29 07:20:13', '2018-05-29 07:20:13'), ('read_recruit', 'recruit', 'read', '1', '2018-05-29 07:20:13', '2018-05-29 07:20:13'), ('read_salaryRecord', 'salaryRecord', 'read', '1', '2018-05-29 07:20:13', '2018-05-29 07:20:13'), ('read_setting', 'setting', 'read', '1', '2018-05-29 07:20:13', '2018-05-29 07:20:13'), ('read_sow', 'sow', 'read', '1', '2018-05-29 07:20:13', '2018-05-29 07:20:13'), ('read_staff', 'staff', 'read', '1', '2018-05-29 07:20:13', '2018-05-29 07:20:13'), ('read_transfer', 'transfer', 'read', '1', '2018-05-29 07:20:13', '2018-05-29 07:20:13'), ('receiveOffer_recruit', 'recruit', 'receiveOffer', '1', '2018-05-29 07:20:13', '2018-05-29 07:20:13'), ('refuse_recruit', 'recruit', 'refuse', '1', '2018-05-29 07:20:13', '2018-05-29 07:20:13'), ('refuse_recruitFreelancer', 'recruitFreelancer', 'refuse', '1', '2018-05-29 07:20:13', '2018-05-29 07:20:13'), ('start_sow', 'sow', 'start', '1', '2018-05-29 07:20:13', '2018-05-29 07:20:13'), ('submit_dismission', 'dismission', 'submit', '1', '2018-05-29 07:20:13', '2018-05-29 07:20:13'), ('submit_extension', 'extension', 'submit', '1', '2018-05-29 07:20:13', '2018-05-29 07:20:13'), ('submit_project', 'project', 'submit', '1', '2018-05-29 07:20:13', '2018-05-29 07:20:13'), ('submit_recruit', 'recruit', 'submit', '1', '2018-05-29 07:20:13', '2018-05-29 07:20:13'), ('submit_recruitFreelancer', 'recruitFreelancer', 'submit', '1', '2018-05-29 07:20:13', '2018-05-29 07:20:13'), ('submit_sow', 'sow', 'submit', '1', '2018-05-29 07:20:13', '2018-05-29 07:20:13'), ('submit_transfer', 'transfer', 'submit', '1', '2018-05-29 07:20:13', '2018-05-29 07:20:13'), ('test_program', 'program', 'test', '1', '2018-05-29 07:20:13', '2018-05-29 07:20:13'), ('transfer_transfer', 'transfer', 'transfer', '1', '2018-05-29 07:20:13', '2018-05-29 07:20:13'), ('update_clientPo', 'clientPo', 'update', '1', '2018-05-29 07:20:13', '2018-05-29 07:20:13'), ('update_dismission', 'dismission', 'update', '1', '2018-05-29 07:20:13', '2018-05-29 07:20:13'), ('update_extension', 'extension', 'update', '1', '2018-05-29 07:20:13', '2018-05-29 07:20:13'), ('update_passThrough', 'passThrough', 'update', '1', '2018-05-29 07:20:13', '2018-05-29 07:20:13'), ('update_production', 'production', 'update', '1', '2018-05-29 07:20:13', '2018-05-29 07:20:13'), ('update_project', 'project', 'update', '1', '2018-05-29 07:20:13', '2018-05-29 07:20:13'), ('update_recruit', 'recruit', 'update', '1', '2018-05-29 07:20:13', '2018-05-29 07:20:13'), ('update_recruitFreelancer', 'recruitFreelancer', 'update', '1', '2018-05-29 07:20:13', '2018-05-29 07:20:13'), ('update_setting', 'setting', 'update', '1', '2018-05-29 07:20:13', '2018-05-29 07:20:13'), ('update_staff', 'staff', 'update', '1', '2018-05-29 07:20:13', '2018-05-29 07:20:13'), ('update_transfer', 'transfer', 'update', '1', '2018-05-29 07:20:13', '2018-05-29 07:20:13'), ('upload_file', 'file', 'upload', '1', '2018-05-29 07:20:13', '2018-05-29 07:20:13');
COMMIT;

-- ----------------------------
--  Table structure for `position`
-- ----------------------------
DROP TABLE IF EXISTS `position`;
CREATE TABLE `position` (
  `id` char(36) CHARACTER SET utf8 COLLATE utf8_bin NOT NULL,
  `name` varchar(255) COLLATE utf8_unicode_ci NOT NULL,
  `year` int(11) NOT NULL,
  `skillLevel` enum('High','Middle','Low') COLLATE utf8_unicode_ci NOT NULL,
  `HCCategory` varchar(255) COLLATE utf8_unicode_ci DEFAULT NULL,
  `location` enum('Local','Expat','Common') COLLATE utf8_unicode_ci NOT NULL,
  `seqNo` varchar(255) COLLATE utf8_unicode_ci NOT NULL,
  `validDate` date DEFAULT NULL,
  `invalidDate` date DEFAULT NULL,
  `FTE` decimal(8,6) DEFAULT '0.000000',
  `annualSalary` int(11) NOT NULL DEFAULT '0',
  `annualCola` int(11) NOT NULL DEFAULT '0',
  `bonus` int(11) NOT NULL DEFAULT '0',
  `directComp` int(11) NOT NULL DEFAULT '0',
  `benefits` int(11) NOT NULL DEFAULT '0',
  `directLabor` int(11) NOT NULL DEFAULT '0',
  `overhead` int(11) NOT NULL DEFAULT '0',
  `markup` int(11) NOT NULL DEFAULT '0',
  `net` int(11) NOT NULL DEFAULT '0',
  `tax` int(11) NOT NULL DEFAULT '0',
  `gross` int(11) NOT NULL DEFAULT '0',
  `budgetIncentive` int(11) NOT NULL DEFAULT '0',
  `sowLevel` enum('level1','level2','level3','level4','level5') COLLATE utf8_unicode_ci NOT NULL,
  `status` int(11) DEFAULT '1',
  `remark` varchar(255) COLLATE utf8_unicode_ci DEFAULT NULL,
  `createdAt` datetime NOT NULL,
  `updatedAt` datetime NOT NULL,
  `expectStaffId` char(36) CHARACTER SET utf8 COLLATE utf8_bin DEFAULT NULL,
  `titleId` varchar(255) COLLATE utf8_unicode_ci DEFAULT NULL,
  `companyId` varchar(255) COLLATE utf8_unicode_ci NOT NULL,
  `fordFunctionId` varchar(255) COLLATE utf8_unicode_ci NOT NULL,
  `officeId` varchar(255) COLLATE utf8_unicode_ci NOT NULL,
  `currencyId` varchar(255) COLLATE utf8_unicode_ci NOT NULL,
  `teamId` char(36) CHARACTER SET utf8 COLLATE utf8_bin NOT NULL,
  `stdPosId` char(36) CHARACTER SET utf8 COLLATE utf8_bin NOT NULL,
  `stdPosDetailId` char(36) CHARACTER SET utf8 COLLATE utf8_bin NOT NULL,
  `createdUsr` varchar(255) COLLATE utf8_unicode_ci DEFAULT NULL,
  `updatedUsr` varchar(255) COLLATE utf8_unicode_ci DEFAULT NULL,
  PRIMARY KEY (`id`),
  KEY `expectStaffId` (`expectStaffId`),
  KEY `titleId` (`titleId`),
  KEY `companyId` (`companyId`),
  KEY `fordFunctionId` (`fordFunctionId`),
  KEY `officeId` (`officeId`),
  KEY `currencyId` (`currencyId`),
  KEY `teamId` (`teamId`),
  KEY `stdPosId` (`stdPosId`),
  KEY `stdPosDetailId` (`stdPosDetailId`),
  KEY `createdUsr` (`createdUsr`),
  KEY `updatedUsr` (`updatedUsr`),
  KEY `position_status` (`status`) USING BTREE,
  CONSTRAINT `position_ibfk_1` FOREIGN KEY (`expectStaffId`) REFERENCES `staff` (`id`) ON DELETE SET NULL ON UPDATE CASCADE,
  CONSTRAINT `position_ibfk_10` FOREIGN KEY (`createdUsr`) REFERENCES `account` (`id`) ON DELETE SET NULL ON UPDATE CASCADE,
  CONSTRAINT `position_ibfk_11` FOREIGN KEY (`updatedUsr`) REFERENCES `account` (`id`) ON DELETE SET NULL ON UPDATE CASCADE,
  CONSTRAINT `position_ibfk_2` FOREIGN KEY (`titleId`) REFERENCES `title` (`id`) ON DELETE SET NULL ON UPDATE CASCADE,
  CONSTRAINT `position_ibfk_3` FOREIGN KEY (`companyId`) REFERENCES `company` (`id`) ON DELETE NO ACTION ON UPDATE CASCADE,
  CONSTRAINT `position_ibfk_4` FOREIGN KEY (`fordFunctionId`) REFERENCES `fordFunction` (`id`) ON DELETE NO ACTION ON UPDATE CASCADE,
  CONSTRAINT `position_ibfk_5` FOREIGN KEY (`officeId`) REFERENCES `office` (`id`) ON DELETE NO ACTION ON UPDATE CASCADE,
  CONSTRAINT `position_ibfk_6` FOREIGN KEY (`currencyId`) REFERENCES `currency` (`id`) ON DELETE NO ACTION ON UPDATE CASCADE,
  CONSTRAINT `position_ibfk_7` FOREIGN KEY (`teamId`) REFERENCES `team` (`id`) ON DELETE NO ACTION ON UPDATE CASCADE,
  CONSTRAINT `position_ibfk_8` FOREIGN KEY (`stdPosId`) REFERENCES `stdPos` (`id`) ON DELETE NO ACTION ON UPDATE CASCADE,
  CONSTRAINT `position_ibfk_9` FOREIGN KEY (`stdPosDetailId`) REFERENCES `stdPosDetail` (`id`) ON DELETE NO ACTION ON UPDATE CASCADE
) ENGINE=InnoDB DEFAULT CHARSET=utf8 COLLATE=utf8_unicode_ci;

-- ----------------------------
--  Records of `position`
-- ----------------------------
BEGIN;
INSERT INTO `position` VALUES ('1', 'FAPFLE3 0001', '2018', 'High', 'Closed', 'Local', 'A', '2018-01-01', '2018-12-31', '1.000000', '18149300', '720000', '0', '19459152', '4066963', '23526115', '19434924', '6444156', '49405195', '3344732', '52749927', '4174125', 'level2', '1', null, '2018-05-29 07:20:15', '2018-05-29 07:20:15', 'bb3417a0-6310-11e8-aaf5-0f254a0c7eae', 'Account Manager', 'GTB SH', 'Client Services', 'Shanghai Offsite', 'RMB', 'bb078964-6310-11e8-aaf5-0f254a0c7eae', '4', 'bb1a4e10-6310-11e8-aaf5-0f254a0c7eae', null, null), ('10', 'FAPCRE5 0001', '2018', 'Middle', 'Closed', 'Local', 'A', '2018-01-01', '2018-12-31', '1.000000', '31850000', '720000', '0', '33605125', '7023471', '40628596', '33563283', '11128782', '85320661', '5776209', '91096870', '7208535', 'level3', '1', null, '2018-05-29 07:20:15', '2018-05-29 07:20:15', 'bb3465c5-6310-11e8-aaf5-0f254a0c7eae', 'Creative Director', 'GTB SH', 'Creative', 'Shanghai Offsite', 'RMB', 'bb078965-6310-11e8-aaf5-0f254a0c7eae', '26', 'bb1a7523-6310-11e8-aaf5-0f254a0c7eae', null, null), ('11', 'FAPPRO5 0002', '2018', 'Middle', 'Closed', 'Expat', 'A', '2018-01-01', '2018-12-31', '1.000000', '25724400', '0', '0', '26560443', '5551133', '32111576', '26527373', '8795842', '67434791', '4565335', '72000126', '5697401', 'level3', '1', null, '2018-05-29 07:20:15', '2018-05-29 07:20:15', 'bb3465c6-6310-11e8-aaf5-0f254a0c7eae', 'Platform Manager', 'GTB SH', 'Platform', 'Shanghai Offsite', 'RMB', 'bb078967-6310-11e8-aaf5-0f254a0c7eae', '28', 'bb1a7526-6310-11e8-aaf5-0f254a0c7eae', null, null), ('12', 'FAPDAT3 0001', '2018', 'Low', 'Closed', 'Local', 'A', '2018-01-01', '2018-12-31', '1.000000', '20835100', '720000', '0', '22232241', '4646538', '26878779', '22204559', '7362501', '56445839', '3821383', '60267222', '4768971', 'level2', '1', null, '2018-05-29 07:20:15', '2018-05-29 07:20:15', 'bb3465c7-6310-11e8-aaf5-0f254a0c7eae', 'Data Manager', 'GTB SH', 'Technology', 'Shanghai Offsite', 'RMB', 'bb07896e-6310-11e8-aaf5-0f254a0c7eae', '29', 'bb1a7529-6310-11e8-aaf5-0f254a0c7eae', null, null), ('13', 'FAPCRE5 0002', '2018', 'High', 'Closed', 'Local', 'A', '2018-01-01', '2018-12-31', '1.000000', '42714100', '720000', '0', '44822308', '9367862', '54190170', '44766499', '14843500', '113800169', '7704271', '121504440', '9614699', 'level3', '1', null, '2018-05-29 07:20:16', '2018-05-29 07:20:16', 'bb3465c8-6310-11e8-aaf5-0f254a0c7eae', 'Digital Designer', 'GTB SH', 'Creative', 'Shanghai Offsite', 'RMB', 'bb078965-6310-11e8-aaf5-0f254a0c7eae', '30', 'bb1a752b-6310-11e8-aaf5-0f254a0c7eae', null, null), ('14', 'FAPCRE5 0003', '2018', 'Middle', 'Closed', 'Local', 'A', '2018-01-01', '2018-12-31', '1.000000', '13022100', '720000', '0', '14165318', '2960551', '17125869', '14147680', '4691032', '35964581', '2434802', '38399383', '3038560', 'level1', '1', null, '2018-05-29 07:20:16', '2018-05-29 07:20:16', 'bb3465c9-6310-11e8-aaf5-0f254a0c7eae', 'Creative Service Manager', 'GTB SH', 'Creative', 'Shanghai Offsite', 'RMB', 'bb078965-6310-11e8-aaf5-0f254a0c7eae', '32', 'bb1a752f-6310-11e8-aaf5-0f254a0c7eae', null, null), ('15', 'FAPCRM4 0002', '2018', 'Middle', 'Closed', 'Local', 'A', '2018-01-01', '2018-12-31', '1.000000', '27066000', '720000', '0', '28665645', '5991120', '34656765', '28629954', '9493008', '72779727', '4927188', '77706915', '6148982', 'level3', '1', null, '2018-05-29 07:20:16', '2018-05-29 07:20:16', 'bb3465ca-6310-11e8-aaf5-0f254a0c7eae', 'Associate Account Director', 'GTB SH', 'Client Services', 'Shanghai Offsite', 'RMB', 'bb078963-6310-11e8-aaf5-0f254a0c7eae', '23', 'bb1a4e37-6310-11e8-aaf5-0f254a0c7eae', null, null), ('16', 'FAPCRE5 0004', '2018', 'High', 'Closed', 'Local', 'A', '2018-01-01', '2018-12-31', '1.000000', '21450000', '720000', '0', '22867125', '4779229', '27646354', '22838653', '7572751', '58057758', '3930510', '61988268', '4905159', 'level2', '1', null, '2018-05-29 07:20:16', '2018-05-29 07:20:16', 'bb3465cb-6310-11e8-aaf5-0f254a0c7eae', 'Creative Service Manager', 'GTB SH', 'Creative', 'Shanghai Offsite', 'RMB', 'bb078965-6310-11e8-aaf5-0f254a0c7eae', '32', 'bb1a752e-6310-11e8-aaf5-0f254a0c7eae', null, null), ('17', 'FAPDAT3 0002', '2018', 'Middle', 'Closed', 'Expat', 'A', '2018-01-01', '2018-12-31', '1.000000', '19232400', '0', '0', '20097858', '1909297', '22007155', '24303558', '6946607', '53257320', '9586318', '62843638', '4098498', 'level1', '1', null, '2018-05-29 07:20:16', '2018-05-29 07:20:16', 'bb348cd0-6310-11e8-aaf5-0f254a0c7eae', 'Data Manager', 'GTB IN', 'Technology', 'India Offsite', 'INR', 'bb07896e-6310-11e8-aaf5-0f254a0c7eae', '47', 'bb1a9c35-6310-11e8-aaf5-0f254a0c7eae', null, null), ('18', 'FAPPRO5 0003', '2018', 'Middle', 'Closed', 'Local', 'A', '2018-01-01', '2018-12-31', '1.000000', '28880800', '720000', '0', '30539426', '6382740', '36922166', '30501401', '10113535', '77537102', '5249262', '82786364', '6550921', 'level3', '1', null, '2018-05-29 07:20:16', '2018-05-29 07:20:16', 'bb348cd1-6310-11e8-aaf5-0f254a0c7eae', 'Senior Platform Manager', 'GTB SH', 'Platform', 'Shanghai Offsite', 'RMB', 'bb078967-6310-11e8-aaf5-0f254a0c7eae', '33', 'bb1a7530-6310-11e8-aaf5-0f254a0c7eae', null, null), ('19', 'FAPFIN3 0001', '2018', 'Middle', 'Closed', 'Local', 'A', '2018-01-01', '2018-12-31', '1.000000', '96915000', '720000', '0', '100784738', '21064010', '121848748', '100659251', '33376200', '255884199', '17323360', '273207559', '21619033', 'level5', '1', null, '2018-05-29 07:20:16', '2018-05-29 07:20:16', 'bb348cd2-6310-11e8-aaf5-0f254a0c7eae', 'Finance Director', 'GTB SH', 'Support', 'Shanghai Offsite', 'RMB', 'bb078971-6310-11e8-aaf5-0f254a0c7eae', '34', 'bb1a7532-6310-11e8-aaf5-0f254a0c7eae', null, null), ('2', 'FAPMED3 0001', '2018', 'Low', 'Closed', 'Expat', 'A', '2018-01-01', '2018-12-31', '1.000000', '72000000', '0', '0', '74340000', '15537060', '89877060', '74247439', '24618675', '188743174', '12777913', '201521087', '15946451', 'level5', '1', null, '2018-05-29 07:20:15', '2018-05-29 07:20:15', 'bb343eb0-6310-11e8-aaf5-0f254a0c7eae', 'Media Planning Director', 'GTB SH', 'Media', 'Shanghai Offsite', 'RMB', 'bb078969-6310-11e8-aaf5-0f254a0c7eae', '8', 'bb1a4e18-6310-11e8-aaf5-0f254a0c7eae', null, null), ('20', 'FAPMSU5 0001', '2018', 'Middle', 'Open', 'Local', 'A', '2018-01-01', '2018-12-31', '1.000000', '53015300', '720000', '0', '55458297', '11590784', '67049081', '55389246', '18365749', '140804076', '9532436', '150336512', '11896194', 'level4', '1', null, '2018-05-29 07:20:16', '2018-05-29 07:20:16', 'bb348cd3-6310-11e8-aaf5-0f254a0c7eae', 'Digital Analytics Director', 'GTB SH', 'Analytics', 'Shanghai Offsite', 'RMB', 'bb078968-6310-11e8-aaf5-0f254a0c7eae', '35', 'bb1a7535-6310-11e8-aaf5-0f254a0c7eae', null, null), ('21', 'FAPCAR3 0004', '2018', 'Middle', 'Open', 'Local', 'A', '2018-01-01', '2018-12-31', '1.000000', '18149300', '720000', '0', '19413779', '5843547', '25257326', '19766383', '6753556', '51777265', '3541565', '55318830', '1683617', 'level2', '1', null, '2018-05-29 07:20:16', '2018-05-29 07:20:16', 'bb348cd4-6310-11e8-aaf5-0f254a0c7eae', 'Account Manager', 'GTB SH', 'Client Services', 'China Offsite', 'RMB', 'bb078961-6310-11e8-aaf5-0f254a0c7eae', '1', 'bb1a2743-6310-11e8-aaf5-0f254a0c7eae', null, null), ('22', 'FAPADM3 0002', '2018', 'Middle', 'Closed', 'Local', 'A', '2018-01-01', '2018-12-31', '1.000000', '7235800', '720000', '0', '8190964', '1711911', '9902875', '8180765', '2712546', '20796186', '1407902', '22204088', '1757019', 'level1', '1', null, '2018-05-29 07:20:16', '2018-05-29 07:20:16', 'bb348cd5-6310-11e8-aaf5-0f254a0c7eae', 'Senior Admin Executive', 'GTB SH', 'Support', 'Shanghai Offsite', 'RMB', 'bb078970-6310-11e8-aaf5-0f254a0c7eae', '36', 'bb1a7537-6310-11e8-aaf5-0f254a0c7eae', null, null), ('23', 'FAPCAR3 0005', '2018', 'Middle', 'Closed', 'Expat', 'A', '2018-01-01', '2018-12-31', '1.000000', '24984000', '0', '0', '25795980', '5391360', '31187340', '25763862', '8542680', '65493882', '4433936', '69927818', '5533419', 'level3', '1', null, '2018-05-29 07:20:16', '2018-05-29 07:20:16', 'bb348cd6-6310-11e8-aaf5-0f254a0c7eae', 'Associate Account Director', 'GTB SH', 'Client Services', 'Shanghai Offsite', 'RMB', 'bb078961-6310-11e8-aaf5-0f254a0c7eae', '22', 'bb1a4e35-6310-11e8-aaf5-0f254a0c7eae', null, null), ('24', 'FAPCRM4 0003', '2018', 'Middle', 'Closed', 'Expat', 'A', '2018-01-01', '2018-12-31', '1.000000', '16753200', '0', '0', '17297679', '3615215', '20912894', '17276142', '5728355', '43917391', '0', '43917391', '3475202', 'level5', '1', null, '2018-05-29 07:20:16', '2018-05-29 07:20:16', 'bb348cd7-6310-11e8-aaf5-0f254a0c7eae', 'Account Manager', 'GTB SH', 'Client Services', 'Singapore Offsite', 'SGD', 'bb078963-6310-11e8-aaf5-0f254a0c7eae', '3', 'bb1a2748-6310-11e8-aaf5-0f254a0c7eae', null, null), ('25', 'FAPCRE5 0005', '2018', 'High', 'Closed', 'Expat', 'A', '2018-01-01', '2018-12-31', '1.000000', '64108800', '0', '0', '66192336', '13834198', '80026534', '66109920', '21920468', '168056922', '11377454', '179434376', '14198720', 'level4', '1', null, '2018-05-29 07:20:16', '2018-05-29 07:20:16', 'bb348cd8-6310-11e8-aaf5-0f254a0c7eae', 'Creative Director', 'GTB SH', 'Creative', 'Shanghai Offsite', 'RMB', 'bb078965-6310-11e8-aaf5-0f254a0c7eae', '27', 'bb1a7525-6310-11e8-aaf5-0f254a0c7eae', null, null), ('26', 'FAPCRE5 0006', '2018', 'Low', 'Closed', 'Expat', 'A', '2018-01-01', '2018-12-31', '1.000000', '39428400', '0', '0', '40709823', '8508353', '49218176', '40659135', '13481597', '103358908', '6997398', '110356306', '8732542', 'level3', '1', null, '2018-05-29 07:20:16', '2018-05-29 07:20:16', 'bb34b3e0-6310-11e8-aaf5-0f254a0c7eae', 'Digital Designer', 'GTB SH', 'Creative', 'Shanghai Offsite', 'RMB', 'bb078965-6310-11e8-aaf5-0f254a0c7eae', '31', 'bb1a752d-6310-11e8-aaf5-0f254a0c7eae', null, null), ('27', 'FAPHUM3 0001', '2018', 'Middle', 'Closed', 'Local', 'A', '2018-01-01', '2018-12-31', '1.000000', '6864000', '720000', '0', '7807080', '1631680', '9438760', '7797360', '2585418', '19821538', '1341918', '21163456', '1674673', 'level1', '1', null, '2018-05-29 07:20:16', '2018-05-29 07:20:16', 'bb34b3e1-6310-11e8-aaf5-0f254a0c7eae', 'Senior HR Executive', 'GTB SH', 'Support', 'Shanghai Offsite', 'RMB', 'bb07896f-6310-11e8-aaf5-0f254a0c7eae', '37', 'bb1a7538-6310-11e8-aaf5-0f254a0c7eae', null, null), ('28', 'FAPCAR3 0006', '2018', 'Middle', 'Transfer-Out', 'Expat', 'A', '2018-01-01', '2018-12-31', '1.000000', '16753200', '0', '0', '17297679', '3615215', '20912894', '17276142', '5728355', '43917391', '2973207', '46890598', '3710473', 'level2', '1', null, '2018-05-29 07:20:16', '2018-05-29 07:20:16', 'bb34b3e2-6310-11e8-aaf5-0f254a0c7eae', 'Account Manager', 'GTB SH', 'Client Services', 'Shanghai Offsite', 'RMB', 'bb078961-6310-11e8-aaf5-0f254a0c7eae', '5', 'bb1a4e12-6310-11e8-aaf5-0f254a0c7eae', null, null), ('29', 'FAPCAR3 0007', '2018', 'Middle', 'Closed', 'Local', 'A', '2018-01-01', '2018-12-31', '1.000000', '7300800', '720000', '0', '8258076', '1725938', '9984014', '8247794', '2734771', '20966579', '1419437', '22386016', '1771415', 'level1', '1', null, '2018-05-29 07:20:16', '2018-05-29 07:20:16', 'bb34b3e3-6310-11e8-aaf5-0f254a0c7eae', 'Senior Account Executive', 'GTB SH', 'Client Services', 'Shanghai Offsite', 'RMB', 'bb078961-6310-11e8-aaf5-0f254a0c7eae', '38', 'bb1a753b-6310-11e8-aaf5-0f254a0c7eae', null, null), ('3', 'FAPCAR3 0001', '2018', 'Middle', 'Closed', 'Local', 'A', '2018-01-01', '2018-12-31', '1.000000', '20056400', '720000', '0', '21428233', '4478501', '25906734', '21401553', '7096243', '54404530', '3683187', '58087717', '4596506', 'level2', '1', null, '2018-05-29 07:20:15', '2018-05-29 07:20:15', 'bb343eb1-6310-11e8-aaf5-0f254a0c7eae', 'Senior Account Manager', 'GTB SH', 'Client Services', 'Shanghai Offsite', 'RMB', 'bb078961-6310-11e8-aaf5-0f254a0c7eae', '9', 'bb1a4e1a-6310-11e8-aaf5-0f254a0c7eae', null, null), ('30', 'FAPFLE3 0002', '2018', 'High', 'Transfer-in', 'Local', 'A', '2018-01-01', '2018-12-31', '1.000000', '27066000', '720000', '0', '28665645', '5991120', '34656765', '28629954', '9493008', '72779727', '4927188', '77706915', '6148982', 'level3', '1', null, '2018-05-29 07:20:16', '2018-05-29 07:20:16', 'bb34b3e4-6310-11e8-aaf5-0f254a0c7eae', 'Associate Account Director', 'GTB SH', 'Client Services', 'Shanghai Offsite', 'RMB', 'bb078964-6310-11e8-aaf5-0f254a0c7eae', '24', 'bb1a4e39-6310-11e8-aaf5-0f254a0c7eae', null, null), ('31', 'FAPCRE5 0007', '2018', 'Low', 'Closed', 'Local', 'A', '2018-01-01', '2018-12-31', '1.000000', '25594400', '720000', '0', '27146218', '5673560', '32819778', '27112419', '8989830', '68922027', '4666021', '73588048', '5823054', 'level3', '1', null, '2018-05-29 07:20:16', '2018-05-29 07:20:16', 'bb34daf0-6310-11e8-aaf5-0f254a0c7eae', 'Senior Copywriter', 'GTB SH', 'Creative', 'Shanghai Offsite', 'RMB', 'bb078965-6310-11e8-aaf5-0f254a0c7eae', '39', 'bb1a753c-6310-11e8-aaf5-0f254a0c7eae', null, null), ('32', 'FAPFIN3 0002', '2018', 'Middle', 'Closed', 'Local', 'A', '2018-01-01', '2018-12-31', '1.000000', '15444000', '720000', '0', '16665930', '3483179', '20149109', '16645179', '5519143', '42313431', '2864619', '45178050', '3574959', 'level2', '1', null, '2018-05-29 07:20:16', '2018-05-29 07:20:16', 'bb34daf1-6310-11e8-aaf5-0f254a0c7eae', 'Accountant', 'GTB SH', 'Client Services', 'Shanghai Offsite', 'RMB', 'bb078971-6310-11e8-aaf5-0f254a0c7eae', '40', 'bb1a753f-6310-11e8-aaf5-0f254a0c7eae', null, null), ('33', 'FAPCRE5 0008', '2018', 'High', 'Closed', 'Local', 'A', '2018-01-01', '2018-12-31', '1.000000', '45700200', '720000', '0', '47905457', '10012241', '57917698', '47845810', '15864526', '121628034', '8234218', '129862252', '10276056', 'level4', '1', null, '2018-05-29 07:20:16', '2018-05-29 07:20:16', 'bb34daf2-6310-11e8-aaf5-0f254a0c7eae', 'Senior Art Director', 'GTB SH', 'Creative', 'Shanghai Offsite', 'RMB', 'bb078965-6310-11e8-aaf5-0f254a0c7eae', '41', 'bb1a7541-6310-11e8-aaf5-0f254a0c7eae', null, null), ('34', 'FAPFLE3 0003', '2018', 'Middle', 'Closed', 'Local', 'A', '2018-01-01', '2018-12-31', '1.000000', '67275000', '720000', '0', '70181438', '14667921', '84849359', '70094055', '23241512', '178184926', '12063119', '190248045', '15054411', 'level4', '1', null, '2018-05-29 07:20:16', '2018-05-29 07:20:16', 'bb34daf3-6310-11e8-aaf5-0f254a0c7eae', 'Senior Account Director', 'GTB SH', 'Client Services', 'Shanghai Offsite', 'RMB', 'bb078964-6310-11e8-aaf5-0f254a0c7eae', '21', 'bb1a4e33-6310-11e8-aaf5-0f254a0c7eae', null, null), ('35', 'FAPCRE5 0009', '2018', 'High', 'Open', 'Local', 'A', '2018-01-01', '2018-12-31', '1.000000', '17745000', '720000', '0', '19041713', '3979718', '23021431', '19018004', '6305915', '48345350', '3272980', '51618330', '4084581', 'level2', '1', null, '2018-05-29 07:20:16', '2018-05-29 07:20:16', 'bb34daf4-6310-11e8-aaf5-0f254a0c7eae', 'Designer', 'GTB SH', 'Creative', 'Shanghai Offsite', 'RMB', 'bb078965-6310-11e8-aaf5-0f254a0c7eae', '42', 'bb1a7542-6310-11e8-aaf5-0f254a0c7eae', null, null), ('36', 'FAPFLE3 0004', '2018', 'High', 'Closed', 'Local', 'A', '2018-01-01', '2018-12-31', '1.000000', '36855000', '720000', '0', '38772788', '8103513', '46876301', '38724512', '12840122', '98440935', '6664451', '105105386', '8317035', 'level3', '1', null, '2018-05-29 07:20:16', '2018-05-29 07:20:16', 'bb34daf5-6310-11e8-aaf5-0f254a0c7eae', 'Associate Account Director', 'GTB SH', 'Client Services', 'Shanghai Offsite', 'RMB', 'bb078964-6310-11e8-aaf5-0f254a0c7eae', '24', 'bb1a4e39-6310-11e8-aaf5-0f254a0c7eae', null, null), ('37', 'FAPCRM4 0004', '2018', 'Middle', 'Closed', 'Expat', 'A', '2018-01-01', '2018-12-31', '1.000000', '54180000', '0', '0', '55940850', '11691638', '67632488', '55871198', '18525553', '142029239', '9615379', '151644618', '11999705', 'level4', '1', null, '2018-05-29 07:20:16', '2018-05-29 07:20:16', 'bb34daf6-6310-11e8-aaf5-0f254a0c7eae', 'CRM Lead', 'GTB SH', 'Client Services', 'Shanghai Offsite', 'RMB', 'bb078963-6310-11e8-aaf5-0f254a0c7eae', '43', 'bb1a7544-6310-11e8-aaf5-0f254a0c7eae', null, null), ('38', 'FAPCRM4 0005', '2018', 'Middle', 'Closed', 'Local', 'A', '2018-01-01', '2018-12-31', '1.000000', '39617500', '720000', '0', '41625069', '8699639', '50324708', '41573241', '13784692', '105682641', '7154715', '112837356', '8928869', 'level3', '1', null, '2018-05-29 07:20:16', '2018-05-29 07:20:16', 'bb34daf7-6310-11e8-aaf5-0f254a0c7eae', 'Account Director', 'GTB SH', 'Client Services', 'Shanghai Offsite', 'RMB', 'bb078963-6310-11e8-aaf5-0f254a0c7eae', '15', 'bb1a4e27-6310-11e8-aaf5-0f254a0c7eae', null, null), ('39', 'FAPCAR3 0008', '2018', 'Middle', 'Open', 'Local', 'A', '2018-01-01', '2018-12-31', '1.000000', '7300800', '720000', '0', '8258076', '1725938', '9984014', '8247794', '2734771', '20966579', '1419437', '22386016', '1771415', 'level1', '1', null, '2018-05-29 07:20:16', '2018-05-29 07:20:16', 'bb34daf8-6310-11e8-aaf5-0f254a0c7eae', 'Senior Account Executive', 'GTB SH', 'Client Services', 'Shanghai Offsite', 'RMB', 'bb078961-6310-11e8-aaf5-0f254a0c7eae', '38', 'bb1a753b-6310-11e8-aaf5-0f254a0c7eae', null, null), ('4', 'FAPADM3 0001', '2018', 'Middle', 'Closed', 'Local', 'A', '2018-01-01', '2018-12-31', '1.000000', '28184000', '720000', '0', '29819980', '6232376', '36052356', '29782851', '9875281', '75710488', '5125600', '80836088', '6396595', 'level3', '1', null, '2018-05-29 07:20:15', '2018-05-29 07:20:15', 'bb343eb2-6310-11e8-aaf5-0f254a0c7eae', 'Senior Office Manager', 'GTB SH', 'Support', 'Shanghai Offsite', 'RMB', 'bb078970-6310-11e8-aaf5-0f254a0c7eae', '13', 'bb1a4e22-6310-11e8-aaf5-0f254a0c7eae', null, null), ('40', 'FAPACC6 0001', '2018', 'Middle', 'Closed', 'Local', 'A', '2018-01-01', '2018-12-31', '1.000000', '67600000', '720000', '0', '70517000', '14738053', '85255053', '70429199', '23352638', '179036890', '12120797', '191157687', '15126391', 'level4', '1', null, '2018-05-29 07:20:16', '2018-05-29 07:20:16', 'bb34daf9-6310-11e8-aaf5-0f254a0c7eae', 'Group Account Director', 'GTB SH', 'Client Services', 'Shanghai Offsite', 'RMB', 'bb07896a-6310-11e8-aaf5-0f254a0c7eae', '44', 'bb1a7547-6310-11e8-aaf5-0f254a0c7eae', null, null), ('41', 'FAPCAR3 0009', '2018', 'Middle', 'Left', 'Local', 'A', '2018-01-01', '2018-12-31', '1.000000', '7300800', '720000', '0', '8258076', '1725938', '9984014', '8247794', '2734771', '20966579', '1419437', '22386016', '1771415', 'level1', '1', null, '2018-05-29 07:20:16', '2018-05-29 07:20:16', 'bb34dafa-6310-11e8-aaf5-0f254a0c7eae', 'Senior Account Executive', 'GTB SH', 'Client Services', 'Shanghai Offsite', 'RMB', 'bb078961-6310-11e8-aaf5-0f254a0c7eae', '38', 'bb1a753b-6310-11e8-aaf5-0f254a0c7eae', null, null), ('42', 'FAPCAR3 0010', '2018', 'Middle', 'Closed', 'Local', 'A', '2018-01-01', '2018-12-31', '1.000000', '7300800', '720000', '0', '8258076', '1725938', '9984014', '8247794', '2734771', '20966579', '1419437', '22386016', '1771415', 'level1', '1', null, '2018-05-29 07:20:16', '2018-05-29 07:20:16', 'bb34dafb-6310-11e8-aaf5-0f254a0c7eae', 'Senior Account Executive', 'GTB SH', 'Client Services', 'Shanghai Offsite', 'RMB', 'bb078961-6310-11e8-aaf5-0f254a0c7eae', '38', 'bb1a753b-6310-11e8-aaf5-0f254a0c7eae', null, null), ('43', 'BOHCAR3 0001', '2018', 'Middle', 'Closed', 'Local', 'A', '2018-01-01', '2018-12-31', '1.000000', '7300800', '720000', '0', '8258076', '1725938', '9984014', '8247794', '2734771', '20966579', '1419437', '22386016', '1771415', 'level1', '1', null, '2018-05-29 07:20:16', '2018-05-29 07:20:16', 'bb34dafc-6310-11e8-aaf5-0f254a0c7eae', 'Senior Account Executive', 'GTB SH', 'Client Services', 'Shanghai Offsite', 'RMB', 'bb078961-6310-11e8-aaf5-0f254a0c7eae', '38', 'bb1a753b-6310-11e8-aaf5-0f254a0c7eae', null, null), ('44', 'BOHDIG3 0001', '2018', 'Middle', 'Closed', 'Expat', 'A', '2018-01-01', '2018-12-31', '1.000000', '18513600', '0', '0', '19115292', '3995096', '23110388', '19091492', '6330282', '48532162', '3285627', '51817789', '4100364', 'level2', '1', null, '2018-05-29 07:20:16', '2018-05-29 07:20:16', 'bb34dafd-6310-11e8-aaf5-0f254a0c7eae', 'Senior Account Manager', 'GTB SH', 'Client Services', 'Shanghai Offsite', 'RMB', 'bb078962-6310-11e8-aaf5-0f254a0c7eae', '12', 'bb1a4e21-6310-11e8-aaf5-0f254a0c7eae', null, null), ('45', 'BOHDAT3 0001', '2018', 'Middle', 'Transfer-Out', 'Expat', 'A', '2018-01-01', '2018-12-31', '1.000000', '5280000', '0', '0', '5491200', '494208', '5985408', '1819564', '1170746', '8975718', '1615629', '10591347', '690740', 'level1', '1', null, '2018-05-29 07:20:16', '2018-05-29 07:20:16', 'bb34dafe-6310-11e8-aaf5-0f254a0c7eae', 'Data Executive', 'GTB IN', 'Technology', 'India Onsite', 'INR', 'bb07896e-6310-11e8-aaf5-0f254a0c7eae', '49', 'bb1a9c39-6310-11e8-aaf5-0f254a0c7eae', null, null), ('46', 'BOHDAT3 0002', '2018', 'Low', 'Transfer-in', 'Expat', 'A', '2018-01-01', '2018-12-31', '1.000000', '5280000', '0', '0', '5385600', '872467', '6258067', '1772610', '1204602', '9235279', '646470', '9881749', '549941', 'level1', '1', null, '2018-05-29 07:20:16', '2018-05-29 07:20:16', 'bb34daff-6310-11e8-aaf5-0f254a0c7eae', 'Data Executive', 'WM TH', 'Technology', 'Thailand Onsite', 'THB', 'bb07896e-6310-11e8-aaf5-0f254a0c7eae', '48', 'bb1a9c37-6310-11e8-aaf5-0f254a0c7eae', null, null), ('47', 'BOHDAT3 0003', '2018', 'Middle', 'Closed', 'Expat', 'A', '2018-01-01', '2018-12-31', '1.000000', '5280000', '0', '0', '5491200', '494208', '5985408', '1819564', '1170746', '8975718', '1615629', '10591347', '690740', 'level1', '1', null, '2018-05-29 07:20:16', '2018-05-29 07:20:16', 'bb34db00-6310-11e8-aaf5-0f254a0c7eae', 'Data Executive', 'GTB IN', 'Technology', 'India Onsite', 'INR', 'bb07896e-6310-11e8-aaf5-0f254a0c7eae', '49', 'bb1a9c39-6310-11e8-aaf5-0f254a0c7eae', null, null), ('48', 'BOHDAT3 0004', '2018', 'Middle', 'Closed', 'Expat', 'A', '2018-01-01', '2018-12-31', '1.000000', '5280000', '0', '0', '5385600', '872467', '6258067', '1772610', '1204602', '9235279', '646470', '9881749', '549941', 'level1', '1', null, '2018-05-29 07:20:16', '2018-05-29 07:20:16', 'bb34db01-6310-11e8-aaf5-0f254a0c7eae', 'Data Executive', 'WM TH', 'Technology', 'Thailand Onsite', 'THB', 'bb07896e-6310-11e8-aaf5-0f254a0c7eae', '48', 'bb1a9c36-6310-11e8-aaf5-0f254a0c7eae', null, null), ('49', 'BOHDAT3 0005', '2018', 'Middle', 'Closed', 'Expat', 'A', '2018-01-01', '2018-12-31', '1.000000', '5280000', '0', '0', '5491200', '494208', '5985408', '1819564', '1170746', '8975718', '1615629', '10591347', '690740', 'level1', '1', null, '2018-05-29 07:20:16', '2018-05-29 07:20:16', 'bb34db02-6310-11e8-aaf5-0f254a0c7eae', 'Data Executive', 'GTB IN', 'Technology', 'India Onsite', 'INR', 'bb07896e-6310-11e8-aaf5-0f254a0c7eae', '49', 'bb1a9c39-6310-11e8-aaf5-0f254a0c7eae', null, null), ('5', 'FAPDIG3 0001', '2018', 'Middle', 'Closed', 'Local', 'A', '2018-01-01', '2018-12-31', '1.000000', '110146400', '720000', '0', '114446158', '23919247', '138365405', '114303661', '37900360', '290569426', '19671550', '310240976', '24549503', 'level5', '1', null, '2018-05-29 07:20:15', '2018-05-29 07:20:15', 'bb3465c0-6310-11e8-aaf5-0f254a0c7eae', 'Account Director', 'GTB SH', 'Client Services', 'Shanghai Offsite', 'RMB', 'bb078962-6310-11e8-aaf5-0f254a0c7eae', '14', 'bb1a4e24-6310-11e8-aaf5-0f254a0c7eae', null, null), ('50', 'BOHDAT3 0006', '2018', 'Low', 'Open', 'Expat', 'A', '2018-01-01', '2018-12-31', '1.000000', '19232400', '0', '0', '19617048', '3177962', '22795010', '19033833', '6274326', '48103169', '3367222', '51470391', '2864439', 'level1', '1', null, '2018-05-29 07:20:16', '2018-05-29 07:20:16', 'bb34db03-6310-11e8-aaf5-0f254a0c7eae', 'Data Manager', 'JWT TH', 'Technology', 'Thailand Offsite', 'THB', 'bb07896e-6310-11e8-aaf5-0f254a0c7eae', '46', 'bb1a9c32-6310-11e8-aaf5-0f254a0c7eae', null, null), ('51', 'BOHCAR3 0002', '2018', 'Middle', 'Closed', 'Expat', 'A', '2018-01-01', '2018-12-31', '1.000000', '36570000', '0', '0', '37758525', '7891532', '45650057', '37711512', '12504235', '95865804', '6490115', '102355919', '8099468', 'level3', '1', null, '2018-05-29 07:20:16', '2018-05-29 07:20:16', 'bb34db04-6310-11e8-aaf5-0f254a0c7eae', 'Account Director', 'JWT AU', 'Client Services', 'Shanghai Offsite', 'RMB', 'bb078961-6310-11e8-aaf5-0f254a0c7eae', '17', 'bb1a4e2b-6310-11e8-aaf5-0f254a0c7eae', null, null), ('52', 'BOHDAT3 0007', '2018', 'Low', 'Closed', 'Expat', 'A', '2018-01-01', '2018-12-31', '1.000000', '5280000', '0', '0', '5385600', '872467', '6258067', '1772610', '1204602', '9235279', '646470', '9881749', '549941', 'level1', '1', null, '2018-05-29 07:20:16', '2018-05-29 07:20:16', 'bb34db05-6310-11e8-aaf5-0f254a0c7eae', 'Data Executive', 'WM TH', 'Technology', 'Thailand Onsite', 'THB', 'bb07896e-6310-11e8-aaf5-0f254a0c7eae', '48', 'bb1a9c37-6310-11e8-aaf5-0f254a0c7eae', null, null), ('53', 'BOHDAT3 0008', '2018', 'Low', 'Closed', 'Expat', 'A', '2018-01-01', '2018-12-31', '1.000000', '5280000', '0', '0', '5385600', '872467', '6258067', '1772610', '1204602', '9235279', '646470', '9881749', '549941', 'level1', '1', null, '2018-05-29 07:20:16', '2018-05-29 07:20:16', 'bb350200-6310-11e8-aaf5-0f254a0c7eae', 'Data Executive', 'WM TH', 'Technology', 'Thailand Onsite', 'THB', 'bb07896e-6310-11e8-aaf5-0f254a0c7eae', '48', 'bb1a9c37-6310-11e8-aaf5-0f254a0c7eae', null, null), ('6', 'FAPCAR3 0002', '2018', 'Low', 'Closed', 'Expat', 'A', '2018-01-01', '2018-12-31', '1.000000', '62100000', '0', '0', '64118250', '13400714', '77518964', '64038416', '21233607', '162790987', '11020950', '173811937', '13753814', 'level4', '1', null, '2018-05-29 07:20:15', '2018-05-29 07:20:15', 'bb3465c1-6310-11e8-aaf5-0f254a0c7eae', 'Senior Account Director', 'GTB SH', 'Client Services', 'Shanghai Offsite', 'RMB', 'bb078961-6310-11e8-aaf5-0f254a0c7eae', '18', 'bb1a4e2d-6310-11e8-aaf5-0f254a0c7eae', null, null), ('7', 'FAPCAR3 0003', '2018', 'Middle', 'Closed', 'Expat', 'A', '2018-01-01', '2018-12-31', '1.000000', '24984000', '0', '0', '25795980', '5391360', '31187340', '25763862', '8542680', '65493882', '4433936', '69927818', '5533419', 'level3', '1', null, '2018-05-29 07:20:15', '2018-05-29 07:20:15', 'bb3465c2-6310-11e8-aaf5-0f254a0c7eae', 'Associate Account Director', 'GTB SH', 'Client Services', 'Shanghai Offsite', 'RMB', 'bb078961-6310-11e8-aaf5-0f254a0c7eae', '22', 'bb1a4e35-6310-11e8-aaf5-0f254a0c7eae', null, null), ('8', 'FAPCRM4 0001', '2018', 'High', 'Closed', 'Expat', 'A', '2018-01-01', '2018-12-31', '1.000000', '18513600', '0', '0', '19115292', '3995096', '23110388', '19091492', '6330282', '48532162', '3285627', '51817789', '4100364', 'level2', '1', null, '2018-05-29 07:20:15', '2018-05-29 07:20:15', 'bb3465c3-6310-11e8-aaf5-0f254a0c7eae', 'Senior Account Manager', 'GTB SH', 'Client Services', 'Shanghai Offsite', 'RMB', 'bb078963-6310-11e8-aaf5-0f254a0c7eae', '11', 'bb1a4e1e-6310-11e8-aaf5-0f254a0c7eae', null, null), ('9', 'FAPPRO5 0001', '2018', 'Middle', 'Closed', 'Local', 'A', '2018-01-01', '2018-12-31', '1.000000', '58860100', '720000', '0', '61493053', '12852048', '74345101', '61416488', '20364238', '156125827', '10569718', '166695545', '13190691', 'level4', '1', null, '2018-05-29 07:20:15', '2018-05-29 07:20:15', 'bb3465c4-6310-11e8-aaf5-0f254a0c7eae', 'Platform Lead', 'GTB SH', 'Platform', 'Shanghai Offsite', 'RMB', 'bb078967-6310-11e8-aaf5-0f254a0c7eae', '25', 'bb1a7520-6310-11e8-aaf5-0f254a0c7eae', null, null);
COMMIT;

-- ----------------------------
--  Table structure for `positionLog`
-- ----------------------------
DROP TABLE IF EXISTS `positionLog`;
CREATE TABLE `positionLog` (
  `id` char(36) CHARACTER SET utf8 COLLATE utf8_bin NOT NULL,
  `name` varchar(255) COLLATE utf8_unicode_ci NOT NULL,
  `seqNo` varchar(255) COLLATE utf8_unicode_ci NOT NULL,
  `year` int(11) NOT NULL,
  `wasStaffName` varchar(255) COLLATE utf8_unicode_ci DEFAULT NULL,
  `skillLevel` enum('High','Middle','Low') COLLATE utf8_unicode_ci NOT NULL,
  `location` enum('Local','Expat','Common') COLLATE utf8_unicode_ci NOT NULL,
  `entryDate` datetime DEFAULT NULL,
  `leaveDate` datetime DEFAULT NULL,
  `sowLevel` enum('level1','level2','level3','level4','level5') COLLATE utf8_unicode_ci NOT NULL,
  `flowStatus` enum('Open','Recruiting','Closed','TransferringIn','TransferredIn','TransferringOut','TransferredOut','Leaving','Left') COLLATE utf8_unicode_ci NOT NULL,
  `status` int(11) DEFAULT '1',
  `remark` varchar(255) COLLATE utf8_unicode_ci DEFAULT NULL,
  `createdAt` datetime NOT NULL,
  `updatedAt` datetime NOT NULL,
  `positionId` char(36) CHARACTER SET utf8 COLLATE utf8_bin NOT NULL,
  `staffId` char(36) CHARACTER SET utf8 COLLATE utf8_bin DEFAULT NULL,
  `titleId` varchar(255) COLLATE utf8_unicode_ci DEFAULT NULL,
  `companyId` varchar(255) COLLATE utf8_unicode_ci NOT NULL,
  `fordFunctionId` varchar(255) COLLATE utf8_unicode_ci NOT NULL,
  `officeId` varchar(255) COLLATE utf8_unicode_ci NOT NULL,
  `currencyId` varchar(255) COLLATE utf8_unicode_ci NOT NULL,
  `teamId` char(36) CHARACTER SET utf8 COLLATE utf8_bin NOT NULL,
  `stdPosId` char(36) CHARACTER SET utf8 COLLATE utf8_bin NOT NULL,
  `stdPosDetailId` char(36) CHARACTER SET utf8 COLLATE utf8_bin NOT NULL,
  `createdUsr` varchar(255) COLLATE utf8_unicode_ci DEFAULT NULL,
  `updatedUsr` varchar(255) COLLATE utf8_unicode_ci DEFAULT NULL,
  PRIMARY KEY (`id`),
  KEY `positionId` (`positionId`),
  KEY `staffId` (`staffId`),
  KEY `titleId` (`titleId`),
  KEY `companyId` (`companyId`),
  KEY `fordFunctionId` (`fordFunctionId`),
  KEY `officeId` (`officeId`),
  KEY `currencyId` (`currencyId`),
  KEY `teamId` (`teamId`),
  KEY `stdPosId` (`stdPosId`),
  KEY `stdPosDetailId` (`stdPosDetailId`),
  KEY `createdUsr` (`createdUsr`),
  KEY `updatedUsr` (`updatedUsr`),
  KEY `position_log_status` (`status`) USING BTREE,
  CONSTRAINT `positionlog_ibfk_1` FOREIGN KEY (`positionId`) REFERENCES `position` (`id`) ON DELETE NO ACTION ON UPDATE CASCADE,
  CONSTRAINT `positionlog_ibfk_10` FOREIGN KEY (`stdPosDetailId`) REFERENCES `stdPosDetail` (`id`) ON DELETE NO ACTION ON UPDATE CASCADE,
  CONSTRAINT `positionlog_ibfk_11` FOREIGN KEY (`createdUsr`) REFERENCES `account` (`id`) ON DELETE SET NULL ON UPDATE CASCADE,
  CONSTRAINT `positionlog_ibfk_12` FOREIGN KEY (`updatedUsr`) REFERENCES `account` (`id`) ON DELETE SET NULL ON UPDATE CASCADE,
  CONSTRAINT `positionlog_ibfk_2` FOREIGN KEY (`staffId`) REFERENCES `staff` (`id`) ON DELETE SET NULL ON UPDATE CASCADE,
  CONSTRAINT `positionlog_ibfk_3` FOREIGN KEY (`titleId`) REFERENCES `title` (`id`) ON DELETE SET NULL ON UPDATE CASCADE,
  CONSTRAINT `positionlog_ibfk_4` FOREIGN KEY (`companyId`) REFERENCES `company` (`id`) ON DELETE NO ACTION ON UPDATE CASCADE,
  CONSTRAINT `positionlog_ibfk_5` FOREIGN KEY (`fordFunctionId`) REFERENCES `fordFunction` (`id`) ON DELETE NO ACTION ON UPDATE CASCADE,
  CONSTRAINT `positionlog_ibfk_6` FOREIGN KEY (`officeId`) REFERENCES `office` (`id`) ON DELETE NO ACTION ON UPDATE CASCADE,
  CONSTRAINT `positionlog_ibfk_7` FOREIGN KEY (`currencyId`) REFERENCES `currency` (`id`) ON DELETE NO ACTION ON UPDATE CASCADE,
  CONSTRAINT `positionlog_ibfk_8` FOREIGN KEY (`teamId`) REFERENCES `team` (`id`) ON DELETE NO ACTION ON UPDATE CASCADE,
  CONSTRAINT `positionlog_ibfk_9` FOREIGN KEY (`stdPosId`) REFERENCES `stdPos` (`id`) ON DELETE NO ACTION ON UPDATE CASCADE
) ENGINE=InnoDB DEFAULT CHARSET=utf8 COLLATE=utf8_unicode_ci;

-- ----------------------------
--  Records of `positionLog`
-- ----------------------------
BEGIN;
INSERT INTO `positionLog` VALUES ('bc3c5fe0-6310-11e8-aaf5-0f254a0c7eae', 'FAPFLE3 0001', 'A', '2018', null, 'High', 'Local', '2018-01-01 00:00:00', null, 'level3', 'Closed', '1', null, '2018-05-29 07:20:16', '2018-05-29 07:20:16', '1', 'bb3417a0-6310-11e8-aaf5-0f254a0c7eae', 'Account Manager', 'GTB SH', 'Client Services', 'Shanghai Offsite', 'RMB', 'bb078964-6310-11e8-aaf5-0f254a0c7eae', '4', 'bb1a9c41-6310-11e8-aaf5-0f254a0c7eae', null, null), ('bc405780-6310-11e8-aaf5-0f254a0c7eae', 'FAPMED3 0001', 'A', '2018', null, 'Low', 'Expat', '2018-01-01 00:00:00', null, 'level5', 'Closed', '1', null, '2018-05-29 07:20:16', '2018-05-29 07:20:16', '2', 'bb343eb0-6310-11e8-aaf5-0f254a0c7eae', 'Media Planning Director', 'GTB SH', 'Media', 'Shanghai Offsite', 'RMB', 'bb078969-6310-11e8-aaf5-0f254a0c7eae', '8', 'bb1a9c49-6310-11e8-aaf5-0f254a0c7eae', null, null), ('bc4364c0-6310-11e8-aaf5-0f254a0c7eae', 'FAPCAR3 0001', 'A', '2018', null, 'Middle', 'Local', '2018-01-01 00:00:00', null, 'level3', 'Closed', '1', null, '2018-05-29 07:20:16', '2018-05-29 07:20:16', '3', 'bb343eb1-6310-11e8-aaf5-0f254a0c7eae', 'Senior Account Manager', 'GTB SH', 'Client Services', 'Shanghai Offsite', 'RMB', 'bb078961-6310-11e8-aaf5-0f254a0c7eae', '9', 'bb1a9c4b-6310-11e8-aaf5-0f254a0c7eae', null, null), ('bc467200-6310-11e8-aaf5-0f254a0c7eae', 'FAPADM3 0001', 'A', '2018', null, 'Middle', 'Local', '2018-01-01 00:00:00', null, 'level4', 'Closed', '1', null, '2018-05-29 07:20:16', '2018-05-29 07:20:16', '4', 'bb343eb2-6310-11e8-aaf5-0f254a0c7eae', 'Senior Office Manager', 'GTB SH', 'Support', 'Shanghai Offsite', 'RMB', 'bb078970-6310-11e8-aaf5-0f254a0c7eae', '13', 'bb1a9c53-6310-11e8-aaf5-0f254a0c7eae', null, null), ('bc495830-6310-11e8-aaf5-0f254a0c7eae', 'FAPDIG3 0001', 'A', '2018', null, 'Middle', 'Local', '2018-01-01 00:00:00', null, 'level5', 'Closed', '1', null, '2018-05-29 07:20:16', '2018-05-29 07:20:16', '5', 'bb3465c0-6310-11e8-aaf5-0f254a0c7eae', 'Account Director', 'GTB SH', 'Client Services', 'Shanghai Offsite', 'RMB', 'bb078962-6310-11e8-aaf5-0f254a0c7eae', '14', 'bb1a9c55-6310-11e8-aaf5-0f254a0c7eae', null, null), ('bc4c1750-6310-11e8-aaf5-0f254a0c7eae', 'FAPCAR3 0002', 'A', '2018', null, 'Low', 'Expat', '2018-01-01 00:00:00', null, 'level5', 'Closed', '1', null, '2018-05-29 07:20:16', '2018-05-29 07:20:16', '6', 'bb3465c1-6310-11e8-aaf5-0f254a0c7eae', 'Senior Account Director', 'GTB SH', 'Client Services', 'Shanghai Offsite', 'RMB', 'bb078961-6310-11e8-aaf5-0f254a0c7eae', '18', 'bb1a9c5e-6310-11e8-aaf5-0f254a0c7eae', null, null), ('bc4f4ba0-6310-11e8-aaf5-0f254a0c7eae', 'FAPCAR3 0003', 'A', '2018', null, 'Middle', 'Expat', '2018-01-01 00:00:00', null, 'level4', 'Closed', '1', null, '2018-05-29 07:20:16', '2018-05-29 07:20:16', '7', 'bb3465c2-6310-11e8-aaf5-0f254a0c7eae', 'Associate Account Director', 'GTB SH', 'Client Services', 'Shanghai Offsite', 'RMB', 'bb078961-6310-11e8-aaf5-0f254a0c7eae', '22', 'bb1a9c66-6310-11e8-aaf5-0f254a0c7eae', null, null), ('bc5231d0-6310-11e8-aaf5-0f254a0c7eae', 'FAPCRM4 0001', 'A', '2018', null, 'High', 'Expat', '2018-01-01 00:00:00', null, 'level3', 'Closed', '1', null, '2018-05-29 07:20:16', '2018-05-29 07:20:16', '8', 'bb3465c3-6310-11e8-aaf5-0f254a0c7eae', 'Senior Account Manager', 'GTB SH', 'Client Services', 'Shanghai Offsite', 'RMB', 'bb078963-6310-11e8-aaf5-0f254a0c7eae', '11', 'bb1a9c4f-6310-11e8-aaf5-0f254a0c7eae', null, null), ('bc553f10-6310-11e8-aaf5-0f254a0c7eae', 'FAPPRO5 0001', 'A', '2018', null, 'Middle', 'Local', '2018-01-01 00:00:00', null, 'level5', 'Closed', '1', null, '2018-05-29 07:20:16', '2018-05-29 07:20:16', '9', 'bb3465c4-6310-11e8-aaf5-0f254a0c7eae', 'Platform Lead', 'GTB SH', 'Platform', 'Shanghai Offsite', 'RMB', 'bb078967-6310-11e8-aaf5-0f254a0c7eae', '25', 'bb1a9c6c-6310-11e8-aaf5-0f254a0c7eae', null, null), ('bc595dc0-6310-11e8-aaf5-0f254a0c7eae', 'FAPCRE5 0001', 'A', '2018', null, 'Middle', 'Local', '2018-01-01 00:00:00', null, 'level4', 'Closed', '1', null, '2018-05-29 07:20:16', '2018-05-29 07:20:16', '10', 'bb3465c5-6310-11e8-aaf5-0f254a0c7eae', 'Creative Director', 'GTB SH', 'Creative', 'Shanghai Offsite', 'RMB', 'bb078965-6310-11e8-aaf5-0f254a0c7eae', '26', 'bb1a9c6f-6310-11e8-aaf5-0f254a0c7eae', null, null), ('bc5c1ce0-6310-11e8-aaf5-0f254a0c7eae', 'FAPPRO5 0002', 'A', '2018', null, 'Middle', 'Expat', '2018-01-01 00:00:00', null, 'level4', 'Closed', '1', null, '2018-05-29 07:20:16', '2018-05-29 07:20:16', '11', 'bb3465c6-6310-11e8-aaf5-0f254a0c7eae', 'Platform Manager', 'GTB SH', 'Platform', 'Shanghai Offsite', 'RMB', 'bb078967-6310-11e8-aaf5-0f254a0c7eae', '28', 'bb1a9c72-6310-11e8-aaf5-0f254a0c7eae', null, null), ('bc5f9f50-6310-11e8-aaf5-0f254a0c7eae', 'FAPDAT3 0001', 'A', '2018', null, 'Low', 'Local', '2018-01-01 00:00:00', null, 'level3', 'Closed', '1', null, '2018-05-29 07:20:16', '2018-05-29 07:20:16', '12', 'bb3465c7-6310-11e8-aaf5-0f254a0c7eae', 'Data Manager', 'GTB SH', 'Technology', 'Shanghai Offsite', 'RMB', 'bb07896e-6310-11e8-aaf5-0f254a0c7eae', '29', 'bb1a9c75-6310-11e8-aaf5-0f254a0c7eae', null, null), ('bc628580-6310-11e8-aaf5-0f254a0c7eae', 'FAPCRE5 0002', 'A', '2018', null, 'High', 'Local', '2018-01-01 00:00:00', null, 'level5', 'Closed', '1', null, '2018-05-29 07:20:16', '2018-05-29 07:20:16', '13', 'bb3465c8-6310-11e8-aaf5-0f254a0c7eae', 'Digital Designer', 'GTB SH', 'Creative', 'Shanghai Offsite', 'RMB', 'bb078965-6310-11e8-aaf5-0f254a0c7eae', '30', 'bb1ac341-6310-11e8-aaf5-0f254a0c7eae', null, null), ('bc6544a0-6310-11e8-aaf5-0f254a0c7eae', 'FAPCRE5 0003', 'A', '2018', null, 'Middle', 'Local', '2018-01-01 00:00:00', null, 'level3', 'Closed', '1', null, '2018-05-29 07:20:16', '2018-05-29 07:20:16', '14', 'bb3465c9-6310-11e8-aaf5-0f254a0c7eae', 'Creative Service Manager', 'GTB SH', 'Creative', 'Shanghai Offsite', 'RMB', 'bb078965-6310-11e8-aaf5-0f254a0c7eae', '32', 'bb1ac345-6310-11e8-aaf5-0f254a0c7eae', null, null), ('bc6878f0-6310-11e8-aaf5-0f254a0c7eae', 'FAPCRM4 0002', 'A', '2018', null, 'Middle', 'Local', '2018-01-01 00:00:00', null, 'level4', 'Closed', '1', null, '2018-05-29 07:20:16', '2018-05-29 07:20:16', '15', 'bb3465ca-6310-11e8-aaf5-0f254a0c7eae', 'Associate Account Director', 'GTB SH', 'Client Services', 'Shanghai Offsite', 'RMB', 'bb078963-6310-11e8-aaf5-0f254a0c7eae', '23', 'bb1a9c68-6310-11e8-aaf5-0f254a0c7eae', null, null), ('bc6b3810-6310-11e8-aaf5-0f254a0c7eae', 'FAPCRE5 0004', 'A', '2018', null, 'High', 'Local', '2018-01-01 00:00:00', null, 'level3', 'Closed', '1', null, '2018-05-29 07:20:16', '2018-05-29 07:20:16', '16', 'bb3465cb-6310-11e8-aaf5-0f254a0c7eae', 'Creative Service Manager', 'GTB SH', 'Creative', 'Shanghai Offsite', 'RMB', 'bb078965-6310-11e8-aaf5-0f254a0c7eae', '32', 'bb1ac344-6310-11e8-aaf5-0f254a0c7eae', null, null), ('bc6df730-6310-11e8-aaf5-0f254a0c7eae', 'FAPDAT3 0002', 'A', '2018', null, 'Middle', 'Expat', '2018-01-01 00:00:00', null, 'level1', 'Closed', '1', null, '2018-05-29 07:20:16', '2018-05-29 07:20:16', '17', 'bb348cd0-6310-11e8-aaf5-0f254a0c7eae', 'Data Manager', 'GTB IN', 'Technology', 'India Offsite', 'INR', 'bb07896e-6310-11e8-aaf5-0f254a0c7eae', '47', 'bb1aea63-6310-11e8-aaf5-0f254a0c7eae', null, null), ('bc704120-6310-11e8-aaf5-0f254a0c7eae', 'FAPPRO5 0003', 'A', '2018', null, 'Middle', 'Local', '2018-01-01 00:00:00', null, 'level4', 'Closed', '1', null, '2018-05-29 07:20:16', '2018-05-29 07:20:16', '18', 'bb348cd1-6310-11e8-aaf5-0f254a0c7eae', 'Senior Platform Manager', 'GTB SH', 'Platform', 'Shanghai Offsite', 'RMB', 'bb078967-6310-11e8-aaf5-0f254a0c7eae', '33', 'bb1ac346-6310-11e8-aaf5-0f254a0c7eae', null, null), ('bc730040-6310-11e8-aaf5-0f254a0c7eae', 'FAPFIN3 0001', 'A', '2018', null, 'Middle', 'Local', '2018-01-01 00:00:00', null, 'level5', 'Closed', '1', null, '2018-05-29 07:20:16', '2018-05-29 07:20:16', '19', 'bb348cd2-6310-11e8-aaf5-0f254a0c7eae', 'Finance Director', 'GTB SH', 'Support', 'Shanghai Offsite', 'RMB', 'bb078971-6310-11e8-aaf5-0f254a0c7eae', '34', 'bb1ac348-6310-11e8-aaf5-0f254a0c7eae', null, null), ('bc760d80-6310-11e8-aaf5-0f254a0c7eae', 'FAPMSU5 0001', 'A', '2018', null, 'Middle', 'Local', '2018-01-01 00:00:00', null, 'level5', 'Closed', '1', null, '2018-05-29 07:20:16', '2018-05-29 07:20:16', '20', 'bb348cd3-6310-11e8-aaf5-0f254a0c7eae', 'Digital Analytics Director', 'GTB SH', 'Analytics', 'Shanghai Offsite', 'RMB', 'bb078968-6310-11e8-aaf5-0f254a0c7eae', '35', 'bb1ac34b-6310-11e8-aaf5-0f254a0c7eae', null, null), ('bc78cca0-6310-11e8-aaf5-0f254a0c7eae', 'FAPCAR3 0004', 'A', '2018', null, 'Middle', 'Local', '2018-01-01 00:00:00', null, 'level3', 'Closed', '1', null, '2018-05-29 07:20:16', '2018-05-29 07:20:16', '21', 'bb348cd4-6310-11e8-aaf5-0f254a0c7eae', 'Account Manager', 'GTB SH', 'Client Services', 'China Offsite', 'RMB', 'bb078961-6310-11e8-aaf5-0f254a0c7eae', '1', 'bb1a9c3b-6310-11e8-aaf5-0f254a0c7eae', null, null), ('bc7bd9e0-6310-11e8-aaf5-0f254a0c7eae', 'FAPADM3 0002', 'A', '2018', null, 'Middle', 'Local', '2018-01-01 00:00:00', null, 'level1', 'Closed', '1', null, '2018-05-29 07:20:16', '2018-05-29 07:20:16', '22', 'bb348cd5-6310-11e8-aaf5-0f254a0c7eae', 'Senior Admin Executive', 'GTB SH', 'Support', 'Shanghai Offsite', 'RMB', 'bb078970-6310-11e8-aaf5-0f254a0c7eae', '36', 'bb1ac34d-6310-11e8-aaf5-0f254a0c7eae', null, null), ('bc7e4ae0-6310-11e8-aaf5-0f254a0c7eae', 'FAPCAR3 0005', 'A', '2018', null, 'Middle', 'Expat', '2018-01-01 00:00:00', null, 'level4', 'Closed', '1', null, '2018-05-29 07:20:16', '2018-05-29 07:20:16', '23', 'bb348cd6-6310-11e8-aaf5-0f254a0c7eae', 'Associate Account Director', 'GTB SH', 'Client Services', 'Shanghai Offsite', 'RMB', 'bb078961-6310-11e8-aaf5-0f254a0c7eae', '22', 'bb1a9c66-6310-11e8-aaf5-0f254a0c7eae', null, null), ('bc813110-6310-11e8-aaf5-0f254a0c7eae', 'FAPCRM4 0003', 'A', '2018', null, 'Middle', 'Expat', '2018-01-01 00:00:00', null, 'level5', 'Closed', '1', null, '2018-05-29 07:20:16', '2018-05-29 07:20:16', '24', 'bb348cd7-6310-11e8-aaf5-0f254a0c7eae', 'Account Manager', 'GTB SH', 'Client Services', 'Singapore Offsite', 'SGD', 'bb078963-6310-11e8-aaf5-0f254a0c7eae', '3', 'bb1a9c40-6310-11e8-aaf5-0f254a0c7eae', null, null), ('bc841740-6310-11e8-aaf5-0f254a0c7eae', 'FAPCRE5 0005', 'A', '2018', null, 'High', 'Expat', '2018-01-01 00:00:00', null, 'level5', 'Closed', '1', null, '2018-05-29 07:20:16', '2018-05-29 07:20:16', '25', 'bb348cd8-6310-11e8-aaf5-0f254a0c7eae', 'Creative Director', 'GTB SH', 'Creative', 'Shanghai Offsite', 'RMB', 'bb078965-6310-11e8-aaf5-0f254a0c7eae', '27', 'bb1a9c71-6310-11e8-aaf5-0f254a0c7eae', null, null), ('bc86fd70-6310-11e8-aaf5-0f254a0c7eae', 'FAPCRE5 0006', 'A', '2018', null, 'Low', 'Expat', '2018-01-01 00:00:00', null, 'level5', 'Closed', '1', null, '2018-05-29 07:20:16', '2018-05-29 07:20:16', '26', 'bb34b3e0-6310-11e8-aaf5-0f254a0c7eae', 'Digital Designer', 'GTB SH', 'Creative', 'Shanghai Offsite', 'RMB', 'bb078965-6310-11e8-aaf5-0f254a0c7eae', '31', 'bb1ac343-6310-11e8-aaf5-0f254a0c7eae', null, null), ('bc89bc90-6310-11e8-aaf5-0f254a0c7eae', 'FAPHUM3 0001', 'A', '2018', null, 'Middle', 'Local', '2018-01-01 00:00:00', null, 'level1', 'Closed', '1', null, '2018-05-29 07:20:16', '2018-05-29 07:20:16', '27', 'bb34b3e1-6310-11e8-aaf5-0f254a0c7eae', 'Senior HR Executive', 'GTB SH', 'Support', 'Shanghai Offsite', 'RMB', 'bb07896f-6310-11e8-aaf5-0f254a0c7eae', '37', 'bb1ac34e-6310-11e8-aaf5-0f254a0c7eae', null, null), ('bc8c7bb0-6310-11e8-aaf5-0f254a0c7eae', 'FAPCAR3 0006', 'A', '2018', null, 'Middle', 'Expat', '2018-01-01 00:00:00', null, 'level3', 'Closed', '1', null, '2018-05-29 07:20:16', '2018-05-29 07:20:16', '28', 'bb34b3e2-6310-11e8-aaf5-0f254a0c7eae', 'Account Manager', 'GTB SH', 'Client Services', 'Shanghai Offsite', 'RMB', 'bb078961-6310-11e8-aaf5-0f254a0c7eae', '5', 'bb1a9c43-6310-11e8-aaf5-0f254a0c7eae', null, null), ('bc8fb000-6310-11e8-aaf5-0f254a0c7eae', 'FAPCAR3 0007', 'A', '2018', null, 'Middle', 'Local', '2018-01-01 00:00:00', null, 'level1', 'Closed', '1', null, '2018-05-29 07:20:16', '2018-05-29 07:20:16', '29', 'bb34b3e3-6310-11e8-aaf5-0f254a0c7eae', 'Senior Account Executive', 'GTB SH', 'Client Services', 'Shanghai Offsite', 'RMB', 'bb078961-6310-11e8-aaf5-0f254a0c7eae', '38', 'bb1aea50-6310-11e8-aaf5-0f254a0c7eae', null, null), ('bc929630-6310-11e8-aaf5-0f254a0c7eae', 'FAPFLE3 0002', 'A', '2018', null, 'High', 'Local', '2018-01-01 00:00:00', null, 'level4', 'Closed', '1', null, '2018-05-29 07:20:16', '2018-05-29 07:20:16', '30', 'bb34b3e4-6310-11e8-aaf5-0f254a0c7eae', 'Associate Account Director', 'GTB SH', 'Client Services', 'Shanghai Offsite', 'RMB', 'bb078964-6310-11e8-aaf5-0f254a0c7eae', '24', 'bb1a9c6a-6310-11e8-aaf5-0f254a0c7eae', null, null), ('bc96b4e0-6310-11e8-aaf5-0f254a0c7eae', 'FAPCRE5 0007', 'A', '2018', null, 'Low', 'Local', '2018-01-01 00:00:00', null, 'level4', 'Closed', '1', null, '2018-05-29 07:20:16', '2018-05-29 07:20:16', '31', 'bb34daf0-6310-11e8-aaf5-0f254a0c7eae', 'Senior Copywriter', 'GTB SH', 'Creative', 'Shanghai Offsite', 'RMB', 'bb078965-6310-11e8-aaf5-0f254a0c7eae', '39', 'bb1aea51-6310-11e8-aaf5-0f254a0c7eae', null, null), ('bc9ad390-6310-11e8-aaf5-0f254a0c7eae', 'FAPFIN3 0002', 'A', '2018', null, 'Middle', 'Local', '2018-01-01 00:00:00', null, 'level3', 'Closed', '1', null, '2018-05-29 07:20:16', '2018-05-29 07:20:16', '32', 'bb34daf1-6310-11e8-aaf5-0f254a0c7eae', 'Accountant', 'GTB SH', 'Client Services', 'Shanghai Offsite', 'RMB', 'bb078971-6310-11e8-aaf5-0f254a0c7eae', '40', 'bb1aea54-6310-11e8-aaf5-0f254a0c7eae', null, null), ('bc9f1950-6310-11e8-aaf5-0f254a0c7eae', 'FAPCRE5 0008', 'A', '2018', null, 'High', 'Local', '2018-01-01 00:00:00', null, 'level5', 'Closed', '1', null, '2018-05-29 07:20:16', '2018-05-29 07:20:17', '33', 'bb34daf2-6310-11e8-aaf5-0f254a0c7eae', 'Senior Art Director', 'GTB SH', 'Creative', 'Shanghai Offsite', 'RMB', 'bb078965-6310-11e8-aaf5-0f254a0c7eae', '41', 'bb1aea56-6310-11e8-aaf5-0f254a0c7eae', null, null), ('bca2c2d0-6310-11e8-aaf5-0f254a0c7eae', 'FAPFLE3 0003', 'A', '2018', null, 'Middle', 'Local', '2018-01-01 00:00:00', null, 'level5', 'Closed', '1', null, '2018-05-29 07:20:17', '2018-05-29 07:20:17', '34', 'bb34daf3-6310-11e8-aaf5-0f254a0c7eae', 'Senior Account Director', 'GTB SH', 'Client Services', 'Shanghai Offsite', 'RMB', 'bb078964-6310-11e8-aaf5-0f254a0c7eae', '21', 'bb1a9c64-6310-11e8-aaf5-0f254a0c7eae', null, null), ('bca6ba70-6310-11e8-aaf5-0f254a0c7eae', 'FAPCRE5 0009', 'A', '2018', null, 'High', 'Local', '2018-01-01 00:00:00', null, 'level3', 'Closed', '1', null, '2018-05-29 07:20:17', '2018-05-29 07:20:17', '35', 'bb34daf4-6310-11e8-aaf5-0f254a0c7eae', 'Designer', 'GTB SH', 'Creative', 'Shanghai Offsite', 'RMB', 'bb078965-6310-11e8-aaf5-0f254a0c7eae', '42', 'bb1aea57-6310-11e8-aaf5-0f254a0c7eae', null, null), ('bcaa63f0-6310-11e8-aaf5-0f254a0c7eae', 'FAPFLE3 0004', 'A', '2018', null, 'High', 'Local', '2018-01-01 00:00:00', null, 'level5', 'Closed', '1', null, '2018-05-29 07:20:17', '2018-05-29 07:20:17', '36', 'bb34daf5-6310-11e8-aaf5-0f254a0c7eae', 'Associate Account Director', 'GTB SH', 'Client Services', 'Shanghai Offsite', 'RMB', 'bb078964-6310-11e8-aaf5-0f254a0c7eae', '24', 'bb1a9c6a-6310-11e8-aaf5-0f254a0c7eae', null, null), ('bcade660-6310-11e8-aaf5-0f254a0c7eae', 'FAPCRM4 0004', 'A', '2018', null, 'Middle', 'Expat', '2018-01-01 00:00:00', null, 'level5', 'Closed', '1', null, '2018-05-29 07:20:17', '2018-05-29 07:20:17', '37', 'bb34daf6-6310-11e8-aaf5-0f254a0c7eae', 'CRM Lead', 'GTB SH', 'Client Services', 'Shanghai Offsite', 'RMB', 'bb078963-6310-11e8-aaf5-0f254a0c7eae', '43', 'bb1aea59-6310-11e8-aaf5-0f254a0c7eae', null, null), ('bcb168d0-6310-11e8-aaf5-0f254a0c7eae', 'FAPCRM4 0005', 'A', '2018', null, 'Middle', 'Local', '2018-01-01 00:00:00', null, 'level5', 'Closed', '1', null, '2018-05-29 07:20:17', '2018-05-29 07:20:17', '38', 'bb34daf7-6310-11e8-aaf5-0f254a0c7eae', 'Account Director', 'GTB SH', 'Client Services', 'Shanghai Offsite', 'RMB', 'bb078963-6310-11e8-aaf5-0f254a0c7eae', '15', 'bb1a9c58-6310-11e8-aaf5-0f254a0c7eae', null, null), ('bcb4eb40-6310-11e8-aaf5-0f254a0c7eae', 'FAPCAR3 0008', 'A', '2018', null, 'Middle', 'Local', '2018-01-01 00:00:00', null, 'level1', 'Closed', '1', null, '2018-05-29 07:20:17', '2018-05-29 07:20:17', '39', 'bb34daf8-6310-11e8-aaf5-0f254a0c7eae', 'Senior Account Executive', 'GTB SH', 'Client Services', 'Shanghai Offsite', 'RMB', 'bb078961-6310-11e8-aaf5-0f254a0c7eae', '38', 'bb1aea50-6310-11e8-aaf5-0f254a0c7eae', null, null), ('bcb7f880-6310-11e8-aaf5-0f254a0c7eae', 'FAPACC6 0001', 'A', '2018', null, 'Middle', 'Local', '2018-01-01 00:00:00', null, 'level5', 'Closed', '1', null, '2018-05-29 07:20:17', '2018-05-29 07:20:17', '40', 'bb34daf9-6310-11e8-aaf5-0f254a0c7eae', 'Group Account Director', 'GTB SH', 'Client Services', 'Shanghai Offsite', 'RMB', 'bb07896a-6310-11e8-aaf5-0f254a0c7eae', '44', 'bb1aea5c-6310-11e8-aaf5-0f254a0c7eae', null, null), ('bcbb2cd0-6310-11e8-aaf5-0f254a0c7eae', 'FAPCAR3 0009', 'A', '2018', null, 'Middle', 'Local', '2018-01-01 00:00:00', null, 'level1', 'Closed', '1', null, '2018-05-29 07:20:17', '2018-05-29 07:20:17', '41', 'bb34dafa-6310-11e8-aaf5-0f254a0c7eae', 'Senior Account Executive', 'GTB SH', 'Client Services', 'Shanghai Offsite', 'RMB', 'bb078961-6310-11e8-aaf5-0f254a0c7eae', '38', 'bb1aea50-6310-11e8-aaf5-0f254a0c7eae', null, null), ('bcbe3a10-6310-11e8-aaf5-0f254a0c7eae', 'FAPCAR3 0010', 'A', '2018', null, 'Middle', 'Local', '2018-01-01 00:00:00', null, 'level1', 'Closed', '1', null, '2018-05-29 07:20:17', '2018-05-29 07:20:17', '42', 'bb34dafb-6310-11e8-aaf5-0f254a0c7eae', 'Senior Account Executive', 'GTB SH', 'Client Services', 'Shanghai Offsite', 'RMB', 'bb078961-6310-11e8-aaf5-0f254a0c7eae', '38', 'bb1aea50-6310-11e8-aaf5-0f254a0c7eae', null, null), ('bcc19570-6310-11e8-aaf5-0f254a0c7eae', 'BOHCAR3 0001', 'A', '2018', null, 'Middle', 'Local', '2018-01-01 00:00:00', null, 'level1', 'Closed', '1', null, '2018-05-29 07:20:17', '2018-05-29 07:20:17', '43', 'bb34dafc-6310-11e8-aaf5-0f254a0c7eae', 'Senior Account Executive', 'GTB SH', 'Client Services', 'Shanghai Offsite', 'RMB', 'bb078961-6310-11e8-aaf5-0f254a0c7eae', '38', 'bb1aea50-6310-11e8-aaf5-0f254a0c7eae', null, null), ('bcc517e0-6310-11e8-aaf5-0f254a0c7eae', 'BOHDIG3 0001', 'A', '2018', null, 'Middle', 'Expat', '2018-01-01 00:00:00', null, 'level3', 'Closed', '1', null, '2018-05-29 07:20:17', '2018-05-29 07:20:17', '44', 'bb34dafd-6310-11e8-aaf5-0f254a0c7eae', 'Senior Account Manager', 'GTB SH', 'Client Services', 'Shanghai Offsite', 'RMB', 'bb078962-6310-11e8-aaf5-0f254a0c7eae', '12', 'bb1a9c52-6310-11e8-aaf5-0f254a0c7eae', null, null), ('bcc8c160-6310-11e8-aaf5-0f254a0c7eae', 'BOHDAT3 0001', 'A', '2018', null, 'Middle', 'Expat', '2018-01-01 00:00:00', null, 'level1', 'Closed', '1', null, '2018-05-29 07:20:17', '2018-05-29 07:20:17', '45', 'bb34dafe-6310-11e8-aaf5-0f254a0c7eae', 'Data Executive', 'GTB IN', 'Technology', 'India Onsite', 'INR', 'bb07896e-6310-11e8-aaf5-0f254a0c7eae', '49', 'bb1aea67-6310-11e8-aaf5-0f254a0c7eae', null, null), ('bccbcea0-6310-11e8-aaf5-0f254a0c7eae', 'BOHDAT3 0002', 'A', '2018', null, 'Low', 'Expat', '2018-01-01 00:00:00', null, 'level1', 'Closed', '1', null, '2018-05-29 07:20:17', '2018-05-29 07:20:17', '46', 'bb34daff-6310-11e8-aaf5-0f254a0c7eae', 'Data Executive', 'WM TH', 'Technology', 'Thailand Onsite', 'THB', 'bb07896e-6310-11e8-aaf5-0f254a0c7eae', '48', 'bb1aea65-6310-11e8-aaf5-0f254a0c7eae', null, null), ('bccf02f0-6310-11e8-aaf5-0f254a0c7eae', 'BOHDAT3 0003', 'A', '2018', null, 'Middle', 'Expat', '2018-01-01 00:00:00', null, 'level1', 'Closed', '1', null, '2018-05-29 07:20:17', '2018-05-29 07:20:17', '47', 'bb34db00-6310-11e8-aaf5-0f254a0c7eae', 'Data Executive', 'GTB IN', 'Technology', 'India Onsite', 'INR', 'bb07896e-6310-11e8-aaf5-0f254a0c7eae', '49', 'bb1aea67-6310-11e8-aaf5-0f254a0c7eae', null, null), ('bcd21030-6310-11e8-aaf5-0f254a0c7eae', 'BOHDAT3 0004', 'A', '2018', null, 'Middle', 'Expat', '2018-01-01 00:00:00', null, 'level1', 'Closed', '1', null, '2018-05-29 07:20:17', '2018-05-29 07:20:17', '48', 'bb34db01-6310-11e8-aaf5-0f254a0c7eae', 'Data Executive', 'WM TH', 'Technology', 'Thailand Onsite', 'THB', 'bb07896e-6310-11e8-aaf5-0f254a0c7eae', '48', 'bb1aea64-6310-11e8-aaf5-0f254a0c7eae', null, null), ('bcd4f660-6310-11e8-aaf5-0f254a0c7eae', 'BOHDAT3 0005', 'A', '2018', null, 'Middle', 'Expat', '2018-01-01 00:00:00', null, 'level1', 'Closed', '1', null, '2018-05-29 07:20:17', '2018-05-29 07:20:17', '49', 'bb34db02-6310-11e8-aaf5-0f254a0c7eae', 'Data Executive', 'GTB IN', 'Technology', 'India Onsite', 'INR', 'bb07896e-6310-11e8-aaf5-0f254a0c7eae', '49', 'bb1aea67-6310-11e8-aaf5-0f254a0c7eae', null, null), ('bcd803a0-6310-11e8-aaf5-0f254a0c7eae', 'BOHDAT3 0006', 'A', '2018', null, 'Low', 'Expat', '2018-01-01 00:00:00', null, 'level1', 'Closed', '1', null, '2018-05-29 07:20:17', '2018-05-29 07:20:17', '50', 'bb34db03-6310-11e8-aaf5-0f254a0c7eae', 'Data Manager', 'JWT TH', 'Technology', 'Thailand Offsite', 'THB', 'bb07896e-6310-11e8-aaf5-0f254a0c7eae', '46', 'bb1aea60-6310-11e8-aaf5-0f254a0c7eae', null, null), ('bcdae9d0-6310-11e8-aaf5-0f254a0c7eae', 'BOHCAR3 0002', 'A', '2018', null, 'Middle', 'Expat', '2018-01-01 00:00:00', null, 'level5', 'Closed', '1', null, '2018-05-29 07:20:17', '2018-05-29 07:20:17', '51', 'bb34db04-6310-11e8-aaf5-0f254a0c7eae', 'Account Director', 'JWT AU', 'Client Services', 'Shanghai Offsite', 'RMB', 'bb078961-6310-11e8-aaf5-0f254a0c7eae', '17', 'bb1a9c5c-6310-11e8-aaf5-0f254a0c7eae', null, null), ('bcde9350-6310-11e8-aaf5-0f254a0c7eae', 'BOHDAT3 0007', 'A', '2018', null, 'Low', 'Expat', '2018-01-01 00:00:00', null, 'level1', 'Closed', '1', null, '2018-05-29 07:20:17', '2018-05-29 07:20:17', '52', 'bb34db05-6310-11e8-aaf5-0f254a0c7eae', 'Data Executive', 'WM TH', 'Technology', 'Thailand Onsite', 'THB', 'bb07896e-6310-11e8-aaf5-0f254a0c7eae', '48', 'bb1aea65-6310-11e8-aaf5-0f254a0c7eae', null, null), ('bce1eeb0-6310-11e8-aaf5-0f254a0c7eae', 'BOHDAT3 0008', 'A', '2018', null, 'Low', 'Expat', '2018-01-01 00:00:00', null, 'level1', 'Closed', '1', null, '2018-05-29 07:20:17', '2018-05-29 07:20:17', '53', 'bb350200-6310-11e8-aaf5-0f254a0c7eae', 'Data Executive', 'WM TH', 'Technology', 'Thailand Onsite', 'THB', 'bb07896e-6310-11e8-aaf5-0f254a0c7eae', '48', 'bb1aea65-6310-11e8-aaf5-0f254a0c7eae', null, null);
COMMIT;

-- ----------------------------
--  Table structure for `positionNote`
-- ----------------------------
DROP TABLE IF EXISTS `positionNote`;
CREATE TABLE `positionNote` (
  `id` char(36) CHARACTER SET utf8 COLLATE utf8_bin NOT NULL,
  `status` int(11) DEFAULT '1',
  `createdAt` datetime NOT NULL,
  `updatedAt` datetime NOT NULL,
  `positionId` char(36) CHARACTER SET utf8 COLLATE utf8_bin NOT NULL,
  `noteId` char(36) CHARACTER SET utf8 COLLATE utf8_bin NOT NULL,
  `createdUsr` varchar(255) COLLATE utf8_unicode_ci DEFAULT NULL,
  `updatedUsr` varchar(255) COLLATE utf8_unicode_ci DEFAULT NULL,
  PRIMARY KEY (`id`),
  KEY `positionId` (`positionId`),
  KEY `noteId` (`noteId`),
  KEY `createdUsr` (`createdUsr`),
  KEY `updatedUsr` (`updatedUsr`),
  KEY `position_note_status` (`status`) USING BTREE,
  CONSTRAINT `positionnote_ibfk_1` FOREIGN KEY (`positionId`) REFERENCES `position` (`id`) ON DELETE CASCADE ON UPDATE CASCADE,
  CONSTRAINT `positionnote_ibfk_2` FOREIGN KEY (`noteId`) REFERENCES `note` (`id`) ON DELETE CASCADE ON UPDATE CASCADE,
  CONSTRAINT `positionnote_ibfk_3` FOREIGN KEY (`createdUsr`) REFERENCES `account` (`id`) ON DELETE SET NULL ON UPDATE CASCADE,
  CONSTRAINT `positionnote_ibfk_4` FOREIGN KEY (`updatedUsr`) REFERENCES `account` (`id`) ON DELETE SET NULL ON UPDATE CASCADE
) ENGINE=InnoDB DEFAULT CHARSET=utf8 COLLATE=utf8_unicode_ci;

-- ----------------------------
--  Table structure for `production`
-- ----------------------------
DROP TABLE IF EXISTS `production`;
CREATE TABLE `production` (
  `id` varchar(255) COLLATE utf8_unicode_ci NOT NULL,
  `year` int(11) NOT NULL,
  `description` varchar(255) COLLATE utf8_unicode_ci NOT NULL,
  `inChargeAccount` varchar(255) COLLATE utf8_unicode_ci DEFAULT NULL,
  `excRate` decimal(14,8) DEFAULT '0.00000000',
  `peNet` int(11) DEFAULT '0',
  `productionNet` int(11) DEFAULT '0',
  `mulRate` decimal(8,6) DEFAULT '0.000000',
  `budgetAmount` int(11) DEFAULT '0',
  `peFilePath` varchar(255) COLLATE utf8_unicode_ci DEFAULT NULL,
  `flowStatus` enum('Running','Completed') COLLATE utf8_unicode_ci NOT NULL,
  `status` int(11) DEFAULT '1',
  `remark` varchar(255) COLLATE utf8_unicode_ci DEFAULT NULL,
  `createdAt` datetime NOT NULL,
  `updatedAt` datetime NOT NULL,
  `currencyId` varchar(255) COLLATE utf8_unicode_ci DEFAULT NULL,
  `createdUsr` varchar(255) COLLATE utf8_unicode_ci DEFAULT NULL,
  `updatedUsr` varchar(255) COLLATE utf8_unicode_ci DEFAULT NULL,
  PRIMARY KEY (`id`),
  KEY `currencyId` (`currencyId`),
  KEY `createdUsr` (`createdUsr`),
  KEY `updatedUsr` (`updatedUsr`),
  KEY `production_description` (`description`) USING BTREE,
  KEY `production_flow_status` (`flowStatus`) USING BTREE,
  KEY `production_status` (`status`) USING BTREE,
  CONSTRAINT `production_ibfk_1` FOREIGN KEY (`currencyId`) REFERENCES `currency` (`id`) ON DELETE SET NULL ON UPDATE CASCADE,
  CONSTRAINT `production_ibfk_2` FOREIGN KEY (`createdUsr`) REFERENCES `account` (`id`) ON DELETE SET NULL ON UPDATE CASCADE,
  CONSTRAINT `production_ibfk_3` FOREIGN KEY (`updatedUsr`) REFERENCES `account` (`id`) ON DELETE SET NULL ON UPDATE CASCADE
) ENGINE=InnoDB DEFAULT CHARSET=utf8 COLLATE=utf8_unicode_ci;

-- ----------------------------
--  Table structure for `project`
-- ----------------------------
DROP TABLE IF EXISTS `project`;
CREATE TABLE `project` (
  `id` char(36) CHARACTER SET utf8 COLLATE utf8_bin NOT NULL,
  `name` varchar(255) COLLATE utf8_unicode_ci DEFAULT NULL,
  `version` varchar(255) COLLATE utf8_unicode_ci NOT NULL,
  `year` int(11) NOT NULL,
  `description` varchar(255) COLLATE utf8_unicode_ci NOT NULL,
  `inChargeAccount` varchar(255) COLLATE utf8_unicode_ci DEFAULT NULL,
  `net` int(11) DEFAULT '0',
  `budgetAmount` int(11) DEFAULT '0',
  `tax` int(11) DEFAULT '0',
  `gross` int(11) DEFAULT '0',
  `FTE` decimal(10,6) DEFAULT '0.000000',
  `poCode` varchar(255) COLLATE utf8_unicode_ci DEFAULT NULL,
  `fee` int(11) DEFAULT '0',
  `productionCost` int(11) DEFAULT '0',
  `poFilePath` varchar(255) COLLATE utf8_unicode_ci DEFAULT NULL,
  `totalAmount` int(11) DEFAULT '0',
  `flowStatus` enum('ToSubmit','ToApproveByFD','ToCollectPO','FDRefused','POCollected','Completed','Abandoned','Disabled') COLLATE utf8_unicode_ci NOT NULL,
  `status` int(11) DEFAULT '1',
  `remark` varchar(255) COLLATE utf8_unicode_ci DEFAULT NULL,
  `createdAt` datetime NOT NULL,
  `updatedAt` datetime NOT NULL,
  `clientId` varchar(255) COLLATE utf8_unicode_ci DEFAULT NULL,
  `currencyId` varchar(255) COLLATE utf8_unicode_ci DEFAULT NULL,
  `createdUsr` varchar(255) COLLATE utf8_unicode_ci DEFAULT NULL,
  `updatedUsr` varchar(255) COLLATE utf8_unicode_ci DEFAULT NULL,
  PRIMARY KEY (`id`),
  KEY `clientId` (`clientId`),
  KEY `currencyId` (`currencyId`),
  KEY `createdUsr` (`createdUsr`),
  KEY `updatedUsr` (`updatedUsr`),
  KEY `project_description` (`description`) USING BTREE,
  KEY `project_flow_status` (`flowStatus`) USING BTREE,
  KEY `project_status` (`status`) USING BTREE,
  CONSTRAINT `project_ibfk_1` FOREIGN KEY (`clientId`) REFERENCES `client` (`id`) ON DELETE SET NULL ON UPDATE CASCADE,
  CONSTRAINT `project_ibfk_2` FOREIGN KEY (`currencyId`) REFERENCES `currency` (`id`) ON DELETE SET NULL ON UPDATE CASCADE,
  CONSTRAINT `project_ibfk_3` FOREIGN KEY (`createdUsr`) REFERENCES `account` (`id`) ON DELETE SET NULL ON UPDATE CASCADE,
  CONSTRAINT `project_ibfk_4` FOREIGN KEY (`updatedUsr`) REFERENCES `account` (`id`) ON DELETE SET NULL ON UPDATE CASCADE
) ENGINE=InnoDB DEFAULT CHARSET=utf8 COLLATE=utf8_unicode_ci;

-- ----------------------------
--  Table structure for `projectDetail`
-- ----------------------------
DROP TABLE IF EXISTS `projectDetail`;
CREATE TABLE `projectDetail` (
  `id` char(36) CHARACTER SET utf8 COLLATE utf8_bin NOT NULL,
  `skillLevel` enum('High','Middle','Low') COLLATE utf8_unicode_ci NOT NULL,
  `hours` decimal(6,2) DEFAULT '0.00',
  `FTE` decimal(8,6) DEFAULT '0.000000',
  `annualSalary` int(11) DEFAULT '0',
  `annualNet` int(11) DEFAULT '0',
  `net` int(11) DEFAULT '0',
  `mulRate` decimal(8,6) DEFAULT '0.000000',
  `budgetAmount` int(11) DEFAULT '0',
  `taxRate` decimal(8,6) DEFAULT '0.000000',
  `tax` int(11) DEFAULT '0',
  `gross` int(11) DEFAULT '0',
  `sowLevel` enum('level1','level2','level3','level4','level5') COLLATE utf8_unicode_ci NOT NULL,
  `status` int(11) DEFAULT '1',
  `remark` varchar(255) COLLATE utf8_unicode_ci DEFAULT NULL,
  `createdAt` datetime NOT NULL,
  `updatedAt` datetime NOT NULL,
  `projectId` char(36) CHARACTER SET utf8 COLLATE utf8_bin NOT NULL,
  `companyId` varchar(255) COLLATE utf8_unicode_ci NOT NULL,
  `fordFunctionId` varchar(255) COLLATE utf8_unicode_ci NOT NULL,
  `officeId` varchar(255) COLLATE utf8_unicode_ci NOT NULL,
  `currencyId` varchar(255) COLLATE utf8_unicode_ci NOT NULL,
  `teamId` char(36) CHARACTER SET utf8 COLLATE utf8_bin NOT NULL,
  `stdPosId` char(36) CHARACTER SET utf8 COLLATE utf8_bin NOT NULL,
  `stdPosDetailId` char(36) CHARACTER SET utf8 COLLATE utf8_bin NOT NULL,
  `createdUsr` varchar(255) COLLATE utf8_unicode_ci DEFAULT NULL,
  `updatedUsr` varchar(255) COLLATE utf8_unicode_ci DEFAULT NULL,
  PRIMARY KEY (`id`),
  KEY `projectId` (`projectId`),
  KEY `companyId` (`companyId`),
  KEY `fordFunctionId` (`fordFunctionId`),
  KEY `officeId` (`officeId`),
  KEY `currencyId` (`currencyId`),
  KEY `teamId` (`teamId`),
  KEY `stdPosId` (`stdPosId`),
  KEY `stdPosDetailId` (`stdPosDetailId`),
  KEY `createdUsr` (`createdUsr`),
  KEY `updatedUsr` (`updatedUsr`),
  KEY `project_detail_status` (`status`) USING BTREE,
  CONSTRAINT `projectdetail_ibfk_1` FOREIGN KEY (`projectId`) REFERENCES `project` (`id`) ON DELETE NO ACTION ON UPDATE CASCADE,
  CONSTRAINT `projectdetail_ibfk_10` FOREIGN KEY (`updatedUsr`) REFERENCES `account` (`id`) ON DELETE SET NULL ON UPDATE CASCADE,
  CONSTRAINT `projectdetail_ibfk_2` FOREIGN KEY (`companyId`) REFERENCES `company` (`id`) ON DELETE NO ACTION ON UPDATE CASCADE,
  CONSTRAINT `projectdetail_ibfk_3` FOREIGN KEY (`fordFunctionId`) REFERENCES `fordFunction` (`id`) ON DELETE NO ACTION ON UPDATE CASCADE,
  CONSTRAINT `projectdetail_ibfk_4` FOREIGN KEY (`officeId`) REFERENCES `office` (`id`) ON DELETE NO ACTION ON UPDATE CASCADE,
  CONSTRAINT `projectdetail_ibfk_5` FOREIGN KEY (`currencyId`) REFERENCES `currency` (`id`) ON DELETE NO ACTION ON UPDATE CASCADE,
  CONSTRAINT `projectdetail_ibfk_6` FOREIGN KEY (`teamId`) REFERENCES `team` (`id`) ON DELETE NO ACTION ON UPDATE CASCADE,
  CONSTRAINT `projectdetail_ibfk_7` FOREIGN KEY (`stdPosId`) REFERENCES `stdPos` (`id`) ON DELETE NO ACTION ON UPDATE CASCADE,
  CONSTRAINT `projectdetail_ibfk_8` FOREIGN KEY (`stdPosDetailId`) REFERENCES `stdPosDetail` (`id`) ON DELETE NO ACTION ON UPDATE CASCADE,
  CONSTRAINT `projectdetail_ibfk_9` FOREIGN KEY (`createdUsr`) REFERENCES `account` (`id`) ON DELETE SET NULL ON UPDATE CASCADE
) ENGINE=InnoDB DEFAULT CHARSET=utf8 COLLATE=utf8_unicode_ci;

-- ----------------------------
--  Table structure for `recruit`
-- ----------------------------
DROP TABLE IF EXISTS `recruit`;
CREATE TABLE `recruit` (
  `id` varchar(255) COLLATE utf8_unicode_ci NOT NULL,
  `entryDate` datetime DEFAULT NULL,
  `leaveDate` datetime DEFAULT NULL,
  `staffName` varchar(255) COLLATE utf8_unicode_ci DEFAULT NULL,
  `recruitType` enum('Regular','Freelancer') COLLATE utf8_unicode_ci NOT NULL,
  `basicInfo` json DEFAULT NULL,
  `inLogSalaryDistributions` json DEFAULT NULL,
  `staffSalaryDistributions` json DEFAULT NULL,
  `freelancerEstimateSalaries` json DEFAULT NULL,
  `freelancerCostDistributions` json DEFAULT NULL,
  `amount` int(11) DEFAULT '0',
  `flowStatus` enum('JDCollected','Interviewing','CandidateIdentified','PackageNegotiating','Approving','Approved','Offering','OfferReceived','Onboarded','Abandoned') COLLATE utf8_unicode_ci NOT NULL,
  `inLogOldStatus` enum('Open','Recruiting','Closed','TransferringIn','TransferredIn','TransferringOut','TransferredOut','Leaving','Left') COLLATE utf8_unicode_ci DEFAULT NULL,
  `status` int(11) DEFAULT '1',
  `remark` varchar(255) COLLATE utf8_unicode_ci DEFAULT NULL,
  `createdAt` datetime NOT NULL,
  `updatedAt` datetime NOT NULL,
  `staffId` char(36) CHARACTER SET utf8 COLLATE utf8_bin DEFAULT NULL,
  `positionLogId` char(36) CHARACTER SET utf8 COLLATE utf8_bin DEFAULT NULL,
  `freelancerContractId` char(36) CHARACTER SET utf8 COLLATE utf8_bin DEFAULT NULL,
  `createdUsr` varchar(255) COLLATE utf8_unicode_ci DEFAULT NULL,
  `updatedUsr` varchar(255) COLLATE utf8_unicode_ci DEFAULT NULL,
  PRIMARY KEY (`id`),
  KEY `staffId` (`staffId`),
  KEY `positionLogId` (`positionLogId`),
  KEY `freelancerContractId` (`freelancerContractId`),
  KEY `createdUsr` (`createdUsr`),
  KEY `updatedUsr` (`updatedUsr`),
  KEY `recruit_recruit_type` (`recruitType`) USING BTREE,
  KEY `recruit_flow_status` (`flowStatus`) USING BTREE,
  KEY `recruit_in_log_old_status` (`inLogOldStatus`) USING BTREE,
  KEY `recruit_status` (`status`) USING BTREE,
  CONSTRAINT `recruit_ibfk_1` FOREIGN KEY (`staffId`) REFERENCES `staff` (`id`) ON DELETE SET NULL ON UPDATE CASCADE,
  CONSTRAINT `recruit_ibfk_2` FOREIGN KEY (`positionLogId`) REFERENCES `positionLog` (`id`) ON DELETE SET NULL ON UPDATE CASCADE,
  CONSTRAINT `recruit_ibfk_3` FOREIGN KEY (`freelancerContractId`) REFERENCES `freelancerContract` (`id`) ON DELETE SET NULL ON UPDATE CASCADE,
  CONSTRAINT `recruit_ibfk_4` FOREIGN KEY (`createdUsr`) REFERENCES `account` (`id`) ON DELETE SET NULL ON UPDATE CASCADE,
  CONSTRAINT `recruit_ibfk_5` FOREIGN KEY (`updatedUsr`) REFERENCES `account` (`id`) ON DELETE SET NULL ON UPDATE CASCADE
) ENGINE=InnoDB DEFAULT CHARSET=utf8 COLLATE=utf8_unicode_ci;

-- ----------------------------
--  Table structure for `role`
-- ----------------------------
DROP TABLE IF EXISTS `role`;
CREATE TABLE `role` (
  `id` varchar(255) COLLATE utf8_unicode_ci NOT NULL,
  `name` varchar(255) COLLATE utf8_unicode_ci NOT NULL,
  `status` int(11) DEFAULT '1',
  `createdAt` datetime NOT NULL,
  `updatedAt` datetime NOT NULL,
  PRIMARY KEY (`id`),
  KEY `role_name` (`name`) USING BTREE,
  KEY `role_status` (`status`) USING BTREE
) ENGINE=InnoDB DEFAULT CHARSET=utf8 COLLATE=utf8_unicode_ci;

-- ----------------------------
--  Records of `role`
-- ----------------------------
BEGIN;
INSERT INTO `role` VALUES ('admin', 'admin', '1', '2018-05-29 07:20:13', '2018-05-29 07:20:13'), ('developer', 'developer', '1', '2018-05-29 07:20:13', '2018-05-29 07:20:13'), ('financeDirector', 'financeDirector', '1', '2018-05-29 07:20:13', '2018-05-29 07:20:13'), ('financeManager', 'financeManager', '1', '2018-05-29 07:20:13', '2018-05-29 07:20:13'), ('hr', 'hr', '1', '2018-05-29 07:20:13', '2018-05-29 07:20:13');
COMMIT;

-- ----------------------------
--  Table structure for `salaryDistribution`
-- ----------------------------
DROP TABLE IF EXISTS `salaryDistribution`;
CREATE TABLE `salaryDistribution` (
  `id` char(36) CHARACTER SET utf8 COLLATE utf8_bin NOT NULL,
  `type` enum('salaryStructure','positionLog','salaryRecord') COLLATE utf8_unicode_ci NOT NULL,
  `amount` int(11) NOT NULL DEFAULT '0',
  `status` int(11) DEFAULT '1',
  `remark` varchar(255) COLLATE utf8_unicode_ci DEFAULT NULL,
  `createdAt` datetime NOT NULL,
  `updatedAt` datetime NOT NULL,
  `commonId` char(36) CHARACTER SET utf8 COLLATE utf8_bin DEFAULT NULL,
  `salaryTypeId` varchar(255) COLLATE utf8_unicode_ci DEFAULT NULL,
  `createdUsr` varchar(255) COLLATE utf8_unicode_ci DEFAULT NULL,
  `updatedUsr` varchar(255) COLLATE utf8_unicode_ci DEFAULT NULL,
  PRIMARY KEY (`id`),
  KEY `salaryTypeId` (`salaryTypeId`),
  KEY `createdUsr` (`createdUsr`),
  KEY `updatedUsr` (`updatedUsr`),
  KEY `salary_distribution_status` (`status`) USING BTREE,
  CONSTRAINT `salarydistribution_ibfk_1` FOREIGN KEY (`salaryTypeId`) REFERENCES `salaryType` (`id`) ON DELETE SET NULL ON UPDATE CASCADE,
  CONSTRAINT `salarydistribution_ibfk_2` FOREIGN KEY (`createdUsr`) REFERENCES `account` (`id`) ON DELETE SET NULL ON UPDATE CASCADE,
  CONSTRAINT `salarydistribution_ibfk_3` FOREIGN KEY (`updatedUsr`) REFERENCES `account` (`id`) ON DELETE SET NULL ON UPDATE CASCADE
) ENGINE=InnoDB DEFAULT CHARSET=utf8 COLLATE=utf8_unicode_ci;

-- ----------------------------
--  Records of `salaryDistribution`
-- ----------------------------
BEGIN;
INSERT INTO `salaryDistribution` VALUES ('bb72ce50-6310-11e8-aaf5-0f254a0c7eae', 'salaryStructure', '1396100', '1', null, '2018-05-29 07:20:15', '2018-05-29 07:20:15', 'bb70ab70-6310-11e8-aaf5-0f254a0c7eae', 'Monthly Salary', null, null), ('bb72ce51-6310-11e8-aaf5-0f254a0c7eae', 'salaryStructure', '1396100', '1', null, '2018-05-29 07:20:15', '2018-05-29 07:20:15', 'bb70ab70-6310-11e8-aaf5-0f254a0c7eae', '13th Salary', null, null), ('bb72ce52-6310-11e8-aaf5-0f254a0c7eae', 'salaryStructure', '60000', '1', null, '2018-05-29 07:20:15', '2018-05-29 07:20:15', 'bb70ab70-6310-11e8-aaf5-0f254a0c7eae', 'Meal', null, null), ('bb72ce53-6310-11e8-aaf5-0f254a0c7eae', 'salaryStructure', '6000000', '1', null, '2018-05-29 07:20:15', '2018-05-29 07:20:15', 'bb70ab71-6310-11e8-aaf5-0f254a0c7eae', 'Monthly Salary', null, null), ('bb72ce54-6310-11e8-aaf5-0f254a0c7eae', 'salaryStructure', '6000000', '1', null, '2018-05-29 07:20:15', '2018-05-29 07:20:15', 'bb70ab71-6310-11e8-aaf5-0f254a0c7eae', '13th Salary', null, null), ('bb72ce55-6310-11e8-aaf5-0f254a0c7eae', 'salaryStructure', '0', '1', null, '2018-05-29 07:20:15', '2018-05-29 07:20:15', 'bb70ab71-6310-11e8-aaf5-0f254a0c7eae', 'Meal', null, null), ('bb72ce56-6310-11e8-aaf5-0f254a0c7eae', 'salaryStructure', '1542800', '1', null, '2018-05-29 07:20:15', '2018-05-29 07:20:15', 'bb70ab72-6310-11e8-aaf5-0f254a0c7eae', 'Monthly Salary', null, null), ('bb72ce57-6310-11e8-aaf5-0f254a0c7eae', 'salaryStructure', '1542800', '1', null, '2018-05-29 07:20:15', '2018-05-29 07:20:15', 'bb70ab72-6310-11e8-aaf5-0f254a0c7eae', '13th Salary', null, null), ('bb72ce58-6310-11e8-aaf5-0f254a0c7eae', 'salaryStructure', '60000', '1', null, '2018-05-29 07:20:15', '2018-05-29 07:20:15', 'bb70ab72-6310-11e8-aaf5-0f254a0c7eae', 'Meal', null, null), ('bb72ce59-6310-11e8-aaf5-0f254a0c7eae', 'salaryStructure', '2168000', '1', null, '2018-05-29 07:20:15', '2018-05-29 07:20:15', 'bb70ab73-6310-11e8-aaf5-0f254a0c7eae', 'Monthly Salary', null, null), ('bb72ce5a-6310-11e8-aaf5-0f254a0c7eae', 'salaryStructure', '2168000', '1', null, '2018-05-29 07:20:15', '2018-05-29 07:20:15', 'bb70ab73-6310-11e8-aaf5-0f254a0c7eae', '13th Salary', null, null), ('bb72ce5b-6310-11e8-aaf5-0f254a0c7eae', 'salaryStructure', '60000', '1', null, '2018-05-29 07:20:15', '2018-05-29 07:20:15', 'bb70ab73-6310-11e8-aaf5-0f254a0c7eae', 'Meal', null, null), ('bb72ce5c-6310-11e8-aaf5-0f254a0c7eae', 'salaryStructure', '8472800', '1', null, '2018-05-29 07:20:15', '2018-05-29 07:20:15', 'bb70ab74-6310-11e8-aaf5-0f254a0c7eae', 'Monthly Salary', null, null), ('bb72ce5d-6310-11e8-aaf5-0f254a0c7eae', 'salaryStructure', '8472800', '1', null, '2018-05-29 07:20:15', '2018-05-29 07:20:15', 'bb70ab74-6310-11e8-aaf5-0f254a0c7eae', '13th Salary', null, null), ('bb72ce5e-6310-11e8-aaf5-0f254a0c7eae', 'salaryStructure', '60000', '1', null, '2018-05-29 07:20:15', '2018-05-29 07:20:15', 'bb70ab74-6310-11e8-aaf5-0f254a0c7eae', 'Meal', null, null), ('bb72ce5f-6310-11e8-aaf5-0f254a0c7eae', 'salaryStructure', '5175000', '1', null, '2018-05-29 07:20:15', '2018-05-29 07:20:15', 'bb70ab75-6310-11e8-aaf5-0f254a0c7eae', 'Monthly Salary', null, null), ('bb72ce60-6310-11e8-aaf5-0f254a0c7eae', 'salaryStructure', '5175000', '1', null, '2018-05-29 07:20:15', '2018-05-29 07:20:15', 'bb70ab75-6310-11e8-aaf5-0f254a0c7eae', '13th Salary', null, null), ('bb72ce61-6310-11e8-aaf5-0f254a0c7eae', 'salaryStructure', '0', '1', null, '2018-05-29 07:20:15', '2018-05-29 07:20:15', 'bb70ab75-6310-11e8-aaf5-0f254a0c7eae', 'Meal', null, null), ('bb72ce62-6310-11e8-aaf5-0f254a0c7eae', 'salaryStructure', '2082000', '1', null, '2018-05-29 07:20:15', '2018-05-29 07:20:15', 'bb70ab76-6310-11e8-aaf5-0f254a0c7eae', 'Monthly Salary', null, null), ('bb72ce63-6310-11e8-aaf5-0f254a0c7eae', 'salaryStructure', '2082000', '1', null, '2018-05-29 07:20:15', '2018-05-29 07:20:15', 'bb70ab76-6310-11e8-aaf5-0f254a0c7eae', '13th Salary', null, null), ('bb72ce64-6310-11e8-aaf5-0f254a0c7eae', 'salaryStructure', '0', '1', null, '2018-05-29 07:20:15', '2018-05-29 07:20:15', 'bb70ab76-6310-11e8-aaf5-0f254a0c7eae', 'Meal', null, null), ('bb72ce65-6310-11e8-aaf5-0f254a0c7eae', 'salaryStructure', '1542800', '1', null, '2018-05-29 07:20:15', '2018-05-29 07:20:15', 'bb70ab77-6310-11e8-aaf5-0f254a0c7eae', 'Monthly Salary', null, null), ('bb72ce66-6310-11e8-aaf5-0f254a0c7eae', 'salaryStructure', '1542800', '1', null, '2018-05-29 07:20:15', '2018-05-29 07:20:15', 'bb70ab77-6310-11e8-aaf5-0f254a0c7eae', '13th Salary', null, null), ('bb72ce67-6310-11e8-aaf5-0f254a0c7eae', 'salaryStructure', '0', '1', null, '2018-05-29 07:20:15', '2018-05-29 07:20:15', 'bb70ab77-6310-11e8-aaf5-0f254a0c7eae', 'Meal', null, null), ('bb72ce68-6310-11e8-aaf5-0f254a0c7eae', 'salaryStructure', '4527700', '1', null, '2018-05-29 07:20:15', '2018-05-29 07:20:15', 'bb70ab78-6310-11e8-aaf5-0f254a0c7eae', 'Monthly Salary', null, null), ('bb72ce69-6310-11e8-aaf5-0f254a0c7eae', 'salaryStructure', '4527700', '1', null, '2018-05-29 07:20:15', '2018-05-29 07:20:15', 'bb70ab78-6310-11e8-aaf5-0f254a0c7eae', '13th Salary', null, null), ('bb72ce6a-6310-11e8-aaf5-0f254a0c7eae', 'salaryStructure', '60000', '1', null, '2018-05-29 07:20:15', '2018-05-29 07:20:15', 'bb70ab78-6310-11e8-aaf5-0f254a0c7eae', 'Meal', null, null), ('bb72ce6b-6310-11e8-aaf5-0f254a0c7eae', 'salaryStructure', '2450000', '1', null, '2018-05-29 07:20:15', '2018-05-29 07:20:15', 'bb70ab79-6310-11e8-aaf5-0f254a0c7eae', 'Monthly Salary', null, null), ('bb72ce6c-6310-11e8-aaf5-0f254a0c7eae', 'salaryStructure', '2450000', '1', null, '2018-05-29 07:20:15', '2018-05-29 07:20:15', 'bb70ab79-6310-11e8-aaf5-0f254a0c7eae', '13th Salary', null, null), ('bb72ce6d-6310-11e8-aaf5-0f254a0c7eae', 'salaryStructure', '60000', '1', null, '2018-05-29 07:20:15', '2018-05-29 07:20:15', 'bb70ab79-6310-11e8-aaf5-0f254a0c7eae', 'Meal', null, null), ('bb72ce6e-6310-11e8-aaf5-0f254a0c7eae', 'salaryStructure', '2143700', '1', null, '2018-05-29 07:20:15', '2018-05-29 07:20:15', 'bb70ab7a-6310-11e8-aaf5-0f254a0c7eae', 'Monthly Salary', null, null), ('bb72ce6f-6310-11e8-aaf5-0f254a0c7eae', 'salaryStructure', '2143700', '1', null, '2018-05-29 07:20:15', '2018-05-29 07:20:15', 'bb70ab7a-6310-11e8-aaf5-0f254a0c7eae', '13th Salary', null, null), ('bb72ce70-6310-11e8-aaf5-0f254a0c7eae', 'salaryStructure', '0', '1', null, '2018-05-29 07:20:15', '2018-05-29 07:20:15', 'bb70ab7a-6310-11e8-aaf5-0f254a0c7eae', 'Meal', null, null), ('bb72ce71-6310-11e8-aaf5-0f254a0c7eae', 'salaryStructure', '1602700', '1', null, '2018-05-29 07:20:15', '2018-05-29 07:20:15', 'bb70ab7b-6310-11e8-aaf5-0f254a0c7eae', 'Monthly Salary', null, null), ('bb72ce72-6310-11e8-aaf5-0f254a0c7eae', 'salaryStructure', '1602700', '1', null, '2018-05-29 07:20:15', '2018-05-29 07:20:15', 'bb70ab7b-6310-11e8-aaf5-0f254a0c7eae', '13th Salary', null, null), ('bb72ce73-6310-11e8-aaf5-0f254a0c7eae', 'salaryStructure', '60000', '1', null, '2018-05-29 07:20:15', '2018-05-29 07:20:15', 'bb70ab7b-6310-11e8-aaf5-0f254a0c7eae', 'Meal', null, null), ('bb72ce74-6310-11e8-aaf5-0f254a0c7eae', 'salaryStructure', '3285700', '1', null, '2018-05-29 07:20:15', '2018-05-29 07:20:15', 'bb70ab7c-6310-11e8-aaf5-0f254a0c7eae', 'Monthly Salary', null, null), ('bb72ce75-6310-11e8-aaf5-0f254a0c7eae', 'salaryStructure', '3285700', '1', null, '2018-05-29 07:20:15', '2018-05-29 07:20:15', 'bb70ab7c-6310-11e8-aaf5-0f254a0c7eae', '13th Salary', null, null), ('bb72ce76-6310-11e8-aaf5-0f254a0c7eae', 'salaryStructure', '60000', '1', null, '2018-05-29 07:20:15', '2018-05-29 07:20:15', 'bb70ab7c-6310-11e8-aaf5-0f254a0c7eae', 'Meal', null, null), ('bb72ce77-6310-11e8-aaf5-0f254a0c7eae', 'salaryStructure', '1001700', '1', null, '2018-05-29 07:20:15', '2018-05-29 07:20:15', 'bb70ab7d-6310-11e8-aaf5-0f254a0c7eae', 'Monthly Salary', null, null), ('bb72ce78-6310-11e8-aaf5-0f254a0c7eae', 'salaryStructure', '1001700', '1', null, '2018-05-29 07:20:15', '2018-05-29 07:20:15', 'bb70ab7d-6310-11e8-aaf5-0f254a0c7eae', '13th Salary', null, null), ('bb72ce79-6310-11e8-aaf5-0f254a0c7eae', 'salaryStructure', '60000', '1', null, '2018-05-29 07:20:15', '2018-05-29 07:20:15', 'bb70ab7d-6310-11e8-aaf5-0f254a0c7eae', 'Meal', null, null), ('bb72ce7a-6310-11e8-aaf5-0f254a0c7eae', 'salaryStructure', '2082000', '1', null, '2018-05-29 07:20:15', '2018-05-29 07:20:15', 'bb70ab7e-6310-11e8-aaf5-0f254a0c7eae', 'Monthly Salary', null, null), ('bb72ce7b-6310-11e8-aaf5-0f254a0c7eae', 'salaryStructure', '2082000', '1', null, '2018-05-29 07:20:15', '2018-05-29 07:20:15', 'bb70ab7e-6310-11e8-aaf5-0f254a0c7eae', '13th Salary', null, null), ('bb72ce7c-6310-11e8-aaf5-0f254a0c7eae', 'salaryStructure', '60000', '1', null, '2018-05-29 07:20:15', '2018-05-29 07:20:15', 'bb70ab7e-6310-11e8-aaf5-0f254a0c7eae', 'Meal', null, null), ('bb72ce7d-6310-11e8-aaf5-0f254a0c7eae', 'salaryStructure', '1650000', '1', null, '2018-05-29 07:20:15', '2018-05-29 07:20:15', 'bb70ab7f-6310-11e8-aaf5-0f254a0c7eae', 'Monthly Salary', null, null), ('bb72ce7e-6310-11e8-aaf5-0f254a0c7eae', 'salaryStructure', '1650000', '1', null, '2018-05-29 07:20:15', '2018-05-29 07:20:15', 'bb70ab7f-6310-11e8-aaf5-0f254a0c7eae', '13th Salary', null, null), ('bb72ce7f-6310-11e8-aaf5-0f254a0c7eae', 'salaryStructure', '60000', '1', null, '2018-05-29 07:20:15', '2018-05-29 07:20:15', 'bb70ab7f-6310-11e8-aaf5-0f254a0c7eae', 'Meal', null, null), ('bb72ce80-6310-11e8-aaf5-0f254a0c7eae', 'salaryStructure', '1602700', '1', null, '2018-05-29 07:20:15', '2018-05-29 07:20:15', 'bb70ab80-6310-11e8-aaf5-0f254a0c7eae', 'Monthly Salary', null, null), ('bb72ce81-6310-11e8-aaf5-0f254a0c7eae', 'salaryStructure', '1602700', '1', null, '2018-05-29 07:20:15', '2018-05-29 07:20:15', 'bb70ab80-6310-11e8-aaf5-0f254a0c7eae', '13th Salary', null, null), ('bb72ce82-6310-11e8-aaf5-0f254a0c7eae', 'salaryStructure', '0', '1', null, '2018-05-29 07:20:15', '2018-05-29 07:20:15', 'bb70ab80-6310-11e8-aaf5-0f254a0c7eae', 'Meal', null, null), ('bb72ce83-6310-11e8-aaf5-0f254a0c7eae', 'salaryStructure', '2221600', '1', null, '2018-05-29 07:20:15', '2018-05-29 07:20:15', 'bb70ab81-6310-11e8-aaf5-0f254a0c7eae', 'Monthly Salary', null, null), ('bb72ce84-6310-11e8-aaf5-0f254a0c7eae', 'salaryStructure', '2221600', '1', null, '2018-05-29 07:20:15', '2018-05-29 07:20:15', 'bb70ab81-6310-11e8-aaf5-0f254a0c7eae', '13th Salary', null, null), ('bb72ce85-6310-11e8-aaf5-0f254a0c7eae', 'salaryStructure', '60000', '1', null, '2018-05-29 07:20:15', '2018-05-29 07:20:15', 'bb70ab81-6310-11e8-aaf5-0f254a0c7eae', 'Meal', null, null), ('bb72ce86-6310-11e8-aaf5-0f254a0c7eae', 'salaryStructure', '7455000', '1', null, '2018-05-29 07:20:15', '2018-05-29 07:20:15', 'bb70ab82-6310-11e8-aaf5-0f254a0c7eae', 'Monthly Salary', null, null), ('bb72ce87-6310-11e8-aaf5-0f254a0c7eae', 'salaryStructure', '7455000', '1', null, '2018-05-29 07:20:15', '2018-05-29 07:20:15', 'bb70ab82-6310-11e8-aaf5-0f254a0c7eae', '13th Salary', null, null), ('bb72ce88-6310-11e8-aaf5-0f254a0c7eae', 'salaryStructure', '60000', '1', null, '2018-05-29 07:20:15', '2018-05-29 07:20:15', 'bb70ab82-6310-11e8-aaf5-0f254a0c7eae', 'Meal', null, null), ('bb72ce89-6310-11e8-aaf5-0f254a0c7eae', 'salaryStructure', '4078100', '1', null, '2018-05-29 07:20:15', '2018-05-29 07:20:15', 'bb70ab83-6310-11e8-aaf5-0f254a0c7eae', 'Monthly Salary', null, null), ('bb72ce8a-6310-11e8-aaf5-0f254a0c7eae', 'salaryStructure', '4078100', '1', null, '2018-05-29 07:20:15', '2018-05-29 07:20:15', 'bb70ab83-6310-11e8-aaf5-0f254a0c7eae', '13th Salary', null, null), ('bb72ce8b-6310-11e8-aaf5-0f254a0c7eae', 'salaryStructure', '60000', '1', null, '2018-05-29 07:20:15', '2018-05-29 07:20:15', 'bb70ab83-6310-11e8-aaf5-0f254a0c7eae', 'Meal', null, null), ('bb72f560-6310-11e8-aaf5-0f254a0c7eae', 'salaryStructure', '1396100', '1', null, '2018-05-29 07:20:15', '2018-05-29 07:20:15', 'bb70ab84-6310-11e8-aaf5-0f254a0c7eae', 'Monthly Salary', null, null), ('bb72f561-6310-11e8-aaf5-0f254a0c7eae', 'salaryStructure', '1396100', '1', null, '2018-05-29 07:20:15', '2018-05-29 07:20:15', 'bb70ab84-6310-11e8-aaf5-0f254a0c7eae', '13th Salary', null, null), ('bb72f562-6310-11e8-aaf5-0f254a0c7eae', 'salaryStructure', '60000', '1', null, '2018-05-29 07:20:15', '2018-05-29 07:20:15', 'bb70ab84-6310-11e8-aaf5-0f254a0c7eae', 'Meal', null, null), ('bb72f563-6310-11e8-aaf5-0f254a0c7eae', 'salaryStructure', '556600', '1', null, '2018-05-29 07:20:15', '2018-05-29 07:20:15', 'bb70ab85-6310-11e8-aaf5-0f254a0c7eae', 'Monthly Salary', null, null), ('bb72f564-6310-11e8-aaf5-0f254a0c7eae', 'salaryStructure', '556600', '1', null, '2018-05-29 07:20:15', '2018-05-29 07:20:15', 'bb70ab85-6310-11e8-aaf5-0f254a0c7eae', '13th Salary', null, null), ('bb72f565-6310-11e8-aaf5-0f254a0c7eae', 'salaryStructure', '60000', '1', null, '2018-05-29 07:20:15', '2018-05-29 07:20:15', 'bb70ab85-6310-11e8-aaf5-0f254a0c7eae', 'Meal', null, null), ('bb72f566-6310-11e8-aaf5-0f254a0c7eae', 'salaryStructure', '2082000', '1', null, '2018-05-29 07:20:15', '2018-05-29 07:20:15', 'bb70ab86-6310-11e8-aaf5-0f254a0c7eae', 'Monthly Salary', null, null), ('bb72f567-6310-11e8-aaf5-0f254a0c7eae', 'salaryStructure', '2082000', '1', null, '2018-05-29 07:20:15', '2018-05-29 07:20:15', 'bb70ab86-6310-11e8-aaf5-0f254a0c7eae', '13th Salary', null, null), ('bb72f568-6310-11e8-aaf5-0f254a0c7eae', 'salaryStructure', '0', '1', null, '2018-05-29 07:20:15', '2018-05-29 07:20:15', 'bb70ab86-6310-11e8-aaf5-0f254a0c7eae', 'Meal', null, null), ('bb72f569-6310-11e8-aaf5-0f254a0c7eae', 'salaryStructure', '1396100', '1', null, '2018-05-29 07:20:15', '2018-05-29 07:20:15', 'bb70ab87-6310-11e8-aaf5-0f254a0c7eae', 'Monthly Salary', null, null), ('bb72f56a-6310-11e8-aaf5-0f254a0c7eae', 'salaryStructure', '1396100', '1', null, '2018-05-29 07:20:15', '2018-05-29 07:20:15', 'bb70ab87-6310-11e8-aaf5-0f254a0c7eae', '13th Salary', null, null), ('bb72f56b-6310-11e8-aaf5-0f254a0c7eae', 'salaryStructure', '0', '1', null, '2018-05-29 07:20:15', '2018-05-29 07:20:15', 'bb70ab87-6310-11e8-aaf5-0f254a0c7eae', 'Meal', null, null), ('bb72f56c-6310-11e8-aaf5-0f254a0c7eae', 'salaryStructure', '5342400', '1', null, '2018-05-29 07:20:15', '2018-05-29 07:20:15', 'bb70ab88-6310-11e8-aaf5-0f254a0c7eae', 'Monthly Salary', null, null), ('bb72f56d-6310-11e8-aaf5-0f254a0c7eae', 'salaryStructure', '5342400', '1', null, '2018-05-29 07:20:15', '2018-05-29 07:20:15', 'bb70ab88-6310-11e8-aaf5-0f254a0c7eae', '13th Salary', null, null), ('bb72f56e-6310-11e8-aaf5-0f254a0c7eae', 'salaryStructure', '0', '1', null, '2018-05-29 07:20:15', '2018-05-29 07:20:15', 'bb70ab88-6310-11e8-aaf5-0f254a0c7eae', 'Meal', null, null), ('bb72f56f-6310-11e8-aaf5-0f254a0c7eae', 'salaryStructure', '3285700', '1', null, '2018-05-29 07:20:15', '2018-05-29 07:20:15', 'bb70ab89-6310-11e8-aaf5-0f254a0c7eae', 'Monthly Salary', null, null), ('bb72f570-6310-11e8-aaf5-0f254a0c7eae', 'salaryStructure', '3285700', '1', null, '2018-05-29 07:20:15', '2018-05-29 07:20:15', 'bb70ab89-6310-11e8-aaf5-0f254a0c7eae', '13th Salary', null, null), ('bb72f571-6310-11e8-aaf5-0f254a0c7eae', 'salaryStructure', '0', '1', null, '2018-05-29 07:20:15', '2018-05-29 07:20:15', 'bb70ab89-6310-11e8-aaf5-0f254a0c7eae', 'Meal', null, null), ('bb72f572-6310-11e8-aaf5-0f254a0c7eae', 'salaryStructure', '528000', '1', null, '2018-05-29 07:20:15', '2018-05-29 07:20:15', 'bb70ab8a-6310-11e8-aaf5-0f254a0c7eae', 'Monthly Salary', null, null), ('bb72f573-6310-11e8-aaf5-0f254a0c7eae', 'salaryStructure', '528000', '1', null, '2018-05-29 07:20:15', '2018-05-29 07:20:15', 'bb70ab8a-6310-11e8-aaf5-0f254a0c7eae', '13th Salary', null, null), ('bb72f574-6310-11e8-aaf5-0f254a0c7eae', 'salaryStructure', '60000', '1', null, '2018-05-29 07:20:15', '2018-05-29 07:20:15', 'bb70ab8a-6310-11e8-aaf5-0f254a0c7eae', 'Meal', null, null), ('bb72f575-6310-11e8-aaf5-0f254a0c7eae', 'salaryStructure', '1396100', '1', null, '2018-05-29 07:20:15', '2018-05-29 07:20:15', 'bb70ab8b-6310-11e8-aaf5-0f254a0c7eae', 'Monthly Salary', null, null), ('bb72f576-6310-11e8-aaf5-0f254a0c7eae', 'salaryStructure', '1396100', '1', null, '2018-05-29 07:20:15', '2018-05-29 07:20:15', 'bb70ab8b-6310-11e8-aaf5-0f254a0c7eae', '13th Salary', null, null), ('bb72f577-6310-11e8-aaf5-0f254a0c7eae', 'salaryStructure', '0', '1', null, '2018-05-29 07:20:15', '2018-05-29 07:20:15', 'bb70ab8b-6310-11e8-aaf5-0f254a0c7eae', 'Meal', null, null), ('bb72f578-6310-11e8-aaf5-0f254a0c7eae', 'salaryStructure', '561600', '1', null, '2018-05-29 07:20:15', '2018-05-29 07:20:15', 'bb70ab8c-6310-11e8-aaf5-0f254a0c7eae', 'Monthly Salary', null, null), ('bb72f579-6310-11e8-aaf5-0f254a0c7eae', 'salaryStructure', '561600', '1', null, '2018-05-29 07:20:15', '2018-05-29 07:20:15', 'bb70ab8c-6310-11e8-aaf5-0f254a0c7eae', '13th Salary', null, null), ('bb72f57a-6310-11e8-aaf5-0f254a0c7eae', 'salaryStructure', '60000', '1', null, '2018-05-29 07:20:15', '2018-05-29 07:20:15', 'bb70ab8c-6310-11e8-aaf5-0f254a0c7eae', 'Meal', null, null), ('bb72f57b-6310-11e8-aaf5-0f254a0c7eae', 'salaryStructure', '2082000', '1', null, '2018-05-29 07:20:15', '2018-05-29 07:20:15', 'bb70ab8d-6310-11e8-aaf5-0f254a0c7eae', 'Monthly Salary', null, null), ('bb72f57c-6310-11e8-aaf5-0f254a0c7eae', 'salaryStructure', '2082000', '1', null, '2018-05-29 07:20:15', '2018-05-29 07:20:15', 'bb70ab8d-6310-11e8-aaf5-0f254a0c7eae', '13th Salary', null, null), ('bb72f57d-6310-11e8-aaf5-0f254a0c7eae', 'salaryStructure', '60000', '1', null, '2018-05-29 07:20:15', '2018-05-29 07:20:15', 'bb70ab8d-6310-11e8-aaf5-0f254a0c7eae', 'Meal', null, null), ('bb72f57e-6310-11e8-aaf5-0f254a0c7eae', 'salaryStructure', '1968800', '1', null, '2018-05-29 07:20:15', '2018-05-29 07:20:15', 'bb70ab8e-6310-11e8-aaf5-0f254a0c7eae', 'Monthly Salary', null, null), ('bb72f57f-6310-11e8-aaf5-0f254a0c7eae', 'salaryStructure', '1968800', '1', null, '2018-05-29 07:20:15', '2018-05-29 07:20:15', 'bb70ab8e-6310-11e8-aaf5-0f254a0c7eae', '13th Salary', null, null), ('bb72f580-6310-11e8-aaf5-0f254a0c7eae', 'salaryStructure', '60000', '1', null, '2018-05-29 07:20:15', '2018-05-29 07:20:15', 'bb70ab8e-6310-11e8-aaf5-0f254a0c7eae', 'Meal', null, null), ('bb72f581-6310-11e8-aaf5-0f254a0c7eae', 'salaryStructure', '1188000', '1', null, '2018-05-29 07:20:15', '2018-05-29 07:20:15', 'bb70ab8f-6310-11e8-aaf5-0f254a0c7eae', 'Monthly Salary', null, null), ('bb72f582-6310-11e8-aaf5-0f254a0c7eae', 'salaryStructure', '1188000', '1', null, '2018-05-29 07:20:15', '2018-05-29 07:20:15', 'bb70ab8f-6310-11e8-aaf5-0f254a0c7eae', '13th Salary', null, null), ('bb72f583-6310-11e8-aaf5-0f254a0c7eae', 'salaryStructure', '60000', '1', null, '2018-05-29 07:20:15', '2018-05-29 07:20:15', 'bb70ab8f-6310-11e8-aaf5-0f254a0c7eae', 'Meal', null, null), ('bb72f584-6310-11e8-aaf5-0f254a0c7eae', 'salaryStructure', '3515400', '1', null, '2018-05-29 07:20:15', '2018-05-29 07:20:15', 'bb70ab90-6310-11e8-aaf5-0f254a0c7eae', 'Monthly Salary', null, null), ('bb72f585-6310-11e8-aaf5-0f254a0c7eae', 'salaryStructure', '3515400', '1', null, '2018-05-29 07:20:15', '2018-05-29 07:20:15', 'bb70ab90-6310-11e8-aaf5-0f254a0c7eae', '13th Salary', null, null), ('bb72f586-6310-11e8-aaf5-0f254a0c7eae', 'salaryStructure', '60000', '1', null, '2018-05-29 07:20:15', '2018-05-29 07:20:15', 'bb70ab90-6310-11e8-aaf5-0f254a0c7eae', 'Meal', null, null), ('bb72f587-6310-11e8-aaf5-0f254a0c7eae', 'salaryStructure', '5175000', '1', null, '2018-05-29 07:20:15', '2018-05-29 07:20:15', 'bb70ab91-6310-11e8-aaf5-0f254a0c7eae', 'Monthly Salary', null, null), ('bb72f588-6310-11e8-aaf5-0f254a0c7eae', 'salaryStructure', '5175000', '1', null, '2018-05-29 07:20:15', '2018-05-29 07:20:15', 'bb70ab91-6310-11e8-aaf5-0f254a0c7eae', '13th Salary', null, null), ('bb72f589-6310-11e8-aaf5-0f254a0c7eae', 'salaryStructure', '60000', '1', null, '2018-05-29 07:20:15', '2018-05-29 07:20:15', 'bb70ab91-6310-11e8-aaf5-0f254a0c7eae', 'Meal', null, null), ('bb72f58a-6310-11e8-aaf5-0f254a0c7eae', 'salaryStructure', '1365000', '1', null, '2018-05-29 07:20:15', '2018-05-29 07:20:15', 'bb70ab92-6310-11e8-aaf5-0f254a0c7eae', 'Monthly Salary', null, null), ('bb72f58b-6310-11e8-aaf5-0f254a0c7eae', 'salaryStructure', '1365000', '1', null, '2018-05-29 07:20:15', '2018-05-29 07:20:15', 'bb70ab92-6310-11e8-aaf5-0f254a0c7eae', '13th Salary', null, null), ('bb72f58c-6310-11e8-aaf5-0f254a0c7eae', 'salaryStructure', '60000', '1', null, '2018-05-29 07:20:15', '2018-05-29 07:20:15', 'bb70ab92-6310-11e8-aaf5-0f254a0c7eae', 'Meal', null, null), ('bb72f58d-6310-11e8-aaf5-0f254a0c7eae', 'salaryStructure', '2835000', '1', null, '2018-05-29 07:20:15', '2018-05-29 07:20:15', 'bb70ab93-6310-11e8-aaf5-0f254a0c7eae', 'Monthly Salary', null, null), ('bb72f58e-6310-11e8-aaf5-0f254a0c7eae', 'salaryStructure', '2835000', '1', null, '2018-05-29 07:20:15', '2018-05-29 07:20:15', 'bb70ab93-6310-11e8-aaf5-0f254a0c7eae', '13th Salary', null, null), ('bb72f58f-6310-11e8-aaf5-0f254a0c7eae', 'salaryStructure', '60000', '1', null, '2018-05-29 07:20:15', '2018-05-29 07:20:15', 'bb70ab93-6310-11e8-aaf5-0f254a0c7eae', 'Meal', null, null), ('bb72f590-6310-11e8-aaf5-0f254a0c7eae', 'salaryStructure', '4515000', '1', null, '2018-05-29 07:20:15', '2018-05-29 07:20:15', 'bb70ab94-6310-11e8-aaf5-0f254a0c7eae', 'Monthly Salary', null, null), ('bb72f591-6310-11e8-aaf5-0f254a0c7eae', 'salaryStructure', '4515000', '1', null, '2018-05-29 07:20:15', '2018-05-29 07:20:15', 'bb70ab94-6310-11e8-aaf5-0f254a0c7eae', '13th Salary', null, null), ('bb72f592-6310-11e8-aaf5-0f254a0c7eae', 'salaryStructure', '0', '1', null, '2018-05-29 07:20:15', '2018-05-29 07:20:15', 'bb70ab94-6310-11e8-aaf5-0f254a0c7eae', 'Meal', null, null), ('bb72f593-6310-11e8-aaf5-0f254a0c7eae', 'salaryStructure', '3047500', '1', null, '2018-05-29 07:20:15', '2018-05-29 07:20:15', 'bb70ab95-6310-11e8-aaf5-0f254a0c7eae', 'Monthly Salary', null, null), ('bb72f594-6310-11e8-aaf5-0f254a0c7eae', 'salaryStructure', '3047500', '1', null, '2018-05-29 07:20:15', '2018-05-29 07:20:15', 'bb70ab95-6310-11e8-aaf5-0f254a0c7eae', '13th Salary', null, null), ('bb72f595-6310-11e8-aaf5-0f254a0c7eae', 'salaryStructure', '60000', '1', null, '2018-05-29 07:20:15', '2018-05-29 07:20:15', 'bb70ab95-6310-11e8-aaf5-0f254a0c7eae', 'Meal', null, null), ('bb72f596-6310-11e8-aaf5-0f254a0c7eae', 'salaryStructure', '561600', '1', null, '2018-05-29 07:20:15', '2018-05-29 07:20:15', 'bb70ab96-6310-11e8-aaf5-0f254a0c7eae', 'Monthly Salary', null, null), ('bb72f597-6310-11e8-aaf5-0f254a0c7eae', 'salaryStructure', '561600', '1', null, '2018-05-29 07:20:15', '2018-05-29 07:20:15', 'bb70ab96-6310-11e8-aaf5-0f254a0c7eae', '13th Salary', null, null), ('bb72f598-6310-11e8-aaf5-0f254a0c7eae', 'salaryStructure', '60000', '1', null, '2018-05-29 07:20:15', '2018-05-29 07:20:15', 'bb70ab96-6310-11e8-aaf5-0f254a0c7eae', 'Meal', null, null), ('bb72f599-6310-11e8-aaf5-0f254a0c7eae', 'salaryStructure', '5200000', '1', null, '2018-05-29 07:20:15', '2018-05-29 07:20:15', 'bb70ab97-6310-11e8-aaf5-0f254a0c7eae', 'Monthly Salary', null, null), ('bb72f59a-6310-11e8-aaf5-0f254a0c7eae', 'salaryStructure', '5200000', '1', null, '2018-05-29 07:20:15', '2018-05-29 07:20:15', 'bb70ab97-6310-11e8-aaf5-0f254a0c7eae', '13th Salary', null, null), ('bb72f59b-6310-11e8-aaf5-0f254a0c7eae', 'salaryStructure', '60000', '1', null, '2018-05-29 07:20:15', '2018-05-29 07:20:15', 'bb70ab97-6310-11e8-aaf5-0f254a0c7eae', 'Meal', null, null), ('bb72f59c-6310-11e8-aaf5-0f254a0c7eae', 'salaryStructure', '561600', '1', null, '2018-05-29 07:20:15', '2018-05-29 07:20:15', 'bb70ab98-6310-11e8-aaf5-0f254a0c7eae', 'Monthly Salary', null, null), ('bb72f59d-6310-11e8-aaf5-0f254a0c7eae', 'salaryStructure', '561600', '1', null, '2018-05-29 07:20:15', '2018-05-29 07:20:15', 'bb70ab98-6310-11e8-aaf5-0f254a0c7eae', '13th Salary', null, null), ('bb72f59e-6310-11e8-aaf5-0f254a0c7eae', 'salaryStructure', '60000', '1', null, '2018-05-29 07:20:15', '2018-05-29 07:20:15', 'bb70ab98-6310-11e8-aaf5-0f254a0c7eae', 'Meal', null, null), ('bb72f59f-6310-11e8-aaf5-0f254a0c7eae', 'salaryStructure', '561600', '1', null, '2018-05-29 07:20:15', '2018-05-29 07:20:15', 'bb70ab99-6310-11e8-aaf5-0f254a0c7eae', 'Monthly Salary', null, null), ('bb72f5a0-6310-11e8-aaf5-0f254a0c7eae', 'salaryStructure', '561600', '1', null, '2018-05-29 07:20:15', '2018-05-29 07:20:15', 'bb70ab99-6310-11e8-aaf5-0f254a0c7eae', '13th Salary', null, null), ('bb72f5a1-6310-11e8-aaf5-0f254a0c7eae', 'salaryStructure', '60000', '1', null, '2018-05-29 07:20:15', '2018-05-29 07:20:15', 'bb70ab99-6310-11e8-aaf5-0f254a0c7eae', 'Meal', null, null), ('bb72f5a2-6310-11e8-aaf5-0f254a0c7eae', 'salaryStructure', '561600', '1', null, '2018-05-29 07:20:15', '2018-05-29 07:20:15', 'bb70ab9a-6310-11e8-aaf5-0f254a0c7eae', 'Monthly Salary', null, null), ('bb72f5a3-6310-11e8-aaf5-0f254a0c7eae', 'salaryStructure', '561600', '1', null, '2018-05-29 07:20:15', '2018-05-29 07:20:15', 'bb70ab9a-6310-11e8-aaf5-0f254a0c7eae', '13th Salary', null, null), ('bb72f5a4-6310-11e8-aaf5-0f254a0c7eae', 'salaryStructure', '60000', '1', null, '2018-05-29 07:20:15', '2018-05-29 07:20:15', 'bb70ab9a-6310-11e8-aaf5-0f254a0c7eae', 'Meal', null, null), ('bb72f5a5-6310-11e8-aaf5-0f254a0c7eae', 'salaryStructure', '1542800', '1', null, '2018-05-29 07:20:15', '2018-05-29 07:20:15', 'bb70d280-6310-11e8-aaf5-0f254a0c7eae', 'Monthly Salary', null, null), ('bb72f5a6-6310-11e8-aaf5-0f254a0c7eae', 'salaryStructure', '1542800', '1', null, '2018-05-29 07:20:15', '2018-05-29 07:20:15', 'bb70d280-6310-11e8-aaf5-0f254a0c7eae', '13th Salary', null, null), ('bb72f5a7-6310-11e8-aaf5-0f254a0c7eae', 'salaryStructure', '0', '1', null, '2018-05-29 07:20:15', '2018-05-29 07:20:15', 'bb70d280-6310-11e8-aaf5-0f254a0c7eae', 'Meal', null, null), ('bb72f5a8-6310-11e8-aaf5-0f254a0c7eae', 'salaryStructure', '440000', '1', null, '2018-05-29 07:20:15', '2018-05-29 07:20:15', 'bb70d281-6310-11e8-aaf5-0f254a0c7eae', 'Monthly Salary', null, null), ('bb72f5a9-6310-11e8-aaf5-0f254a0c7eae', 'salaryStructure', '440000', '1', null, '2018-05-29 07:20:15', '2018-05-29 07:20:15', 'bb70d281-6310-11e8-aaf5-0f254a0c7eae', '13th Salary', null, null), ('bb72f5aa-6310-11e8-aaf5-0f254a0c7eae', 'salaryStructure', '0', '1', null, '2018-05-29 07:20:15', '2018-05-29 07:20:15', 'bb70d281-6310-11e8-aaf5-0f254a0c7eae', 'Meal', null, null), ('bb72f5ab-6310-11e8-aaf5-0f254a0c7eae', 'salaryStructure', '440000', '1', null, '2018-05-29 07:20:15', '2018-05-29 07:20:15', 'bb70d282-6310-11e8-aaf5-0f254a0c7eae', 'Monthly Salary', null, null), ('bb72f5ac-6310-11e8-aaf5-0f254a0c7eae', 'salaryStructure', '440000', '1', null, '2018-05-29 07:20:15', '2018-05-29 07:20:15', 'bb70d282-6310-11e8-aaf5-0f254a0c7eae', '13th Salary', null, null), ('bb72f5ad-6310-11e8-aaf5-0f254a0c7eae', 'salaryStructure', '0', '1', null, '2018-05-29 07:20:15', '2018-05-29 07:20:15', 'bb70d282-6310-11e8-aaf5-0f254a0c7eae', 'Meal', null, null), ('bb72f5ae-6310-11e8-aaf5-0f254a0c7eae', 'salaryStructure', '440000', '1', null, '2018-05-29 07:20:15', '2018-05-29 07:20:15', 'bb70d283-6310-11e8-aaf5-0f254a0c7eae', 'Monthly Salary', null, null), ('bb72f5af-6310-11e8-aaf5-0f254a0c7eae', 'salaryStructure', '440000', '1', null, '2018-05-29 07:20:15', '2018-05-29 07:20:15', 'bb70d283-6310-11e8-aaf5-0f254a0c7eae', '13th Salary', null, null), ('bb72f5b0-6310-11e8-aaf5-0f254a0c7eae', 'salaryStructure', '0', '1', null, '2018-05-29 07:20:15', '2018-05-29 07:20:15', 'bb70d283-6310-11e8-aaf5-0f254a0c7eae', 'Meal', null, null), ('bb72f5b1-6310-11e8-aaf5-0f254a0c7eae', 'salaryStructure', '440000', '1', null, '2018-05-29 07:20:15', '2018-05-29 07:20:15', 'bb70d284-6310-11e8-aaf5-0f254a0c7eae', 'Monthly Salary', null, null), ('bb72f5b2-6310-11e8-aaf5-0f254a0c7eae', 'salaryStructure', '440000', '1', null, '2018-05-29 07:20:15', '2018-05-29 07:20:15', 'bb70d284-6310-11e8-aaf5-0f254a0c7eae', '13th Salary', null, null), ('bb72f5b3-6310-11e8-aaf5-0f254a0c7eae', 'salaryStructure', '0', '1', null, '2018-05-29 07:20:15', '2018-05-29 07:20:15', 'bb70d284-6310-11e8-aaf5-0f254a0c7eae', 'Meal', null, null), ('bb72f5b4-6310-11e8-aaf5-0f254a0c7eae', 'salaryStructure', '440000', '1', null, '2018-05-29 07:20:15', '2018-05-29 07:20:15', 'bb70d285-6310-11e8-aaf5-0f254a0c7eae', 'Monthly Salary', null, null), ('bb72f5b5-6310-11e8-aaf5-0f254a0c7eae', 'salaryStructure', '440000', '1', null, '2018-05-29 07:20:15', '2018-05-29 07:20:15', 'bb70d285-6310-11e8-aaf5-0f254a0c7eae', '13th Salary', null, null), ('bb731c70-6310-11e8-aaf5-0f254a0c7eae', 'salaryStructure', '0', '1', null, '2018-05-29 07:20:15', '2018-05-29 07:20:15', 'bb70d285-6310-11e8-aaf5-0f254a0c7eae', 'Meal', null, null), ('bb731c71-6310-11e8-aaf5-0f254a0c7eae', 'salaryStructure', '1602700', '1', null, '2018-05-29 07:20:15', '2018-05-29 07:20:15', 'bb70d286-6310-11e8-aaf5-0f254a0c7eae', 'Monthly Salary', null, null), ('bb731c72-6310-11e8-aaf5-0f254a0c7eae', 'salaryStructure', '1602700', '1', null, '2018-05-29 07:20:15', '2018-05-29 07:20:15', 'bb70d286-6310-11e8-aaf5-0f254a0c7eae', '13th Salary', null, null), ('bb731c73-6310-11e8-aaf5-0f254a0c7eae', 'salaryStructure', '0', '1', null, '2018-05-29 07:20:15', '2018-05-29 07:20:15', 'bb70d286-6310-11e8-aaf5-0f254a0c7eae', 'Meal', null, null), ('bb731c74-6310-11e8-aaf5-0f254a0c7eae', 'salaryStructure', '3047500', '1', null, '2018-05-29 07:20:15', '2018-05-29 07:20:15', 'bb70d287-6310-11e8-aaf5-0f254a0c7eae', 'Monthly Salary', null, null), ('bb731c75-6310-11e8-aaf5-0f254a0c7eae', 'salaryStructure', '3047500', '1', null, '2018-05-29 07:20:15', '2018-05-29 07:20:15', 'bb70d287-6310-11e8-aaf5-0f254a0c7eae', '13th Salary', null, null), ('bb731c76-6310-11e8-aaf5-0f254a0c7eae', 'salaryStructure', '0', '1', null, '2018-05-29 07:20:15', '2018-05-29 07:20:15', 'bb70d287-6310-11e8-aaf5-0f254a0c7eae', 'Meal', null, null), ('bb731c77-6310-11e8-aaf5-0f254a0c7eae', 'salaryStructure', '440000', '1', null, '2018-05-29 07:20:15', '2018-05-29 07:20:15', 'bb70d288-6310-11e8-aaf5-0f254a0c7eae', 'Monthly Salary', null, null), ('bb731c78-6310-11e8-aaf5-0f254a0c7eae', 'salaryStructure', '440000', '1', null, '2018-05-29 07:20:15', '2018-05-29 07:20:15', 'bb70d288-6310-11e8-aaf5-0f254a0c7eae', '13th Salary', null, null), ('bb731c79-6310-11e8-aaf5-0f254a0c7eae', 'salaryStructure', '0', '1', null, '2018-05-29 07:20:15', '2018-05-29 07:20:15', 'bb70d288-6310-11e8-aaf5-0f254a0c7eae', 'Meal', null, null), ('bb731c7a-6310-11e8-aaf5-0f254a0c7eae', 'salaryStructure', '440000', '1', null, '2018-05-29 07:20:15', '2018-05-29 07:20:15', 'bb70d289-6310-11e8-aaf5-0f254a0c7eae', 'Monthly Salary', null, null), ('bb731c7b-6310-11e8-aaf5-0f254a0c7eae', 'salaryStructure', '440000', '1', null, '2018-05-29 07:20:15', '2018-05-29 07:20:15', 'bb70d289-6310-11e8-aaf5-0f254a0c7eae', '13th Salary', null, null), ('bb731c7c-6310-11e8-aaf5-0f254a0c7eae', 'salaryStructure', '0', '1', null, '2018-05-29 07:20:15', '2018-05-29 07:20:15', 'bb70d289-6310-11e8-aaf5-0f254a0c7eae', 'Meal', null, null), ('bc3e0d90-6310-11e8-aaf5-0f254a0c7eae', 'positionLog', '1396100', '1', null, '2018-05-29 07:20:16', '2018-05-29 07:20:16', 'bc3c5fe0-6310-11e8-aaf5-0f254a0c7eae', 'Monthly Salary', null, null), ('bc3e0d91-6310-11e8-aaf5-0f254a0c7eae', 'positionLog', '1396100', '1', null, '2018-05-29 07:20:16', '2018-05-29 07:20:16', 'bc3c5fe0-6310-11e8-aaf5-0f254a0c7eae', '13th Salary', null, null), ('bc3e0d92-6310-11e8-aaf5-0f254a0c7eae', 'positionLog', '60000', '1', null, '2018-05-29 07:20:16', '2018-05-29 07:20:16', 'bc3c5fe0-6310-11e8-aaf5-0f254a0c7eae', 'Meal', null, null), ('bc419000-6310-11e8-aaf5-0f254a0c7eae', 'positionLog', '6000000', '1', null, '2018-05-29 07:20:16', '2018-05-29 07:20:16', 'bc405780-6310-11e8-aaf5-0f254a0c7eae', 'Monthly Salary', null, null), ('bc419001-6310-11e8-aaf5-0f254a0c7eae', 'positionLog', '6000000', '1', null, '2018-05-29 07:20:16', '2018-05-29 07:20:16', 'bc405780-6310-11e8-aaf5-0f254a0c7eae', '13th Salary', null, null), ('bc419002-6310-11e8-aaf5-0f254a0c7eae', 'positionLog', '0', '1', null, '2018-05-29 07:20:16', '2018-05-29 07:20:16', 'bc405780-6310-11e8-aaf5-0f254a0c7eae', 'Meal', null, null), ('bc447630-6310-11e8-aaf5-0f254a0c7eae', 'positionLog', '1542800', '1', null, '2018-05-29 07:20:16', '2018-05-29 07:20:16', 'bc4364c0-6310-11e8-aaf5-0f254a0c7eae', 'Monthly Salary', null, null), ('bc447631-6310-11e8-aaf5-0f254a0c7eae', 'positionLog', '1542800', '1', null, '2018-05-29 07:20:16', '2018-05-29 07:20:16', 'bc4364c0-6310-11e8-aaf5-0f254a0c7eae', '13th Salary', null, null), ('bc447632-6310-11e8-aaf5-0f254a0c7eae', 'positionLog', '60000', '1', null, '2018-05-29 07:20:16', '2018-05-29 07:20:16', 'bc4364c0-6310-11e8-aaf5-0f254a0c7eae', 'Meal', null, null), ('bc475c60-6310-11e8-aaf5-0f254a0c7eae', 'positionLog', '2168000', '1', null, '2018-05-29 07:20:16', '2018-05-29 07:20:16', 'bc467200-6310-11e8-aaf5-0f254a0c7eae', 'Monthly Salary', null, null), ('bc475c61-6310-11e8-aaf5-0f254a0c7eae', 'positionLog', '2168000', '1', null, '2018-05-29 07:20:16', '2018-05-29 07:20:16', 'bc467200-6310-11e8-aaf5-0f254a0c7eae', '13th Salary', null, null), ('bc475c62-6310-11e8-aaf5-0f254a0c7eae', 'positionLog', '60000', '1', null, '2018-05-29 07:20:16', '2018-05-29 07:20:16', 'bc467200-6310-11e8-aaf5-0f254a0c7eae', 'Meal', null, null), ('bc4a4290-6310-11e8-aaf5-0f254a0c7eae', 'positionLog', '8472800', '1', null, '2018-05-29 07:20:16', '2018-05-29 07:20:16', 'bc495830-6310-11e8-aaf5-0f254a0c7eae', 'Monthly Salary', null, null), ('bc4a4291-6310-11e8-aaf5-0f254a0c7eae', 'positionLog', '8472800', '1', null, '2018-05-29 07:20:16', '2018-05-29 07:20:16', 'bc495830-6310-11e8-aaf5-0f254a0c7eae', '13th Salary', null, null), ('bc4a4292-6310-11e8-aaf5-0f254a0c7eae', 'positionLog', '60000', '1', null, '2018-05-29 07:20:16', '2018-05-29 07:20:16', 'bc495830-6310-11e8-aaf5-0f254a0c7eae', 'Meal', null, null), ('bc4d28c0-6310-11e8-aaf5-0f254a0c7eae', 'positionLog', '5175000', '1', null, '2018-05-29 07:20:16', '2018-05-29 07:20:16', 'bc4c1750-6310-11e8-aaf5-0f254a0c7eae', 'Monthly Salary', null, null), ('bc4d28c1-6310-11e8-aaf5-0f254a0c7eae', 'positionLog', '5175000', '1', null, '2018-05-29 07:20:16', '2018-05-29 07:20:16', 'bc4c1750-6310-11e8-aaf5-0f254a0c7eae', '13th Salary', null, null), ('bc4d28c2-6310-11e8-aaf5-0f254a0c7eae', 'positionLog', '0', '1', null, '2018-05-29 07:20:16', '2018-05-29 07:20:16', 'bc4c1750-6310-11e8-aaf5-0f254a0c7eae', 'Meal', null, null), ('bc503600-6310-11e8-aaf5-0f254a0c7eae', 'positionLog', '2082000', '1', null, '2018-05-29 07:20:16', '2018-05-29 07:20:16', 'bc4f4ba0-6310-11e8-aaf5-0f254a0c7eae', 'Monthly Salary', null, null), ('bc503601-6310-11e8-aaf5-0f254a0c7eae', 'positionLog', '2082000', '1', null, '2018-05-29 07:20:16', '2018-05-29 07:20:16', 'bc4f4ba0-6310-11e8-aaf5-0f254a0c7eae', '13th Salary', null, null), ('bc503602-6310-11e8-aaf5-0f254a0c7eae', 'positionLog', '0', '1', null, '2018-05-29 07:20:16', '2018-05-29 07:20:16', 'bc4f4ba0-6310-11e8-aaf5-0f254a0c7eae', 'Meal', null, null), ('bc531c30-6310-11e8-aaf5-0f254a0c7eae', 'positionLog', '1542800', '1', null, '2018-05-29 07:20:16', '2018-05-29 07:20:16', 'bc5231d0-6310-11e8-aaf5-0f254a0c7eae', 'Monthly Salary', null, null), ('bc534340-6310-11e8-aaf5-0f254a0c7eae', 'positionLog', '1542800', '1', null, '2018-05-29 07:20:16', '2018-05-29 07:20:16', 'bc5231d0-6310-11e8-aaf5-0f254a0c7eae', '13th Salary', null, null), ('bc534341-6310-11e8-aaf5-0f254a0c7eae', 'positionLog', '0', '1', null, '2018-05-29 07:20:16', '2018-05-29 07:20:16', 'bc5231d0-6310-11e8-aaf5-0f254a0c7eae', 'Meal', null, null), ('bc562970-6310-11e8-aaf5-0f254a0c7eae', 'positionLog', '4527700', '1', null, '2018-05-29 07:20:16', '2018-05-29 07:20:16', 'bc553f10-6310-11e8-aaf5-0f254a0c7eae', 'Monthly Salary', null, null), ('bc562971-6310-11e8-aaf5-0f254a0c7eae', 'positionLog', '4527700', '1', null, '2018-05-29 07:20:16', '2018-05-29 07:20:16', 'bc553f10-6310-11e8-aaf5-0f254a0c7eae', '13th Salary', null, null), ('bc562972-6310-11e8-aaf5-0f254a0c7eae', 'positionLog', '60000', '1', null, '2018-05-29 07:20:16', '2018-05-29 07:20:16', 'bc553f10-6310-11e8-aaf5-0f254a0c7eae', 'Meal', null, null), ('bc5a4820-6310-11e8-aaf5-0f254a0c7eae', 'positionLog', '2450000', '1', null, '2018-05-29 07:20:16', '2018-05-29 07:20:16', 'bc595dc0-6310-11e8-aaf5-0f254a0c7eae', 'Monthly Salary', null, null), ('bc5a4821-6310-11e8-aaf5-0f254a0c7eae', 'positionLog', '2450000', '1', null, '2018-05-29 07:20:16', '2018-05-29 07:20:16', 'bc595dc0-6310-11e8-aaf5-0f254a0c7eae', '13th Salary', null, null), ('bc5a4822-6310-11e8-aaf5-0f254a0c7eae', 'positionLog', '60000', '1', null, '2018-05-29 07:20:16', '2018-05-29 07:20:16', 'bc595dc0-6310-11e8-aaf5-0f254a0c7eae', 'Meal', null, null), ('bc5da380-6310-11e8-aaf5-0f254a0c7eae', 'positionLog', '2143700', '1', null, '2018-05-29 07:20:16', '2018-05-29 07:20:16', 'bc5c1ce0-6310-11e8-aaf5-0f254a0c7eae', 'Monthly Salary', null, null), ('bc5da381-6310-11e8-aaf5-0f254a0c7eae', 'positionLog', '2143700', '1', null, '2018-05-29 07:20:16', '2018-05-29 07:20:16', 'bc5c1ce0-6310-11e8-aaf5-0f254a0c7eae', '13th Salary', null, null), ('bc5da382-6310-11e8-aaf5-0f254a0c7eae', 'positionLog', '0', '1', null, '2018-05-29 07:20:16', '2018-05-29 07:20:16', 'bc5c1ce0-6310-11e8-aaf5-0f254a0c7eae', 'Meal', null, null), ('bc60b0c0-6310-11e8-aaf5-0f254a0c7eae', 'positionLog', '1602700', '1', null, '2018-05-29 07:20:16', '2018-05-29 07:20:16', 'bc5f9f50-6310-11e8-aaf5-0f254a0c7eae', 'Monthly Salary', null, null), ('bc60b0c1-6310-11e8-aaf5-0f254a0c7eae', 'positionLog', '1602700', '1', null, '2018-05-29 07:20:16', '2018-05-29 07:20:16', 'bc5f9f50-6310-11e8-aaf5-0f254a0c7eae', '13th Salary', null, null), ('bc60b0c2-6310-11e8-aaf5-0f254a0c7eae', 'positionLog', '60000', '1', null, '2018-05-29 07:20:16', '2018-05-29 07:20:16', 'bc5f9f50-6310-11e8-aaf5-0f254a0c7eae', 'Meal', null, null), ('bc636fe0-6310-11e8-aaf5-0f254a0c7eae', 'positionLog', '3285700', '1', null, '2018-05-29 07:20:16', '2018-05-29 07:20:16', 'bc628580-6310-11e8-aaf5-0f254a0c7eae', 'Monthly Salary', null, null), ('bc636fe1-6310-11e8-aaf5-0f254a0c7eae', 'positionLog', '3285700', '1', null, '2018-05-29 07:20:16', '2018-05-29 07:20:16', 'bc628580-6310-11e8-aaf5-0f254a0c7eae', '13th Salary', null, null), ('bc636fe2-6310-11e8-aaf5-0f254a0c7eae', 'positionLog', '60000', '1', null, '2018-05-29 07:20:16', '2018-05-29 07:20:16', 'bc628580-6310-11e8-aaf5-0f254a0c7eae', 'Meal', null, null), ('bc667d20-6310-11e8-aaf5-0f254a0c7eae', 'positionLog', '1001700', '1', null, '2018-05-29 07:20:16', '2018-05-29 07:20:16', 'bc6544a0-6310-11e8-aaf5-0f254a0c7eae', 'Monthly Salary', null, null), ('bc667d21-6310-11e8-aaf5-0f254a0c7eae', 'positionLog', '1001700', '1', null, '2018-05-29 07:20:16', '2018-05-29 07:20:16', 'bc6544a0-6310-11e8-aaf5-0f254a0c7eae', '13th Salary', null, null), ('bc667d22-6310-11e8-aaf5-0f254a0c7eae', 'positionLog', '60000', '1', null, '2018-05-29 07:20:16', '2018-05-29 07:20:16', 'bc6544a0-6310-11e8-aaf5-0f254a0c7eae', 'Meal', null, null), ('bc696350-6310-11e8-aaf5-0f254a0c7eae', 'positionLog', '2082000', '1', null, '2018-05-29 07:20:16', '2018-05-29 07:20:16', 'bc6878f0-6310-11e8-aaf5-0f254a0c7eae', 'Monthly Salary', null, null), ('bc696351-6310-11e8-aaf5-0f254a0c7eae', 'positionLog', '2082000', '1', null, '2018-05-29 07:20:16', '2018-05-29 07:20:16', 'bc6878f0-6310-11e8-aaf5-0f254a0c7eae', '13th Salary', null, null), ('bc696352-6310-11e8-aaf5-0f254a0c7eae', 'positionLog', '60000', '1', null, '2018-05-29 07:20:16', '2018-05-29 07:20:16', 'bc6878f0-6310-11e8-aaf5-0f254a0c7eae', 'Meal', null, null), ('bc6c2270-6310-11e8-aaf5-0f254a0c7eae', 'positionLog', '1650000', '1', null, '2018-05-29 07:20:16', '2018-05-29 07:20:16', 'bc6b3810-6310-11e8-aaf5-0f254a0c7eae', 'Monthly Salary', null, null), ('bc6c2271-6310-11e8-aaf5-0f254a0c7eae', 'positionLog', '1650000', '1', null, '2018-05-29 07:20:16', '2018-05-29 07:20:16', 'bc6b3810-6310-11e8-aaf5-0f254a0c7eae', '13th Salary', null, null), ('bc6c2272-6310-11e8-aaf5-0f254a0c7eae', 'positionLog', '60000', '1', null, '2018-05-29 07:20:16', '2018-05-29 07:20:16', 'bc6b3810-6310-11e8-aaf5-0f254a0c7eae', 'Meal', null, null), ('bc6eba80-6310-11e8-aaf5-0f254a0c7eae', 'positionLog', '1602700', '1', null, '2018-05-29 07:20:16', '2018-05-29 07:20:16', 'bc6df730-6310-11e8-aaf5-0f254a0c7eae', 'Monthly Salary', null, null), ('bc6eba81-6310-11e8-aaf5-0f254a0c7eae', 'positionLog', '1602700', '1', null, '2018-05-29 07:20:16', '2018-05-29 07:20:16', 'bc6df730-6310-11e8-aaf5-0f254a0c7eae', '13th Salary', null, null), ('bc6eba82-6310-11e8-aaf5-0f254a0c7eae', 'positionLog', '0', '1', null, '2018-05-29 07:20:16', '2018-05-29 07:20:16', 'bc6df730-6310-11e8-aaf5-0f254a0c7eae', 'Meal', null, null), ('bc715290-6310-11e8-aaf5-0f254a0c7eae', 'positionLog', '2221600', '1', null, '2018-05-29 07:20:16', '2018-05-29 07:20:16', 'bc704120-6310-11e8-aaf5-0f254a0c7eae', 'Monthly Salary', null, null), ('bc715291-6310-11e8-aaf5-0f254a0c7eae', 'positionLog', '2221600', '1', null, '2018-05-29 07:20:16', '2018-05-29 07:20:16', 'bc704120-6310-11e8-aaf5-0f254a0c7eae', '13th Salary', null, null), ('bc715292-6310-11e8-aaf5-0f254a0c7eae', 'positionLog', '60000', '1', null, '2018-05-29 07:20:16', '2018-05-29 07:20:16', 'bc704120-6310-11e8-aaf5-0f254a0c7eae', 'Meal', null, null), ('bc7438c0-6310-11e8-aaf5-0f254a0c7eae', 'positionLog', '7455000', '1', null, '2018-05-29 07:20:16', '2018-05-29 07:20:16', 'bc730040-6310-11e8-aaf5-0f254a0c7eae', 'Monthly Salary', null, null), ('bc7438c1-6310-11e8-aaf5-0f254a0c7eae', 'positionLog', '7455000', '1', null, '2018-05-29 07:20:16', '2018-05-29 07:20:16', 'bc730040-6310-11e8-aaf5-0f254a0c7eae', '13th Salary', null, null), ('bc7438c2-6310-11e8-aaf5-0f254a0c7eae', 'positionLog', '60000', '1', null, '2018-05-29 07:20:16', '2018-05-29 07:20:16', 'bc730040-6310-11e8-aaf5-0f254a0c7eae', 'Meal', null, null), ('bc76f7e0-6310-11e8-aaf5-0f254a0c7eae', 'positionLog', '4078100', '1', null, '2018-05-29 07:20:16', '2018-05-29 07:20:16', 'bc760d80-6310-11e8-aaf5-0f254a0c7eae', 'Monthly Salary', null, null), ('bc76f7e1-6310-11e8-aaf5-0f254a0c7eae', 'positionLog', '4078100', '1', null, '2018-05-29 07:20:16', '2018-05-29 07:20:16', 'bc760d80-6310-11e8-aaf5-0f254a0c7eae', '13th Salary', null, null), ('bc76f7e2-6310-11e8-aaf5-0f254a0c7eae', 'positionLog', '60000', '1', null, '2018-05-29 07:20:16', '2018-05-29 07:20:16', 'bc760d80-6310-11e8-aaf5-0f254a0c7eae', 'Meal', null, null), ('bc79b700-6310-11e8-aaf5-0f254a0c7eae', 'positionLog', '1396100', '1', null, '2018-05-29 07:20:16', '2018-05-29 07:20:16', 'bc78cca0-6310-11e8-aaf5-0f254a0c7eae', 'Monthly Salary', null, null), ('bc79b701-6310-11e8-aaf5-0f254a0c7eae', 'positionLog', '1396100', '1', null, '2018-05-29 07:20:16', '2018-05-29 07:20:16', 'bc78cca0-6310-11e8-aaf5-0f254a0c7eae', '13th Salary', null, null), ('bc79b702-6310-11e8-aaf5-0f254a0c7eae', 'positionLog', '60000', '1', null, '2018-05-29 07:20:16', '2018-05-29 07:20:16', 'bc78cca0-6310-11e8-aaf5-0f254a0c7eae', 'Meal', null, null), ('bc7cc440-6310-11e8-aaf5-0f254a0c7eae', 'positionLog', '556600', '1', null, '2018-05-29 07:20:16', '2018-05-29 07:20:16', 'bc7bd9e0-6310-11e8-aaf5-0f254a0c7eae', 'Monthly Salary', null, null), ('bc7cc441-6310-11e8-aaf5-0f254a0c7eae', 'positionLog', '556600', '1', null, '2018-05-29 07:20:16', '2018-05-29 07:20:16', 'bc7bd9e0-6310-11e8-aaf5-0f254a0c7eae', '13th Salary', null, null), ('bc7cc442-6310-11e8-aaf5-0f254a0c7eae', 'positionLog', '60000', '1', null, '2018-05-29 07:20:16', '2018-05-29 07:20:16', 'bc7bd9e0-6310-11e8-aaf5-0f254a0c7eae', 'Meal', null, null), ('bc7f5c50-6310-11e8-aaf5-0f254a0c7eae', 'positionLog', '2082000', '1', null, '2018-05-29 07:20:16', '2018-05-29 07:20:16', 'bc7e4ae0-6310-11e8-aaf5-0f254a0c7eae', 'Monthly Salary', null, null), ('bc7f5c51-6310-11e8-aaf5-0f254a0c7eae', 'positionLog', '2082000', '1', null, '2018-05-29 07:20:16', '2018-05-29 07:20:16', 'bc7e4ae0-6310-11e8-aaf5-0f254a0c7eae', '13th Salary', null, null), ('bc7f5c52-6310-11e8-aaf5-0f254a0c7eae', 'positionLog', '0', '1', null, '2018-05-29 07:20:16', '2018-05-29 07:20:16', 'bc7e4ae0-6310-11e8-aaf5-0f254a0c7eae', 'Meal', null, null), ('bc821b70-6310-11e8-aaf5-0f254a0c7eae', 'positionLog', '1396100', '1', null, '2018-05-29 07:20:16', '2018-05-29 07:20:16', 'bc813110-6310-11e8-aaf5-0f254a0c7eae', 'Monthly Salary', null, null), ('bc821b71-6310-11e8-aaf5-0f254a0c7eae', 'positionLog', '1396100', '1', null, '2018-05-29 07:20:16', '2018-05-29 07:20:16', 'bc813110-6310-11e8-aaf5-0f254a0c7eae', '13th Salary', null, null), ('bc821b72-6310-11e8-aaf5-0f254a0c7eae', 'positionLog', '0', '1', null, '2018-05-29 07:20:16', '2018-05-29 07:20:16', 'bc813110-6310-11e8-aaf5-0f254a0c7eae', 'Meal', null, null), ('bc8501a0-6310-11e8-aaf5-0f254a0c7eae', 'positionLog', '5342400', '1', null, '2018-05-29 07:20:16', '2018-05-29 07:20:16', 'bc841740-6310-11e8-aaf5-0f254a0c7eae', 'Monthly Salary', null, null), ('bc8501a1-6310-11e8-aaf5-0f254a0c7eae', 'positionLog', '5342400', '1', null, '2018-05-29 07:20:16', '2018-05-29 07:20:16', 'bc841740-6310-11e8-aaf5-0f254a0c7eae', '13th Salary', null, null), ('bc8501a2-6310-11e8-aaf5-0f254a0c7eae', 'positionLog', '0', '1', null, '2018-05-29 07:20:16', '2018-05-29 07:20:16', 'bc841740-6310-11e8-aaf5-0f254a0c7eae', 'Meal', null, null), ('bc880ee0-6310-11e8-aaf5-0f254a0c7eae', 'positionLog', '3285700', '1', null, '2018-05-29 07:20:16', '2018-05-29 07:20:16', 'bc86fd70-6310-11e8-aaf5-0f254a0c7eae', 'Monthly Salary', null, null), ('bc880ee1-6310-11e8-aaf5-0f254a0c7eae', 'positionLog', '3285700', '1', null, '2018-05-29 07:20:16', '2018-05-29 07:20:16', 'bc86fd70-6310-11e8-aaf5-0f254a0c7eae', '13th Salary', null, null), ('bc880ee2-6310-11e8-aaf5-0f254a0c7eae', 'positionLog', '0', '1', null, '2018-05-29 07:20:16', '2018-05-29 07:20:16', 'bc86fd70-6310-11e8-aaf5-0f254a0c7eae', 'Meal', null, null), ('bc8ace00-6310-11e8-aaf5-0f254a0c7eae', 'positionLog', '528000', '1', null, '2018-05-29 07:20:16', '2018-05-29 07:20:16', 'bc89bc90-6310-11e8-aaf5-0f254a0c7eae', 'Monthly Salary', null, null), ('bc8ace01-6310-11e8-aaf5-0f254a0c7eae', 'positionLog', '528000', '1', null, '2018-05-29 07:20:16', '2018-05-29 07:20:16', 'bc89bc90-6310-11e8-aaf5-0f254a0c7eae', '13th Salary', null, null), ('bc8ace02-6310-11e8-aaf5-0f254a0c7eae', 'positionLog', '60000', '1', null, '2018-05-29 07:20:16', '2018-05-29 07:20:16', 'bc89bc90-6310-11e8-aaf5-0f254a0c7eae', 'Meal', null, null), ('bc8d8d20-6310-11e8-aaf5-0f254a0c7eae', 'positionLog', '1396100', '1', null, '2018-05-29 07:20:16', '2018-05-29 07:20:16', 'bc8c7bb0-6310-11e8-aaf5-0f254a0c7eae', 'Monthly Salary', null, null), ('bc8d8d21-6310-11e8-aaf5-0f254a0c7eae', 'positionLog', '1396100', '1', null, '2018-05-29 07:20:16', '2018-05-29 07:20:16', 'bc8c7bb0-6310-11e8-aaf5-0f254a0c7eae', '13th Salary', null, null), ('bc8d8d22-6310-11e8-aaf5-0f254a0c7eae', 'positionLog', '0', '1', null, '2018-05-29 07:20:16', '2018-05-29 07:20:16', 'bc8c7bb0-6310-11e8-aaf5-0f254a0c7eae', 'Meal', null, null), ('bc90e880-6310-11e8-aaf5-0f254a0c7eae', 'positionLog', '561600', '1', null, '2018-05-29 07:20:16', '2018-05-29 07:20:16', 'bc8fb000-6310-11e8-aaf5-0f254a0c7eae', 'Monthly Salary', null, null), ('bc90e881-6310-11e8-aaf5-0f254a0c7eae', 'positionLog', '561600', '1', null, '2018-05-29 07:20:16', '2018-05-29 07:20:16', 'bc8fb000-6310-11e8-aaf5-0f254a0c7eae', '13th Salary', null, null), ('bc90e882-6310-11e8-aaf5-0f254a0c7eae', 'positionLog', '60000', '1', null, '2018-05-29 07:20:16', '2018-05-29 07:20:16', 'bc8fb000-6310-11e8-aaf5-0f254a0c7eae', 'Meal', null, null), ('bc93f5c0-6310-11e8-aaf5-0f254a0c7eae', 'positionLog', '2082000', '1', null, '2018-05-29 07:20:16', '2018-05-29 07:20:16', 'bc929630-6310-11e8-aaf5-0f254a0c7eae', 'Monthly Salary', null, null), ('bc93f5c1-6310-11e8-aaf5-0f254a0c7eae', 'positionLog', '2082000', '1', null, '2018-05-29 07:20:16', '2018-05-29 07:20:16', 'bc929630-6310-11e8-aaf5-0f254a0c7eae', '13th Salary', null, null), ('bc93f5c2-6310-11e8-aaf5-0f254a0c7eae', 'positionLog', '60000', '1', null, '2018-05-29 07:20:16', '2018-05-29 07:20:16', 'bc929630-6310-11e8-aaf5-0f254a0c7eae', 'Meal', null, null), ('bc97ed60-6310-11e8-aaf5-0f254a0c7eae', 'positionLog', '1968800', '1', null, '2018-05-29 07:20:16', '2018-05-29 07:20:16', 'bc96b4e0-6310-11e8-aaf5-0f254a0c7eae', 'Monthly Salary', null, null), ('bc981470-6310-11e8-aaf5-0f254a0c7eae', 'positionLog', '1968800', '1', null, '2018-05-29 07:20:16', '2018-05-29 07:20:16', 'bc96b4e0-6310-11e8-aaf5-0f254a0c7eae', '13th Salary', null, null), ('bc981471-6310-11e8-aaf5-0f254a0c7eae', 'positionLog', '60000', '1', null, '2018-05-29 07:20:16', '2018-05-29 07:20:16', 'bc96b4e0-6310-11e8-aaf5-0f254a0c7eae', 'Meal', null, null), ('bc9c3320-6310-11e8-aaf5-0f254a0c7eae', 'positionLog', '1188000', '1', null, '2018-05-29 07:20:16', '2018-05-29 07:20:16', 'bc9ad390-6310-11e8-aaf5-0f254a0c7eae', 'Monthly Salary', null, null), ('bc9c3321-6310-11e8-aaf5-0f254a0c7eae', 'positionLog', '1188000', '1', null, '2018-05-29 07:20:16', '2018-05-29 07:20:16', 'bc9ad390-6310-11e8-aaf5-0f254a0c7eae', '13th Salary', null, null), ('bc9c3322-6310-11e8-aaf5-0f254a0c7eae', 'positionLog', '60000', '1', null, '2018-05-29 07:20:16', '2018-05-29 07:20:16', 'bc9ad390-6310-11e8-aaf5-0f254a0c7eae', 'Meal', null, null), ('bca078e0-6310-11e8-aaf5-0f254a0c7eae', 'positionLog', '3515400', '1', null, '2018-05-29 07:20:17', '2018-05-29 07:20:17', 'bc9f1950-6310-11e8-aaf5-0f254a0c7eae', 'Monthly Salary', null, null), ('bca078e1-6310-11e8-aaf5-0f254a0c7eae', 'positionLog', '3515400', '1', null, '2018-05-29 07:20:17', '2018-05-29 07:20:17', 'bc9f1950-6310-11e8-aaf5-0f254a0c7eae', '13th Salary', null, null), ('bca078e2-6310-11e8-aaf5-0f254a0c7eae', 'positionLog', '60000', '1', null, '2018-05-29 07:20:17', '2018-05-29 07:20:17', 'bc9f1950-6310-11e8-aaf5-0f254a0c7eae', 'Meal', null, null), ('bca44970-6310-11e8-aaf5-0f254a0c7eae', 'positionLog', '5175000', '1', null, '2018-05-29 07:20:17', '2018-05-29 07:20:17', 'bca2c2d0-6310-11e8-aaf5-0f254a0c7eae', 'Monthly Salary', null, null), ('bca44971-6310-11e8-aaf5-0f254a0c7eae', 'positionLog', '5175000', '1', null, '2018-05-29 07:20:17', '2018-05-29 07:20:17', 'bca2c2d0-6310-11e8-aaf5-0f254a0c7eae', '13th Salary', null, null), ('bca44972-6310-11e8-aaf5-0f254a0c7eae', 'positionLog', '60000', '1', null, '2018-05-29 07:20:17', '2018-05-29 07:20:17', 'bca2c2d0-6310-11e8-aaf5-0f254a0c7eae', 'Meal', null, null), ('bca7f2f0-6310-11e8-aaf5-0f254a0c7eae', 'positionLog', '1365000', '1', null, '2018-05-29 07:20:17', '2018-05-29 07:20:17', 'bca6ba70-6310-11e8-aaf5-0f254a0c7eae', 'Monthly Salary', null, null), ('bca7f2f1-6310-11e8-aaf5-0f254a0c7eae', 'positionLog', '1365000', '1', null, '2018-05-29 07:20:17', '2018-05-29 07:20:17', 'bca6ba70-6310-11e8-aaf5-0f254a0c7eae', '13th Salary', null, null), ('bca7f2f2-6310-11e8-aaf5-0f254a0c7eae', 'positionLog', '60000', '1', null, '2018-05-29 07:20:17', '2018-05-29 07:20:17', 'bca6ba70-6310-11e8-aaf5-0f254a0c7eae', 'Meal', null, null), ('bcab9c70-6310-11e8-aaf5-0f254a0c7eae', 'positionLog', '2835000', '1', null, '2018-05-29 07:20:17', '2018-05-29 07:20:17', 'bcaa63f0-6310-11e8-aaf5-0f254a0c7eae', 'Monthly Salary', null, null), ('bcab9c71-6310-11e8-aaf5-0f254a0c7eae', 'positionLog', '2835000', '1', null, '2018-05-29 07:20:17', '2018-05-29 07:20:17', 'bcaa63f0-6310-11e8-aaf5-0f254a0c7eae', '13th Salary', null, null), ('bcab9c72-6310-11e8-aaf5-0f254a0c7eae', 'positionLog', '60000', '1', null, '2018-05-29 07:20:17', '2018-05-29 07:20:17', 'bcaa63f0-6310-11e8-aaf5-0f254a0c7eae', 'Meal', null, null), ('bcaf1ee0-6310-11e8-aaf5-0f254a0c7eae', 'positionLog', '4515000', '1', null, '2018-05-29 07:20:17', '2018-05-29 07:20:17', 'bcade660-6310-11e8-aaf5-0f254a0c7eae', 'Monthly Salary', null, null), ('bcaf1ee1-6310-11e8-aaf5-0f254a0c7eae', 'positionLog', '4515000', '1', null, '2018-05-29 07:20:17', '2018-05-29 07:20:17', 'bcade660-6310-11e8-aaf5-0f254a0c7eae', '13th Salary', null, null), ('bcaf1ee2-6310-11e8-aaf5-0f254a0c7eae', 'positionLog', '0', '1', null, '2018-05-29 07:20:17', '2018-05-29 07:20:17', 'bcade660-6310-11e8-aaf5-0f254a0c7eae', 'Meal', null, null), ('bcb2a150-6310-11e8-aaf5-0f254a0c7eae', 'positionLog', '3047500', '1', null, '2018-05-29 07:20:17', '2018-05-29 07:20:17', 'bcb168d0-6310-11e8-aaf5-0f254a0c7eae', 'Monthly Salary', null, null), ('bcb2a151-6310-11e8-aaf5-0f254a0c7eae', 'positionLog', '3047500', '1', null, '2018-05-29 07:20:17', '2018-05-29 07:20:17', 'bcb168d0-6310-11e8-aaf5-0f254a0c7eae', '13th Salary', null, null), ('bcb2a152-6310-11e8-aaf5-0f254a0c7eae', 'positionLog', '60000', '1', null, '2018-05-29 07:20:17', '2018-05-29 07:20:17', 'bcb168d0-6310-11e8-aaf5-0f254a0c7eae', 'Meal', null, null), ('bcb623c0-6310-11e8-aaf5-0f254a0c7eae', 'positionLog', '561600', '1', null, '2018-05-29 07:20:17', '2018-05-29 07:20:17', 'bcb4eb40-6310-11e8-aaf5-0f254a0c7eae', 'Monthly Salary', null, null), ('bcb623c1-6310-11e8-aaf5-0f254a0c7eae', 'positionLog', '561600', '1', null, '2018-05-29 07:20:17', '2018-05-29 07:20:17', 'bcb4eb40-6310-11e8-aaf5-0f254a0c7eae', '13th Salary', null, null), ('bcb623c2-6310-11e8-aaf5-0f254a0c7eae', 'positionLog', '60000', '1', null, '2018-05-29 07:20:17', '2018-05-29 07:20:17', 'bcb4eb40-6310-11e8-aaf5-0f254a0c7eae', 'Meal', null, null), ('bcb909f0-6310-11e8-aaf5-0f254a0c7eae', 'positionLog', '5200000', '1', null, '2018-05-29 07:20:17', '2018-05-29 07:20:17', 'bcb7f880-6310-11e8-aaf5-0f254a0c7eae', 'Monthly Salary', null, null), ('bcb909f1-6310-11e8-aaf5-0f254a0c7eae', 'positionLog', '5200000', '1', null, '2018-05-29 07:20:17', '2018-05-29 07:20:17', 'bcb7f880-6310-11e8-aaf5-0f254a0c7eae', '13th Salary', null, null), ('bcb909f2-6310-11e8-aaf5-0f254a0c7eae', 'positionLog', '60000', '1', null, '2018-05-29 07:20:17', '2018-05-29 07:20:17', 'bcb7f880-6310-11e8-aaf5-0f254a0c7eae', 'Meal', null, null), ('bcbc8c60-6310-11e8-aaf5-0f254a0c7eae', 'positionLog', '561600', '1', null, '2018-05-29 07:20:17', '2018-05-29 07:20:17', 'bcbb2cd0-6310-11e8-aaf5-0f254a0c7eae', 'Monthly Salary', null, null), ('bcbc8c61-6310-11e8-aaf5-0f254a0c7eae', 'positionLog', '561600', '1', null, '2018-05-29 07:20:17', '2018-05-29 07:20:17', 'bcbb2cd0-6310-11e8-aaf5-0f254a0c7eae', '13th Salary', null, null), ('bcbc8c62-6310-11e8-aaf5-0f254a0c7eae', 'positionLog', '60000', '1', null, '2018-05-29 07:20:17', '2018-05-29 07:20:17', 'bcbb2cd0-6310-11e8-aaf5-0f254a0c7eae', 'Meal', null, null), ('bcbfc0b0-6310-11e8-aaf5-0f254a0c7eae', 'positionLog', '561600', '1', null, '2018-05-29 07:20:17', '2018-05-29 07:20:17', 'bcbe3a10-6310-11e8-aaf5-0f254a0c7eae', 'Monthly Salary', null, null), ('bcbfc0b1-6310-11e8-aaf5-0f254a0c7eae', 'positionLog', '561600', '1', null, '2018-05-29 07:20:17', '2018-05-29 07:20:17', 'bcbe3a10-6310-11e8-aaf5-0f254a0c7eae', '13th Salary', null, null), ('bcbfc0b2-6310-11e8-aaf5-0f254a0c7eae', 'positionLog', '60000', '1', null, '2018-05-29 07:20:17', '2018-05-29 07:20:17', 'bcbe3a10-6310-11e8-aaf5-0f254a0c7eae', 'Meal', null, null), ('bcc2cdf0-6310-11e8-aaf5-0f254a0c7eae', 'positionLog', '561600', '1', null, '2018-05-29 07:20:17', '2018-05-29 07:20:17', 'bcc19570-6310-11e8-aaf5-0f254a0c7eae', 'Monthly Salary', null, null), ('bcc2cdf1-6310-11e8-aaf5-0f254a0c7eae', 'positionLog', '561600', '1', null, '2018-05-29 07:20:17', '2018-05-29 07:20:17', 'bcc19570-6310-11e8-aaf5-0f254a0c7eae', '13th Salary', null, null), ('bcc2cdf2-6310-11e8-aaf5-0f254a0c7eae', 'positionLog', '60000', '1', null, '2018-05-29 07:20:17', '2018-05-29 07:20:17', 'bcc19570-6310-11e8-aaf5-0f254a0c7eae', 'Meal', null, null), ('bcc65060-6310-11e8-aaf5-0f254a0c7eae', 'positionLog', '1542800', '1', null, '2018-05-29 07:20:17', '2018-05-29 07:20:17', 'bcc517e0-6310-11e8-aaf5-0f254a0c7eae', 'Monthly Salary', null, null), ('bcc65061-6310-11e8-aaf5-0f254a0c7eae', 'positionLog', '1542800', '1', null, '2018-05-29 07:20:17', '2018-05-29 07:20:17', 'bcc517e0-6310-11e8-aaf5-0f254a0c7eae', '13th Salary', null, null), ('bcc65062-6310-11e8-aaf5-0f254a0c7eae', 'positionLog', '0', '1', null, '2018-05-29 07:20:17', '2018-05-29 07:20:17', 'bcc517e0-6310-11e8-aaf5-0f254a0c7eae', 'Meal', null, null), ('bcc9f9e0-6310-11e8-aaf5-0f254a0c7eae', 'positionLog', '440000', '1', null, '2018-05-29 07:20:17', '2018-05-29 07:20:17', 'bcc8c160-6310-11e8-aaf5-0f254a0c7eae', 'Monthly Salary', null, null), ('bcc9f9e1-6310-11e8-aaf5-0f254a0c7eae', 'positionLog', '440000', '1', null, '2018-05-29 07:20:17', '2018-05-29 07:20:17', 'bcc8c160-6310-11e8-aaf5-0f254a0c7eae', '13th Salary', null, null), ('bcc9f9e2-6310-11e8-aaf5-0f254a0c7eae', 'positionLog', '0', '1', null, '2018-05-29 07:20:17', '2018-05-29 07:20:17', 'bcc8c160-6310-11e8-aaf5-0f254a0c7eae', 'Meal', null, null), ('bccd0720-6310-11e8-aaf5-0f254a0c7eae', 'positionLog', '440000', '1', null, '2018-05-29 07:20:17', '2018-05-29 07:20:17', 'bccbcea0-6310-11e8-aaf5-0f254a0c7eae', 'Monthly Salary', null, null), ('bccd0721-6310-11e8-aaf5-0f254a0c7eae', 'positionLog', '440000', '1', null, '2018-05-29 07:20:17', '2018-05-29 07:20:17', 'bccbcea0-6310-11e8-aaf5-0f254a0c7eae', '13th Salary', null, null), ('bccd0722-6310-11e8-aaf5-0f254a0c7eae', 'positionLog', '0', '1', null, '2018-05-29 07:20:17', '2018-05-29 07:20:17', 'bccbcea0-6310-11e8-aaf5-0f254a0c7eae', 'Meal', null, null), ('bcd03b70-6310-11e8-aaf5-0f254a0c7eae', 'positionLog', '440000', '1', null, '2018-05-29 07:20:17', '2018-05-29 07:20:17', 'bccf02f0-6310-11e8-aaf5-0f254a0c7eae', 'Monthly Salary', null, null), ('bcd03b71-6310-11e8-aaf5-0f254a0c7eae', 'positionLog', '440000', '1', null, '2018-05-29 07:20:17', '2018-05-29 07:20:17', 'bccf02f0-6310-11e8-aaf5-0f254a0c7eae', '13th Salary', null, null), ('bcd03b72-6310-11e8-aaf5-0f254a0c7eae', 'positionLog', '0', '1', null, '2018-05-29 07:20:17', '2018-05-29 07:20:17', 'bccf02f0-6310-11e8-aaf5-0f254a0c7eae', 'Meal', null, null), ('bcd321a0-6310-11e8-aaf5-0f254a0c7eae', 'positionLog', '440000', '1', null, '2018-05-29 07:20:17', '2018-05-29 07:20:17', 'bcd21030-6310-11e8-aaf5-0f254a0c7eae', 'Monthly Salary', null, null), ('bcd321a1-6310-11e8-aaf5-0f254a0c7eae', 'positionLog', '440000', '1', null, '2018-05-29 07:20:17', '2018-05-29 07:20:17', 'bcd21030-6310-11e8-aaf5-0f254a0c7eae', '13th Salary', null, null), ('bcd321a2-6310-11e8-aaf5-0f254a0c7eae', 'positionLog', '0', '1', null, '2018-05-29 07:20:17', '2018-05-29 07:20:17', 'bcd21030-6310-11e8-aaf5-0f254a0c7eae', 'Meal', null, null), ('bcd655f0-6310-11e8-aaf5-0f254a0c7eae', 'positionLog', '440000', '1', null, '2018-05-29 07:20:17', '2018-05-29 07:20:17', 'bcd4f660-6310-11e8-aaf5-0f254a0c7eae', 'Monthly Salary', null, null), ('bcd655f1-6310-11e8-aaf5-0f254a0c7eae', 'positionLog', '440000', '1', null, '2018-05-29 07:20:17', '2018-05-29 07:20:17', 'bcd4f660-6310-11e8-aaf5-0f254a0c7eae', '13th Salary', null, null), ('bcd655f2-6310-11e8-aaf5-0f254a0c7eae', 'positionLog', '0', '1', null, '2018-05-29 07:20:17', '2018-05-29 07:20:17', 'bcd4f660-6310-11e8-aaf5-0f254a0c7eae', 'Meal', null, null), ('bcd91510-6310-11e8-aaf5-0f254a0c7eae', 'positionLog', '1602700', '1', null, '2018-05-29 07:20:17', '2018-05-29 07:20:17', 'bcd803a0-6310-11e8-aaf5-0f254a0c7eae', 'Monthly Salary', null, null), ('bcd91511-6310-11e8-aaf5-0f254a0c7eae', 'positionLog', '1602700', '1', null, '2018-05-29 07:20:17', '2018-05-29 07:20:17', 'bcd803a0-6310-11e8-aaf5-0f254a0c7eae', '13th Salary', null, null), ('bcd91512-6310-11e8-aaf5-0f254a0c7eae', 'positionLog', '0', '1', null, '2018-05-29 07:20:17', '2018-05-29 07:20:17', 'bcd803a0-6310-11e8-aaf5-0f254a0c7eae', 'Meal', null, null), ('bcdbfb40-6310-11e8-aaf5-0f254a0c7eae', 'positionLog', '3047500', '1', null, '2018-05-29 07:20:17', '2018-05-29 07:20:17', 'bcdae9d0-6310-11e8-aaf5-0f254a0c7eae', 'Monthly Salary', null, null), ('bcdbfb41-6310-11e8-aaf5-0f254a0c7eae', 'positionLog', '3047500', '1', null, '2018-05-29 07:20:17', '2018-05-29 07:20:17', 'bcdae9d0-6310-11e8-aaf5-0f254a0c7eae', '13th Salary', null, null), ('bcdbfb42-6310-11e8-aaf5-0f254a0c7eae', 'positionLog', '0', '1', null, '2018-05-29 07:20:17', '2018-05-29 07:20:17', 'bcdae9d0-6310-11e8-aaf5-0f254a0c7eae', 'Meal', null, null), ('bcdfa4c0-6310-11e8-aaf5-0f254a0c7eae', 'positionLog', '440000', '1', null, '2018-05-29 07:20:17', '2018-05-29 07:20:17', 'bcde9350-6310-11e8-aaf5-0f254a0c7eae', 'Monthly Salary', null, null), ('bcdfa4c1-6310-11e8-aaf5-0f254a0c7eae', 'positionLog', '440000', '1', null, '2018-05-29 07:20:17', '2018-05-29 07:20:17', 'bcde9350-6310-11e8-aaf5-0f254a0c7eae', '13th Salary', null, null), ('bcdfa4c2-6310-11e8-aaf5-0f254a0c7eae', 'positionLog', '0', '1', null, '2018-05-29 07:20:17', '2018-05-29 07:20:17', 'bcde9350-6310-11e8-aaf5-0f254a0c7eae', 'Meal', null, null), ('bce34e40-6310-11e8-aaf5-0f254a0c7eae', 'positionLog', '440000', '1', null, '2018-05-29 07:20:17', '2018-05-29 07:20:17', 'bce1eeb0-6310-11e8-aaf5-0f254a0c7eae', 'Monthly Salary', null, null), ('bce34e41-6310-11e8-aaf5-0f254a0c7eae', 'positionLog', '440000', '1', null, '2018-05-29 07:20:17', '2018-05-29 07:20:17', 'bce1eeb0-6310-11e8-aaf5-0f254a0c7eae', '13th Salary', null, null), ('bce34e42-6310-11e8-aaf5-0f254a0c7eae', 'positionLog', '0', '1', null, '2018-05-29 07:20:17', '2018-05-29 07:20:17', 'bce1eeb0-6310-11e8-aaf5-0f254a0c7eae', 'Meal', null, null);
COMMIT;

-- ----------------------------
--  Table structure for `salaryRecord`
-- ----------------------------
DROP TABLE IF EXISTS `salaryRecord`;
CREATE TABLE `salaryRecord` (
  `id` char(36) CHARACTER SET utf8 COLLATE utf8_bin NOT NULL,
  `date` varchar(255) COLLATE utf8_unicode_ci DEFAULT '2017-04',
  `amount` int(11) DEFAULT NULL,
  `status` int(11) DEFAULT '1',
  `remark` varchar(255) COLLATE utf8_unicode_ci DEFAULT NULL,
  `createdAt` datetime NOT NULL,
  `updatedAt` datetime NOT NULL,
  `staffId` char(36) CHARACTER SET utf8 COLLATE utf8_bin NOT NULL,
  `currencyId` varchar(255) COLLATE utf8_unicode_ci NOT NULL,
  `createdUsr` varchar(255) COLLATE utf8_unicode_ci DEFAULT NULL,
  `updatedUsr` varchar(255) COLLATE utf8_unicode_ci DEFAULT NULL,
  PRIMARY KEY (`id`),
  KEY `staffId` (`staffId`),
  KEY `currencyId` (`currencyId`),
  KEY `createdUsr` (`createdUsr`),
  KEY `updatedUsr` (`updatedUsr`),
  KEY `salary_record_status` (`status`) USING BTREE,
  CONSTRAINT `salaryrecord_ibfk_1` FOREIGN KEY (`staffId`) REFERENCES `staff` (`id`) ON DELETE NO ACTION ON UPDATE CASCADE,
  CONSTRAINT `salaryrecord_ibfk_2` FOREIGN KEY (`currencyId`) REFERENCES `currency` (`id`) ON DELETE NO ACTION ON UPDATE CASCADE,
  CONSTRAINT `salaryrecord_ibfk_3` FOREIGN KEY (`createdUsr`) REFERENCES `account` (`id`) ON DELETE SET NULL ON UPDATE CASCADE,
  CONSTRAINT `salaryrecord_ibfk_4` FOREIGN KEY (`updatedUsr`) REFERENCES `account` (`id`) ON DELETE SET NULL ON UPDATE CASCADE
) ENGINE=InnoDB DEFAULT CHARSET=utf8 COLLATE=utf8_unicode_ci;

-- ----------------------------
--  Table structure for `salaryStructure`
-- ----------------------------
DROP TABLE IF EXISTS `salaryStructure`;
CREATE TABLE `salaryStructure` (
  `id` char(36) CHARACTER SET utf8 COLLATE utf8_bin NOT NULL,
  `validDate` varchar(7) COLLATE utf8_unicode_ci NOT NULL,
  `status` int(11) DEFAULT '1',
  `remark` varchar(255) COLLATE utf8_unicode_ci DEFAULT NULL,
  `createdAt` datetime NOT NULL,
  `updatedAt` datetime NOT NULL,
  `staffId` char(36) CHARACTER SET utf8 COLLATE utf8_bin NOT NULL,
  `currencyId` varchar(255) COLLATE utf8_unicode_ci NOT NULL,
  `createdUsr` varchar(255) COLLATE utf8_unicode_ci DEFAULT NULL,
  `updatedUsr` varchar(255) COLLATE utf8_unicode_ci DEFAULT NULL,
  PRIMARY KEY (`id`),
  KEY `staffId` (`staffId`),
  KEY `currencyId` (`currencyId`),
  KEY `createdUsr` (`createdUsr`),
  KEY `updatedUsr` (`updatedUsr`),
  KEY `salary_structure_valid_date` (`validDate`) USING BTREE,
  KEY `salary_structure_status` (`status`) USING BTREE,
  CONSTRAINT `salarystructure_ibfk_1` FOREIGN KEY (`staffId`) REFERENCES `staff` (`id`) ON DELETE NO ACTION ON UPDATE CASCADE,
  CONSTRAINT `salarystructure_ibfk_2` FOREIGN KEY (`currencyId`) REFERENCES `currency` (`id`) ON DELETE NO ACTION ON UPDATE CASCADE,
  CONSTRAINT `salarystructure_ibfk_3` FOREIGN KEY (`createdUsr`) REFERENCES `account` (`id`) ON DELETE SET NULL ON UPDATE CASCADE,
  CONSTRAINT `salarystructure_ibfk_4` FOREIGN KEY (`updatedUsr`) REFERENCES `account` (`id`) ON DELETE SET NULL ON UPDATE CASCADE
) ENGINE=InnoDB DEFAULT CHARSET=utf8 COLLATE=utf8_unicode_ci;

-- ----------------------------
--  Records of `salaryStructure`
-- ----------------------------
BEGIN;
INSERT INTO `salaryStructure` VALUES ('bb70ab70-6310-11e8-aaf5-0f254a0c7eae', '2018-05', '1', null, '2018-05-29 07:20:15', '2018-05-29 07:20:15', 'bb3417a0-6310-11e8-aaf5-0f254a0c7eae', 'RMB', null, null), ('bb70ab71-6310-11e8-aaf5-0f254a0c7eae', '2018-05', '1', null, '2018-05-29 07:20:15', '2018-05-29 07:20:15', 'bb343eb0-6310-11e8-aaf5-0f254a0c7eae', 'RMB', null, null), ('bb70ab72-6310-11e8-aaf5-0f254a0c7eae', '2018-05', '1', null, '2018-05-29 07:20:15', '2018-05-29 07:20:15', 'bb343eb1-6310-11e8-aaf5-0f254a0c7eae', 'RMB', null, null), ('bb70ab73-6310-11e8-aaf5-0f254a0c7eae', '2018-05', '1', null, '2018-05-29 07:20:15', '2018-05-29 07:20:15', 'bb343eb2-6310-11e8-aaf5-0f254a0c7eae', 'RMB', null, null), ('bb70ab74-6310-11e8-aaf5-0f254a0c7eae', '2018-05', '1', null, '2018-05-29 07:20:15', '2018-05-29 07:20:15', 'bb3465c0-6310-11e8-aaf5-0f254a0c7eae', 'RMB', null, null), ('bb70ab75-6310-11e8-aaf5-0f254a0c7eae', '2018-05', '1', null, '2018-05-29 07:20:15', '2018-05-29 07:20:15', 'bb3465c1-6310-11e8-aaf5-0f254a0c7eae', 'RMB', null, null), ('bb70ab76-6310-11e8-aaf5-0f254a0c7eae', '2018-05', '1', null, '2018-05-29 07:20:15', '2018-05-29 07:20:15', 'bb3465c2-6310-11e8-aaf5-0f254a0c7eae', 'RMB', null, null), ('bb70ab77-6310-11e8-aaf5-0f254a0c7eae', '2018-05', '1', null, '2018-05-29 07:20:15', '2018-05-29 07:20:15', 'bb3465c3-6310-11e8-aaf5-0f254a0c7eae', 'RMB', null, null), ('bb70ab78-6310-11e8-aaf5-0f254a0c7eae', '2018-05', '1', null, '2018-05-29 07:20:15', '2018-05-29 07:20:15', 'bb3465c4-6310-11e8-aaf5-0f254a0c7eae', 'RMB', null, null), ('bb70ab79-6310-11e8-aaf5-0f254a0c7eae', '2018-05', '1', null, '2018-05-29 07:20:15', '2018-05-29 07:20:15', 'bb3465c5-6310-11e8-aaf5-0f254a0c7eae', 'RMB', null, null), ('bb70ab7a-6310-11e8-aaf5-0f254a0c7eae', '2018-05', '1', null, '2018-05-29 07:20:15', '2018-05-29 07:20:15', 'bb3465c6-6310-11e8-aaf5-0f254a0c7eae', 'RMB', null, null), ('bb70ab7b-6310-11e8-aaf5-0f254a0c7eae', '2018-05', '1', null, '2018-05-29 07:20:15', '2018-05-29 07:20:15', 'bb3465c7-6310-11e8-aaf5-0f254a0c7eae', 'RMB', null, null), ('bb70ab7c-6310-11e8-aaf5-0f254a0c7eae', '2018-05', '1', null, '2018-05-29 07:20:15', '2018-05-29 07:20:15', 'bb3465c8-6310-11e8-aaf5-0f254a0c7eae', 'RMB', null, null), ('bb70ab7d-6310-11e8-aaf5-0f254a0c7eae', '2018-05', '1', null, '2018-05-29 07:20:15', '2018-05-29 07:20:15', 'bb3465c9-6310-11e8-aaf5-0f254a0c7eae', 'RMB', null, null), ('bb70ab7e-6310-11e8-aaf5-0f254a0c7eae', '2018-05', '1', null, '2018-05-29 07:20:15', '2018-05-29 07:20:15', 'bb3465ca-6310-11e8-aaf5-0f254a0c7eae', 'RMB', null, null), ('bb70ab7f-6310-11e8-aaf5-0f254a0c7eae', '2018-05', '1', null, '2018-05-29 07:20:15', '2018-05-29 07:20:15', 'bb3465cb-6310-11e8-aaf5-0f254a0c7eae', 'RMB', null, null), ('bb70ab80-6310-11e8-aaf5-0f254a0c7eae', '2018-05', '1', null, '2018-05-29 07:20:15', '2018-05-29 07:20:15', 'bb348cd0-6310-11e8-aaf5-0f254a0c7eae', 'INR', null, null), ('bb70ab81-6310-11e8-aaf5-0f254a0c7eae', '2018-05', '1', null, '2018-05-29 07:20:15', '2018-05-29 07:20:15', 'bb348cd1-6310-11e8-aaf5-0f254a0c7eae', 'RMB', null, null), ('bb70ab82-6310-11e8-aaf5-0f254a0c7eae', '2018-05', '1', null, '2018-05-29 07:20:15', '2018-05-29 07:20:15', 'bb348cd2-6310-11e8-aaf5-0f254a0c7eae', 'RMB', null, null), ('bb70ab83-6310-11e8-aaf5-0f254a0c7eae', '2018-05', '1', null, '2018-05-29 07:20:15', '2018-05-29 07:20:15', 'bb348cd3-6310-11e8-aaf5-0f254a0c7eae', 'RMB', null, null), ('bb70ab84-6310-11e8-aaf5-0f254a0c7eae', '2018-05', '1', null, '2018-05-29 07:20:15', '2018-05-29 07:20:15', 'bb348cd4-6310-11e8-aaf5-0f254a0c7eae', 'RMB', null, null), ('bb70ab85-6310-11e8-aaf5-0f254a0c7eae', '2018-05', '1', null, '2018-05-29 07:20:15', '2018-05-29 07:20:15', 'bb348cd5-6310-11e8-aaf5-0f254a0c7eae', 'RMB', null, null), ('bb70ab86-6310-11e8-aaf5-0f254a0c7eae', '2018-05', '1', null, '2018-05-29 07:20:15', '2018-05-29 07:20:15', 'bb348cd6-6310-11e8-aaf5-0f254a0c7eae', 'RMB', null, null), ('bb70ab87-6310-11e8-aaf5-0f254a0c7eae', '2018-05', '1', null, '2018-05-29 07:20:15', '2018-05-29 07:20:15', 'bb348cd7-6310-11e8-aaf5-0f254a0c7eae', 'SGD', null, null), ('bb70ab88-6310-11e8-aaf5-0f254a0c7eae', '2018-05', '1', null, '2018-05-29 07:20:15', '2018-05-29 07:20:15', 'bb348cd8-6310-11e8-aaf5-0f254a0c7eae', 'RMB', null, null), ('bb70ab89-6310-11e8-aaf5-0f254a0c7eae', '2018-05', '1', null, '2018-05-29 07:20:15', '2018-05-29 07:20:15', 'bb34b3e0-6310-11e8-aaf5-0f254a0c7eae', 'RMB', null, null), ('bb70ab8a-6310-11e8-aaf5-0f254a0c7eae', '2018-05', '1', null, '2018-05-29 07:20:15', '2018-05-29 07:20:15', 'bb34b3e1-6310-11e8-aaf5-0f254a0c7eae', 'RMB', null, null), ('bb70ab8b-6310-11e8-aaf5-0f254a0c7eae', '2018-05', '1', null, '2018-05-29 07:20:15', '2018-05-29 07:20:15', 'bb34b3e2-6310-11e8-aaf5-0f254a0c7eae', 'RMB', null, null), ('bb70ab8c-6310-11e8-aaf5-0f254a0c7eae', '2018-05', '1', null, '2018-05-29 07:20:15', '2018-05-29 07:20:15', 'bb34b3e3-6310-11e8-aaf5-0f254a0c7eae', 'RMB', null, null), ('bb70ab8d-6310-11e8-aaf5-0f254a0c7eae', '2018-05', '1', null, '2018-05-29 07:20:15', '2018-05-29 07:20:15', 'bb34b3e4-6310-11e8-aaf5-0f254a0c7eae', 'RMB', null, null), ('bb70ab8e-6310-11e8-aaf5-0f254a0c7eae', '2018-05', '1', null, '2018-05-29 07:20:15', '2018-05-29 07:20:15', 'bb34daf0-6310-11e8-aaf5-0f254a0c7eae', 'RMB', null, null), ('bb70ab8f-6310-11e8-aaf5-0f254a0c7eae', '2018-05', '1', null, '2018-05-29 07:20:15', '2018-05-29 07:20:15', 'bb34daf1-6310-11e8-aaf5-0f254a0c7eae', 'RMB', null, null), ('bb70ab90-6310-11e8-aaf5-0f254a0c7eae', '2018-05', '1', null, '2018-05-29 07:20:15', '2018-05-29 07:20:15', 'bb34daf2-6310-11e8-aaf5-0f254a0c7eae', 'RMB', null, null), ('bb70ab91-6310-11e8-aaf5-0f254a0c7eae', '2018-05', '1', null, '2018-05-29 07:20:15', '2018-05-29 07:20:15', 'bb34daf3-6310-11e8-aaf5-0f254a0c7eae', 'RMB', null, null), ('bb70ab92-6310-11e8-aaf5-0f254a0c7eae', '2018-05', '1', null, '2018-05-29 07:20:15', '2018-05-29 07:20:15', 'bb34daf4-6310-11e8-aaf5-0f254a0c7eae', 'RMB', null, null), ('bb70ab93-6310-11e8-aaf5-0f254a0c7eae', '2018-05', '1', null, '2018-05-29 07:20:15', '2018-05-29 07:20:15', 'bb34daf5-6310-11e8-aaf5-0f254a0c7eae', 'RMB', null, null), ('bb70ab94-6310-11e8-aaf5-0f254a0c7eae', '2018-05', '1', null, '2018-05-29 07:20:15', '2018-05-29 07:20:15', 'bb34daf6-6310-11e8-aaf5-0f254a0c7eae', 'RMB', null, null), ('bb70ab95-6310-11e8-aaf5-0f254a0c7eae', '2018-05', '1', null, '2018-05-29 07:20:15', '2018-05-29 07:20:15', 'bb34daf7-6310-11e8-aaf5-0f254a0c7eae', 'RMB', null, null), ('bb70ab96-6310-11e8-aaf5-0f254a0c7eae', '2018-05', '1', null, '2018-05-29 07:20:15', '2018-05-29 07:20:15', 'bb34daf8-6310-11e8-aaf5-0f254a0c7eae', 'RMB', null, null), ('bb70ab97-6310-11e8-aaf5-0f254a0c7eae', '2018-05', '1', null, '2018-05-29 07:20:15', '2018-05-29 07:20:15', 'bb34daf9-6310-11e8-aaf5-0f254a0c7eae', 'RMB', null, null), ('bb70ab98-6310-11e8-aaf5-0f254a0c7eae', '2018-05', '1', null, '2018-05-29 07:20:15', '2018-05-29 07:20:15', 'bb34dafa-6310-11e8-aaf5-0f254a0c7eae', 'RMB', null, null), ('bb70ab99-6310-11e8-aaf5-0f254a0c7eae', '2018-05', '1', null, '2018-05-29 07:20:15', '2018-05-29 07:20:15', 'bb34dafb-6310-11e8-aaf5-0f254a0c7eae', 'RMB', null, null), ('bb70ab9a-6310-11e8-aaf5-0f254a0c7eae', '2018-05', '1', null, '2018-05-29 07:20:15', '2018-05-29 07:20:15', 'bb34dafc-6310-11e8-aaf5-0f254a0c7eae', 'RMB', null, null), ('bb70d280-6310-11e8-aaf5-0f254a0c7eae', '2018-05', '1', null, '2018-05-29 07:20:15', '2018-05-29 07:20:15', 'bb34dafd-6310-11e8-aaf5-0f254a0c7eae', 'RMB', null, null), ('bb70d281-6310-11e8-aaf5-0f254a0c7eae', '2018-05', '1', null, '2018-05-29 07:20:15', '2018-05-29 07:20:15', 'bb34dafe-6310-11e8-aaf5-0f254a0c7eae', 'INR', null, null), ('bb70d282-6310-11e8-aaf5-0f254a0c7eae', '2018-05', '1', null, '2018-05-29 07:20:15', '2018-05-29 07:20:15', 'bb34daff-6310-11e8-aaf5-0f254a0c7eae', 'THB', null, null), ('bb70d283-6310-11e8-aaf5-0f254a0c7eae', '2018-05', '1', null, '2018-05-29 07:20:15', '2018-05-29 07:20:15', 'bb34db00-6310-11e8-aaf5-0f254a0c7eae', 'INR', null, null), ('bb70d284-6310-11e8-aaf5-0f254a0c7eae', '2018-05', '1', null, '2018-05-29 07:20:15', '2018-05-29 07:20:15', 'bb34db01-6310-11e8-aaf5-0f254a0c7eae', 'THB', null, null), ('bb70d285-6310-11e8-aaf5-0f254a0c7eae', '2018-05', '1', null, '2018-05-29 07:20:15', '2018-05-29 07:20:15', 'bb34db02-6310-11e8-aaf5-0f254a0c7eae', 'INR', null, null), ('bb70d286-6310-11e8-aaf5-0f254a0c7eae', '2018-05', '1', null, '2018-05-29 07:20:15', '2018-05-29 07:20:15', 'bb34db03-6310-11e8-aaf5-0f254a0c7eae', 'THB', null, null), ('bb70d287-6310-11e8-aaf5-0f254a0c7eae', '2018-05', '1', null, '2018-05-29 07:20:15', '2018-05-29 07:20:15', 'bb34db04-6310-11e8-aaf5-0f254a0c7eae', 'RMB', null, null), ('bb70d288-6310-11e8-aaf5-0f254a0c7eae', '2018-05', '1', null, '2018-05-29 07:20:15', '2018-05-29 07:20:15', 'bb34db05-6310-11e8-aaf5-0f254a0c7eae', 'THB', null, null), ('bb70d289-6310-11e8-aaf5-0f254a0c7eae', '2018-05', '1', null, '2018-05-29 07:20:15', '2018-05-29 07:20:15', 'bb350200-6310-11e8-aaf5-0f254a0c7eae', 'THB', null, null);
COMMIT;

-- ----------------------------
--  Table structure for `salaryType`
-- ----------------------------
DROP TABLE IF EXISTS `salaryType`;
CREATE TABLE `salaryType` (
  `id` varchar(255) COLLATE utf8_unicode_ci NOT NULL,
  `staffType` enum('Regular','Freelancer') COLLATE utf8_unicode_ci DEFAULT 'Regular',
  `category` enum('Salary','Cola','Bonus','Social','Other') COLLATE utf8_unicode_ci DEFAULT NULL,
  `distributeType` enum('ByMonth','ByYear','OncePayment') COLLATE utf8_unicode_ci DEFAULT NULL,
  `location` enum('Local','Expat','Common') COLLATE utf8_unicode_ci DEFAULT NULL,
  `index` int(11) DEFAULT NULL,
  `status` int(11) DEFAULT '1',
  `remark` varchar(255) COLLATE utf8_unicode_ci DEFAULT NULL,
  `createdAt` datetime NOT NULL,
  `updatedAt` datetime NOT NULL,
  `createdUsr` varchar(255) COLLATE utf8_unicode_ci DEFAULT NULL,
  `updatedUsr` varchar(255) COLLATE utf8_unicode_ci DEFAULT NULL,
  PRIMARY KEY (`id`),
  UNIQUE KEY `index` (`index`),
  UNIQUE KEY `salaryType_index_unique` (`index`),
  KEY `createdUsr` (`createdUsr`),
  KEY `updatedUsr` (`updatedUsr`),
  KEY `salary_type_index` (`index`) USING BTREE,
  KEY `salary_type_status` (`status`) USING BTREE,
  CONSTRAINT `salarytype_ibfk_1` FOREIGN KEY (`createdUsr`) REFERENCES `account` (`id`) ON DELETE SET NULL ON UPDATE CASCADE,
  CONSTRAINT `salarytype_ibfk_2` FOREIGN KEY (`updatedUsr`) REFERENCES `account` (`id`) ON DELETE SET NULL ON UPDATE CASCADE
) ENGINE=InnoDB DEFAULT CHARSET=utf8 COLLATE=utf8_unicode_ci;

-- ----------------------------
--  Records of `salaryType`
-- ----------------------------
BEGIN;
INSERT INTO `salaryType` VALUES ('13th Salary', 'Regular', 'Salary', 'ByYear', 'Local', '3', '1', null, '2018-05-29 07:20:14', '2018-05-29 07:20:14', null, null), ('Car', 'Regular', 'Other', 'ByMonth', 'Expat', '13', '1', null, '2018-05-29 07:20:14', '2018-05-29 07:20:14', null, null), ('China IIT', 'Regular', 'Other', 'ByMonth', 'Expat', '17', '1', null, '2018-05-29 07:20:14', '2018-05-29 07:20:14', null, null), ('COLA', 'Regular', 'Cola', 'ByMonth', 'Expat', '9', '1', null, '2018-05-29 07:20:14', '2018-05-29 07:20:14', null, null), ('Education', 'Regular', 'Other', 'ByMonth', 'Expat', '15', '1', null, '2018-05-29 07:20:14', '2018-05-29 07:20:14', null, null), ('Expat Medical Insurance', 'Regular', 'Other', 'ByMonth', 'Expat', '11', '1', null, '2018-05-29 07:20:14', '2018-05-29 07:20:14', null, null), ('FICA & Match Saving', 'Regular', 'Other', 'ByMonth', 'Expat', '20', '1', null, '2018-05-29 07:20:14', '2018-05-29 07:20:14', null, null), ('Freelancer Daily Salary', 'Freelancer', null, null, null, '22', '1', null, '2018-05-29 07:20:14', '2018-05-29 07:20:14', null, null), ('Freelancer Monthly Salary', 'Freelancer', null, null, null, '23', '1', null, '2018-05-29 07:20:14', '2018-05-29 07:20:14', null, null), ('Freelancer One Time Salary', 'Freelancer', null, null, null, '24', '1', null, '2018-05-29 07:20:14', '2018-05-29 07:20:14', null, null), ('HIPO', 'Regular', 'Bonus', 'ByMonth', 'Common', '7', '1', null, '2018-05-29 07:20:14', '2018-05-29 07:20:14', null, null), ('Home Leave', 'Regular', 'Other', 'ByMonth', 'Expat', '14', '1', null, '2018-05-29 07:20:14', '2018-05-29 07:20:14', null, null), ('Housing', 'Regular', 'Other', 'ByMonth', 'Expat', '12', '1', null, '2018-05-29 07:20:14', '2018-05-29 07:20:14', null, null), ('Hypo Housing', 'Regular', 'Other', 'ByYear', 'Expat', '16', '1', null, '2018-05-29 07:20:14', '2018-05-29 07:20:14', null, null), ('Hypo Tax', 'Regular', 'Other', 'ByYear', 'Expat', '18', '1', null, '2018-05-29 07:20:14', '2018-05-29 07:20:14', null, null), ('Local Medical Insurance', 'Regular', 'Other', 'ByMonth', 'Local', '10', '1', null, '2018-05-29 07:20:14', '2018-05-29 07:20:14', null, null), ('Meal', 'Regular', 'Cola', 'ByMonth', 'Local', '8', '1', null, '2018-05-29 07:20:14', '2018-05-29 07:20:14', null, null), ('Monthly Salary', 'Regular', 'Salary', 'ByMonth', 'Common', '1', '1', null, '2018-05-29 07:20:14', '2018-05-29 07:20:14', null, null), ('Pension', 'Regular', 'Other', 'ByMonth', 'Expat', '19', '1', null, '2018-05-29 07:20:14', '2018-05-29 07:20:14', null, null), ('Property Mgt', 'Regular', 'Other', 'ByMonth', 'Expat', '21', '1', null, '2018-05-29 07:20:14', '2018-05-29 07:20:14', null, null), ('Salary Increase', 'Regular', 'Salary', 'ByMonth', 'Common', '2', '1', null, '2018-05-29 07:20:14', '2018-05-29 07:20:14', null, null), ('Social Taxes', 'Regular', 'Social', 'ByMonth', 'Local', '4', '1', null, '2018-05-29 07:20:14', '2018-05-29 07:20:14', null, null), ('Spot Bonus', 'Regular', 'Bonus', 'ByMonth', 'Common', '5', '1', null, '2018-05-29 07:20:14', '2018-05-29 07:20:14', null, null), ('STIP', 'Regular', 'Bonus', 'ByMonth', 'Common', '6', '1', null, '2018-05-29 07:20:14', '2018-05-29 07:20:14', null, null);
COMMIT;

-- ----------------------------
--  Table structure for `sessions`
-- ----------------------------
DROP TABLE IF EXISTS `sessions`;
CREATE TABLE `sessions` (
  `session_id` varchar(128) CHARACTER SET utf8mb4 COLLATE utf8mb4_bin NOT NULL,
  `expires` int(11) unsigned NOT NULL,
  `data` text CHARACTER SET utf8mb4 COLLATE utf8mb4_bin,
  PRIMARY KEY (`session_id`)
) ENGINE=InnoDB DEFAULT CHARSET=utf8 COLLATE=utf8_unicode_ci;

-- ----------------------------
--  Records of `sessions`
-- ----------------------------
BEGIN;
INSERT INTO `sessions` VALUES ('9QmjWdheEZMbmZD1urgTXfUzT-65BKT5', '1527589219', '{\"cookie\":{\"originalMaxAge\":10800000,\"expires\":\"2018-05-29T10:20:18.944Z\",\"httpOnly\":true,\"path\":\"/\"}}'), ('XKwk57H4W05ZzxkfTgt_VtPhRjDhTBGh', '1527589023', '{\"cookie\":{\"originalMaxAge\":10799997,\"expires\":\"2018-05-29T10:17:03.318Z\",\"httpOnly\":true,\"path\":\"/\"},\"passport\":{\"user\":\"developer\"}}');
COMMIT;

-- ----------------------------
--  Table structure for `signature`
-- ----------------------------
DROP TABLE IF EXISTS `signature`;
CREATE TABLE `signature` (
  `id` char(36) CHARACTER SET utf8 COLLATE utf8_bin NOT NULL,
  `filePath` varchar(255) COLLATE utf8_unicode_ci NOT NULL,
  `status` int(11) DEFAULT '1',
  `createdAt` datetime NOT NULL,
  `updatedAt` datetime NOT NULL,
  `accountId` varchar(255) COLLATE utf8_unicode_ci NOT NULL,
  PRIMARY KEY (`id`),
  KEY `accountId` (`accountId`),
  KEY `signature_file_path` (`filePath`) USING BTREE,
  KEY `signature_status` (`status`) USING BTREE,
  CONSTRAINT `signature_ibfk_1` FOREIGN KEY (`accountId`) REFERENCES `account` (`id`) ON DELETE NO ACTION ON UPDATE CASCADE
) ENGINE=InnoDB DEFAULT CHARSET=utf8 COLLATE=utf8_unicode_ci;

-- ----------------------------
--  Table structure for `sow`
-- ----------------------------
DROP TABLE IF EXISTS `sow`;
CREATE TABLE `sow` (
  `id` char(36) CHARACTER SET utf8 COLLATE utf8_bin NOT NULL,
  `name` varchar(255) COLLATE utf8_unicode_ci NOT NULL,
  `year` int(11) NOT NULL,
  `version` varchar(255) COLLATE utf8_unicode_ci DEFAULT NULL,
  `sowType` enum('Sold','BackOffice','InHouse','LetGo') COLLATE utf8_unicode_ci NOT NULL,
  `isExecution` enum('Y','N') COLLATE utf8_unicode_ci DEFAULT 'N',
  `positionNum` int(11) NOT NULL DEFAULT '0',
  `FTE` decimal(10,6) NOT NULL DEFAULT '0.000000',
  `openPositionNum` int(11) NOT NULL DEFAULT '0',
  `net` bigint(20) DEFAULT '0',
  `gross` bigint(20) DEFAULT '0',
  `incentive` bigint(20) DEFAULT '0',
  `grandTotal` bigint(20) DEFAULT '0',
  `media` bigint(20) DEFAULT '0',
  `production` bigint(20) DEFAULT '0',
  `traditional` bigint(20) DEFAULT '0',
  `digital` bigint(20) DEFAULT '0',
  `CRM` bigint(20) DEFAULT '0',
  `travel` bigint(20) DEFAULT '0',
  `total` bigint(20) DEFAULT '0',
  `level1` decimal(10,6) DEFAULT '0.000000',
  `level2` decimal(10,6) DEFAULT '0.000000',
  `level3` decimal(10,6) DEFAULT '0.000000',
  `level4` decimal(10,6) DEFAULT '0.000000',
  `level5` decimal(10,6) DEFAULT '0.000000',
  `flowStatus` enum('toSubmit','toApproveByFD','refusedByFD','toApproveByClient','refusedByClient','toCollectPO','POCollected','disabled','special') COLLATE utf8_unicode_ci NOT NULL,
  `status` int(11) DEFAULT '1',
  `remark` varchar(255) COLLATE utf8_unicode_ci DEFAULT NULL,
  `createdAt` datetime NOT NULL,
  `updatedAt` datetime NOT NULL,
  `clientId` varchar(255) COLLATE utf8_unicode_ci NOT NULL,
  `currencyId` varchar(255) COLLATE utf8_unicode_ci NOT NULL,
  `createdUsr` varchar(255) COLLATE utf8_unicode_ci DEFAULT NULL,
  `updatedUsr` varchar(255) COLLATE utf8_unicode_ci DEFAULT NULL,
  PRIMARY KEY (`id`),
  KEY `clientId` (`clientId`),
  KEY `currencyId` (`currencyId`),
  KEY `createdUsr` (`createdUsr`),
  KEY `updatedUsr` (`updatedUsr`),
  KEY `sow_name` (`name`) USING BTREE,
  KEY `sow_version` (`version`) USING BTREE,
  KEY `sow_sow_type` (`sowType`) USING BTREE,
  KEY `sow_flow_status` (`flowStatus`) USING BTREE,
  KEY `sow_status` (`status`) USING BTREE,
  CONSTRAINT `sow_ibfk_1` FOREIGN KEY (`clientId`) REFERENCES `client` (`id`) ON DELETE NO ACTION ON UPDATE CASCADE,
  CONSTRAINT `sow_ibfk_2` FOREIGN KEY (`currencyId`) REFERENCES `currency` (`id`) ON DELETE NO ACTION ON UPDATE CASCADE,
  CONSTRAINT `sow_ibfk_3` FOREIGN KEY (`createdUsr`) REFERENCES `account` (`id`) ON DELETE SET NULL ON UPDATE CASCADE,
  CONSTRAINT `sow_ibfk_4` FOREIGN KEY (`updatedUsr`) REFERENCES `account` (`id`) ON DELETE SET NULL ON UPDATE CASCADE
) ENGINE=InnoDB DEFAULT CHARSET=utf8 COLLATE=utf8_unicode_ci;

-- ----------------------------
--  Records of `sow`
-- ----------------------------
BEGIN;
INSERT INTO `sow` VALUES ('bb778940-6310-11e8-aaf5-0f254a0c7eae', '2018 Ford AP', '2018', '001', 'Sold', 'N', '49', '25.612500', '0', '257980534', '274936568', '15127384', '290063947', '1000000', '3000000', '1000000', '1000000', '1000000', '1000000', '5000000', '9.131250', '3.005000', '9.111250', '3.825000', '0.540000', 'POCollected', '1', null, '2018-05-29 07:20:15', '2018-05-29 07:20:18', 'Ford AP', 'USD', null, null), ('bb778941-6310-11e8-aaf5-0f254a0c7eae', '2018 BackOffice', '2018', '001', 'BackOffice', 'N', '0', '0.000000', '0', '0', '0', '0', '0', '0', '0', '0', '0', '0', '0', '0', '0.000000', '0.000000', '0.000000', '0.000000', '0.000000', 'special', '1', null, '2018-05-29 07:20:15', '2018-05-29 07:20:15', 'BackOffice', 'RMB', null, null), ('bb778942-6310-11e8-aaf5-0f254a0c7eae', '2018 InHouse', '2018', '001', 'InHouse', 'N', '49', '23.387500', '0', '1948738600', '2070009149', '113081549', '2183090699', '0', '0', '0', '0', '0', '0', '0', '6.868750', '5.995000', '3.888750', '4.175000', '2.460000', 'special', '1', null, '2018-05-29 07:20:15', '2018-05-29 07:20:18', 'InHouse', 'RMB', null, null), ('bb778943-6310-11e8-aaf5-0f254a0c7eae', '2018 LetGo', '2018', '001', 'LetGo', 'N', '0', '0.000000', '0', '0', '0', '0', '0', '0', '0', '0', '0', '0', '0', '0', '0.000000', '0.000000', '0.000000', '0.000000', '0.000000', 'special', '1', null, '2018-05-29 07:20:15', '2018-05-29 07:20:15', 'LetGo', 'RMB', null, null), ('bdc21580-6310-11e8-aaf5-0f254a0c7eae', '2018 Ford AP', '2018', '000', 'Sold', 'Y', '49', '25.612500', '0', '257980534', '274936568', '15127384', '290063947', '1000000', '3000000', '1000000', '1000000', '1000000', '1000000', '5000000', '9.131250', '3.005000', '9.111250', '3.825000', '0.540000', 'POCollected', '1', null, '2018-05-29 07:20:18', '2018-05-29 07:20:18', 'Ford AP', 'USD', null, null), ('bdc215b2-6310-11e8-aaf5-0f254a0c7eae', '2018 BackOffice', '2018', '000', 'BackOffice', 'Y', '0', '0.000000', '0', '0', '0', '0', '0', '0', '0', '0', '0', '0', '0', '0', '0.000000', '0.000000', '0.000000', '0.000000', '0.000000', 'special', '1', null, '2018-05-29 07:20:18', '2018-05-29 07:20:18', 'BackOffice', 'RMB', null, null), ('bdc215b3-6310-11e8-aaf5-0f254a0c7eae', '2018 InHouse', '2018', '000', 'InHouse', 'Y', '49', '23.387500', '0', '1948738600', '2070009149', '113081549', '2183090699', '0', '0', '0', '0', '0', '0', '0', '6.868750', '5.995000', '3.888750', '4.175000', '2.460000', 'special', '1', null, '2018-05-29 07:20:18', '2018-05-29 07:20:18', 'InHouse', 'RMB', null, null), ('bdc23cc1-6310-11e8-aaf5-0f254a0c7eae', '2018 LetGo', '2018', '000', 'LetGo', 'Y', '0', '0.000000', '0', '0', '0', '0', '0', '0', '0', '0', '0', '0', '0', '0', '0.000000', '0.000000', '0.000000', '0.000000', '0.000000', 'special', '1', null, '2018-05-29 07:20:18', '2018-05-29 07:20:18', 'LetGo', 'RMB', null, null);
COMMIT;

-- ----------------------------
--  Table structure for `sowLevel`
-- ----------------------------
DROP TABLE IF EXISTS `sowLevel`;
CREATE TABLE `sowLevel` (
  `id` char(36) CHARACTER SET utf8 COLLATE utf8_bin NOT NULL,
  `year` int(11) NOT NULL,
  `level1Max` int(11) NOT NULL DEFAULT '0',
  `level2Max` int(11) NOT NULL DEFAULT '0',
  `level3Max` int(11) NOT NULL DEFAULT '0',
  `level4Max` int(11) NOT NULL DEFAULT '0',
  `status` int(11) DEFAULT '1',
  `remark` varchar(255) COLLATE utf8_unicode_ci DEFAULT NULL,
  `createdAt` datetime NOT NULL,
  `updatedAt` datetime NOT NULL,
  `currencyId` varchar(255) COLLATE utf8_unicode_ci DEFAULT NULL,
  `createdUsr` varchar(255) COLLATE utf8_unicode_ci DEFAULT NULL,
  `updatedUsr` varchar(255) COLLATE utf8_unicode_ci DEFAULT NULL,
  PRIMARY KEY (`id`),
  UNIQUE KEY `year` (`year`),
  UNIQUE KEY `sowLevel_year_unique` (`year`),
  KEY `currencyId` (`currencyId`),
  KEY `createdUsr` (`createdUsr`),
  KEY `updatedUsr` (`updatedUsr`),
  KEY `sow_level_year` (`year`) USING BTREE,
  KEY `sow_level_status` (`status`) USING BTREE,
  CONSTRAINT `sowlevel_ibfk_1` FOREIGN KEY (`currencyId`) REFERENCES `currency` (`id`) ON DELETE SET NULL ON UPDATE CASCADE,
  CONSTRAINT `sowlevel_ibfk_2` FOREIGN KEY (`createdUsr`) REFERENCES `account` (`id`) ON DELETE SET NULL ON UPDATE CASCADE,
  CONSTRAINT `sowlevel_ibfk_3` FOREIGN KEY (`updatedUsr`) REFERENCES `account` (`id`) ON DELETE SET NULL ON UPDATE CASCADE
) ENGINE=InnoDB DEFAULT CHARSET=utf8 COLLATE=utf8_unicode_ci;

-- ----------------------------
--  Records of `sowLevel`
-- ----------------------------
BEGIN;
INSERT INTO `sowLevel` VALUES ('bb75db90-6310-11e8-aaf5-0f254a0c7eae', '2016', '15339309', '25565515', '45449805', '72723777', '1', null, '2018-05-29 07:20:15', '2018-05-29 07:20:15', 'RMB', null, null), ('bb75db91-6310-11e8-aaf5-0f254a0c7eae', '2017', '15339309', '25565515', '45449805', '72723777', '1', null, '2018-05-29 07:20:15', '2018-05-29 07:20:15', 'RMB', null, null), ('bb75db92-6310-11e8-aaf5-0f254a0c7eae', '2018', '15339309', '25565515', '45449805', '72723777', '1', null, '2018-05-29 07:20:15', '2018-05-29 07:20:15', 'RMB', null, null);
COMMIT;

-- ----------------------------
--  Table structure for `sowPosition`
-- ----------------------------
DROP TABLE IF EXISTS `sowPosition`;
CREATE TABLE `sowPosition` (
  `id` char(36) CHARACTER SET utf8 COLLATE utf8_bin NOT NULL,
  `FTE` decimal(8,6) NOT NULL DEFAULT '0.000000',
  `net` int(11) DEFAULT '0',
  `tax` int(11) DEFAULT '0',
  `gross` int(11) DEFAULT '0',
  `incentive` int(11) DEFAULT '0',
  `grandTotal` int(11) DEFAULT '0',
  `confirmFlag` enum('Y','N') COLLATE utf8_unicode_ci DEFAULT 'N',
  `status` int(11) DEFAULT '1',
  `remark` varchar(255) COLLATE utf8_unicode_ci DEFAULT NULL,
  `createdAt` datetime NOT NULL,
  `updatedAt` datetime NOT NULL,
  `sowId` char(36) CHARACTER SET utf8 COLLATE utf8_bin NOT NULL,
  `positionId` char(36) CHARACTER SET utf8 COLLATE utf8_bin NOT NULL,
  `createdUsr` varchar(255) COLLATE utf8_unicode_ci DEFAULT NULL,
  `updatedUsr` varchar(255) COLLATE utf8_unicode_ci DEFAULT NULL,
  PRIMARY KEY (`id`),
  KEY `sowId` (`sowId`),
  KEY `positionId` (`positionId`),
  KEY `createdUsr` (`createdUsr`),
  KEY `updatedUsr` (`updatedUsr`),
  KEY `sow_position_status` (`status`) USING BTREE,
  CONSTRAINT `sowposition_ibfk_1` FOREIGN KEY (`sowId`) REFERENCES `sow` (`id`) ON DELETE CASCADE ON UPDATE CASCADE,
  CONSTRAINT `sowposition_ibfk_2` FOREIGN KEY (`positionId`) REFERENCES `position` (`id`) ON DELETE CASCADE ON UPDATE CASCADE,
  CONSTRAINT `sowposition_ibfk_3` FOREIGN KEY (`createdUsr`) REFERENCES `account` (`id`) ON DELETE SET NULL ON UPDATE CASCADE,
  CONSTRAINT `sowposition_ibfk_4` FOREIGN KEY (`updatedUsr`) REFERENCES `account` (`id`) ON DELETE SET NULL ON UPDATE CASCADE
) ENGINE=InnoDB DEFAULT CHARSET=utf8 COLLATE=utf8_unicode_ci;

-- ----------------------------
--  Records of `sowPosition`
-- ----------------------------
BEGIN;
INSERT INTO `sowPosition` VALUES ('bce5bf40-6310-11e8-aaf5-0f254a0c7eae', '0.120000', '5928623', '401368', '6329991', '350627', '6680618', 'Y', '1', null, '2018-05-29 07:20:17', '2018-05-29 07:20:17', 'bb778940-6310-11e8-aaf5-0f254a0c7eae', '1', null, null), ('bce87e60-6310-11e8-aaf5-0f254a0c7eae', '0.880000', '43476572', '2943364', '46419936', '2571261', '48991197', 'N', '1', null, '2018-05-29 07:20:17', '2018-05-29 07:20:17', 'bb778942-6310-11e8-aaf5-0f254a0c7eae', '1', null, null), ('bceaef60-6310-11e8-aaf5-0f254a0c7eae', '0.040000', '7549727', '511117', '8060844', '446501', '8507345', 'Y', '1', null, '2018-05-29 07:20:17', '2018-05-29 07:20:17', 'bb778940-6310-11e8-aaf5-0f254a0c7eae', '2', null, null), ('bced8770-6310-11e8-aaf5-0f254a0c7eae', '0.960000', '181193447', '12266796', '193460243', '10716015', '204176258', 'N', '1', null, '2018-05-29 07:20:17', '2018-05-29 07:20:17', 'bb778942-6310-11e8-aaf5-0f254a0c7eae', '2', null, null), ('bcefd160-6310-11e8-aaf5-0f254a0c7eae', '0.125000', '6800566', '460398', '7260964', '402194', '7663158', 'Y', '1', null, '2018-05-29 07:20:17', '2018-05-29 07:20:17', 'bb778940-6310-11e8-aaf5-0f254a0c7eae', '3', null, null), ('bcf29080-6310-11e8-aaf5-0f254a0c7eae', '0.875000', '47603964', '3222789', '50826753', '2815360', '53642113', 'N', '1', null, '2018-05-29 07:20:17', '2018-05-29 07:20:17', 'bb778942-6310-11e8-aaf5-0f254a0c7eae', '3', null, null), ('bcf4da70-6310-11e8-aaf5-0f254a0c7eae', '0.250000', '72642357', '4917888', '77560245', '4296163', '81856408', 'Y', '1', null, '2018-05-29 07:20:17', '2018-05-29 07:20:17', 'bb778940-6310-11e8-aaf5-0f254a0c7eae', '5', null, null), ('bcf72460-6310-11e8-aaf5-0f254a0c7eae', '0.750000', '217927070', '14753663', '232680733', '12888489', '245569222', 'N', '1', null, '2018-05-29 07:20:17', '2018-05-29 07:20:17', 'bb778942-6310-11e8-aaf5-0f254a0c7eae', '5', null, null), ('bcf96e50-6310-11e8-aaf5-0f254a0c7eae', '0.109375', '17805264', '1205416', '19010680', '1053026', '20063706', 'Y', '1', null, '2018-05-29 07:20:17', '2018-05-29 07:20:17', 'bb778940-6310-11e8-aaf5-0f254a0c7eae', '6', null, null), ('bcfbb840-6310-11e8-aaf5-0f254a0c7eae', '0.890625', '144985723', '9815534', '154801257', '8574643', '163375900', 'N', '1', null, '2018-05-29 07:20:17', '2018-05-29 07:20:17', 'bb778942-6310-11e8-aaf5-0f254a0c7eae', '6', null, null), ('bcfddb20-6310-11e8-aaf5-0f254a0c7eae', '1.000000', '65493882', '4433936', '69927818', '3873393', '73801211', 'Y', '1', null, '2018-05-29 07:20:17', '2018-05-29 07:20:17', 'bb778940-6310-11e8-aaf5-0f254a0c7eae', '7', null, null), ('bd009a40-6310-11e8-aaf5-0f254a0c7eae', '0.000000', '0', '0', '0', '0', '0', 'N', '1', null, '2018-05-29 07:20:17', '2018-05-29 07:20:17', 'bb778942-6310-11e8-aaf5-0f254a0c7eae', '7', null, null), ('bd030b40-6310-11e8-aaf5-0f254a0c7eae', '0.250000', '12133041', '821407', '12954448', '717564', '13672012', 'Y', '1', null, '2018-05-29 07:20:17', '2018-05-29 07:20:17', 'bb778940-6310-11e8-aaf5-0f254a0c7eae', '8', null, null), ('bd055530-6310-11e8-aaf5-0f254a0c7eae', '0.750000', '36399122', '2464220', '38863342', '2152691', '41016033', 'N', '1', null, '2018-05-29 07:20:17', '2018-05-29 07:20:17', 'bb778942-6310-11e8-aaf5-0f254a0c7eae', '8', null, null), ('bd079f20-6310-11e8-aaf5-0f254a0c7eae', '0.218750', '34152525', '2312126', '36464651', '2019825', '38484476', 'Y', '1', null, '2018-05-29 07:20:17', '2018-05-29 07:20:17', 'bb778940-6310-11e8-aaf5-0f254a0c7eae', '9', null, null), ('bd099af0-6310-11e8-aaf5-0f254a0c7eae', '0.781250', '121973302', '8257592', '130230894', '7213659', '137444553', 'N', '1', null, '2018-05-29 07:20:17', '2018-05-29 07:20:17', 'bb778942-6310-11e8-aaf5-0f254a0c7eae', '9', null, null), ('bd0c0bf0-6310-11e8-aaf5-0f254a0c7eae', '1.000000', '85320661', '5776209', '91096870', '5045975', '96142845', 'Y', '1', null, '2018-05-29 07:20:17', '2018-05-29 07:20:17', 'bb778940-6310-11e8-aaf5-0f254a0c7eae', '10', null, null), ('bd0e2ed0-6310-11e8-aaf5-0f254a0c7eae', '0.000000', '0', '0', '0', '0', '0', 'N', '1', null, '2018-05-29 07:20:17', '2018-05-29 07:20:17', 'bb778942-6310-11e8-aaf5-0f254a0c7eae', '10', null, null), ('bd1051b0-6310-11e8-aaf5-0f254a0c7eae', '0.500000', '33717396', '2282668', '36000064', '1994090', '37994154', 'Y', '1', null, '2018-05-29 07:20:17', '2018-05-29 07:20:17', 'bb778940-6310-11e8-aaf5-0f254a0c7eae', '11', null, null), ('bd127490-6310-11e8-aaf5-0f254a0c7eae', '0.500000', '33717396', '2282668', '36000064', '1994090', '37994154', 'N', '1', null, '2018-05-29 07:20:17', '2018-05-29 07:20:17', 'bb778942-6310-11e8-aaf5-0f254a0c7eae', '11', null, null), ('bd147060-6310-11e8-aaf5-0f254a0c7eae', '0.239375', '13511723', '914744', '14426467', '799101', '15225568', 'Y', '1', null, '2018-05-29 07:20:17', '2018-05-29 07:20:17', 'bb778940-6310-11e8-aaf5-0f254a0c7eae', '12', null, null), ('bd166c30-6310-11e8-aaf5-0f254a0c7eae', '0.760625', '42934116', '2906639', '45840755', '2539179', '48379934', 'N', '1', null, '2018-05-29 07:20:17', '2018-05-29 07:20:17', 'bb778942-6310-11e8-aaf5-0f254a0c7eae', '12', null, null), ('bd188f10-6310-11e8-aaf5-0f254a0c7eae', '0.500000', '56900085', '3852136', '60752221', '3365145', '64117366', 'Y', '1', null, '2018-05-29 07:20:17', '2018-05-29 07:20:17', 'bb778940-6310-11e8-aaf5-0f254a0c7eae', '13', null, null), ('bd1b2720-6310-11e8-aaf5-0f254a0c7eae', '0.500000', '56900085', '3852136', '60752221', '3365145', '64117366', 'N', '1', null, '2018-05-29 07:20:17', '2018-05-29 07:20:17', 'bb778942-6310-11e8-aaf5-0f254a0c7eae', '13', null, null), ('bd1dbf30-6310-11e8-aaf5-0f254a0c7eae', '0.625000', '22477863', '1521751', '23999614', '1329370', '25328984', 'Y', '1', null, '2018-05-29 07:20:17', '2018-05-29 07:20:17', 'bb778940-6310-11e8-aaf5-0f254a0c7eae', '14', null, null), ('bd203030-6310-11e8-aaf5-0f254a0c7eae', '0.375000', '13486718', '913051', '14399769', '797622', '15197391', 'N', '1', null, '2018-05-29 07:20:17', '2018-05-29 07:20:17', 'bb778942-6310-11e8-aaf5-0f254a0c7eae', '14', null, null), ('bd227a20-6310-11e8-aaf5-0f254a0c7eae', '1.000000', '72779727', '4927188', '77706915', '4304287', '82011202', 'Y', '1', null, '2018-05-29 07:20:17', '2018-05-29 07:20:17', 'bb778940-6310-11e8-aaf5-0f254a0c7eae', '15', null, null), ('bd251230-6310-11e8-aaf5-0f254a0c7eae', '0.000000', '0', '0', '0', '0', '0', 'N', '1', null, '2018-05-29 07:20:17', '2018-05-29 07:20:17', 'bb778942-6310-11e8-aaf5-0f254a0c7eae', '15', null, null), ('bd273510-6310-11e8-aaf5-0f254a0c7eae', '1.000000', '58057758', '3930510', '61988268', '3433611', '65421879', 'Y', '1', null, '2018-05-29 07:20:17', '2018-05-29 07:20:17', 'bb778940-6310-11e8-aaf5-0f254a0c7eae', '16', null, null), ('bd2957f0-6310-11e8-aaf5-0f254a0c7eae', '0.000000', '0', '0', '0', '0', '0', 'N', '1', null, '2018-05-29 07:20:17', '2018-05-29 07:20:17', 'bb778942-6310-11e8-aaf5-0f254a0c7eae', '16', null, null), ('bd2bc8f0-6310-11e8-aaf5-0f254a0c7eae', '0.249375', '13281044', '2390588', '15671632', '715444', '16387076', 'Y', '1', null, '2018-05-29 07:20:17', '2018-05-29 07:20:17', 'bb778940-6310-11e8-aaf5-0f254a0c7eae', '17', null, null), ('bd2e12e0-6310-11e8-aaf5-0f254a0c7eae', '0.750625', '39976276', '7195730', '47172006', '2153505', '49325511', 'N', '1', null, '2018-05-29 07:20:17', '2018-05-29 07:20:17', 'bb778942-6310-11e8-aaf5-0f254a0c7eae', '17', null, null), ('bd3035c0-6310-11e8-aaf5-0f254a0c7eae', '0.298750', '23164209', '1568217', '24732426', '1369961', '26102387', 'Y', '1', null, '2018-05-29 07:20:17', '2018-05-29 07:20:17', 'bb778940-6310-11e8-aaf5-0f254a0c7eae', '18', null, null), ('bd3258a0-6310-11e8-aaf5-0f254a0c7eae', '0.701250', '54372893', '3681045', '58053938', '3215683', '61269621', 'N', '1', null, '2018-05-29 07:20:17', '2018-05-29 07:20:17', 'bb778942-6310-11e8-aaf5-0f254a0c7eae', '18', null, null), ('bd345470-6310-11e8-aaf5-0f254a0c7eae', '1.000000', '140804076', '9532436', '150336512', '8327336', '158663848', 'Y', '1', null, '2018-05-29 07:20:17', '2018-05-29 07:20:17', 'bb778940-6310-11e8-aaf5-0f254a0c7eae', '20', null, null), ('bd369e60-6310-11e8-aaf5-0f254a0c7eae', '0.000000', '0', '0', '0', '0', '0', 'N', '1', null, '2018-05-29 07:20:17', '2018-05-29 07:20:17', 'bb778942-6310-11e8-aaf5-0f254a0c7eae', '20', null, null), ('bd389a30-6310-11e8-aaf5-0f254a0c7eae', '0.239375', '12394183', '847762', '13241945', '282111', '13524056', 'Y', '1', null, '2018-05-29 07:20:18', '2018-05-29 07:20:18', 'bb778940-6310-11e8-aaf5-0f254a0c7eae', '21', null, null), ('bd3ae420-6310-11e8-aaf5-0f254a0c7eae', '0.760625', '39383082', '2693803', '42076885', '896421', '42973306', 'N', '1', null, '2018-05-29 07:20:18', '2018-05-29 07:20:18', 'bb778942-6310-11e8-aaf5-0f254a0c7eae', '21', null, null), ('bd3d0700-6310-11e8-aaf5-0f254a0c7eae', '0.437500', '9098331', '615957', '9714288', '538087', '10252375', 'Y', '1', null, '2018-05-29 07:20:18', '2018-05-29 07:20:18', 'bb778940-6310-11e8-aaf5-0f254a0c7eae', '22', null, null), ('bd3f02d0-6310-11e8-aaf5-0f254a0c7eae', '0.562500', '11697855', '791945', '12489800', '691826', '13181626', 'N', '1', null, '2018-05-29 07:20:18', '2018-05-29 07:20:18', 'bb778942-6310-11e8-aaf5-0f254a0c7eae', '22', null, null), ('bd40fea0-6310-11e8-aaf5-0f254a0c7eae', '0.500000', '32746941', '2216968', '34963909', '1936697', '36900606', 'Y', '1', null, '2018-05-29 07:20:18', '2018-05-29 07:20:18', 'bb778940-6310-11e8-aaf5-0f254a0c7eae', '23', null, null), ('bd42fa70-6310-11e8-aaf5-0f254a0c7eae', '0.500000', '32746941', '2216968', '34963909', '1936697', '36900606', 'N', '1', null, '2018-05-29 07:20:18', '2018-05-29 07:20:18', 'bb778942-6310-11e8-aaf5-0f254a0c7eae', '23', null, null), ('bd44f640-6310-11e8-aaf5-0f254a0c7eae', '0.250000', '10979348', '0', '10979348', '608160', '11587508', 'Y', '1', null, '2018-05-29 07:20:18', '2018-05-29 07:20:18', 'bb778940-6310-11e8-aaf5-0f254a0c7eae', '24', null, null), ('bd46f210-6310-11e8-aaf5-0f254a0c7eae', '0.750000', '32938043', '0', '32938043', '1824481', '34762524', 'N', '1', null, '2018-05-29 07:20:18', '2018-05-29 07:20:18', 'bb778942-6310-11e8-aaf5-0f254a0c7eae', '24', null, null), ('bd4914f0-6310-11e8-aaf5-0f254a0c7eae', '0.332500', '55878927', '3783003', '59661930', '3304752', '62966682', 'Y', '1', null, '2018-05-29 07:20:18', '2018-05-29 07:20:18', 'bb778940-6310-11e8-aaf5-0f254a0c7eae', '25', null, null), ('bd4b37d0-6310-11e8-aaf5-0f254a0c7eae', '0.667500', '112177995', '7594451', '119772446', '6634352', '126406798', 'N', '1', null, '2018-05-29 07:20:18', '2018-05-29 07:20:18', 'bb778942-6310-11e8-aaf5-0f254a0c7eae', '25', null, null), ('bd4d33a0-6310-11e8-aaf5-0f254a0c7eae', '0.500000', '51679454', '3498699', '55178153', '3056390', '58234543', 'Y', '1', null, '2018-05-29 07:20:18', '2018-05-29 07:20:18', 'bb778940-6310-11e8-aaf5-0f254a0c7eae', '26', null, null), ('bd4f5680-6310-11e8-aaf5-0f254a0c7eae', '0.500000', '51679454', '3498699', '55178153', '3056390', '58234543', 'N', '1', null, '2018-05-29 07:20:18', '2018-05-29 07:20:18', 'bb778942-6310-11e8-aaf5-0f254a0c7eae', '26', null, null), ('bd51ee90-6310-11e8-aaf5-0f254a0c7eae', '0.291875', '12818388', '867805', '13686193', '758096', '14444289', 'Y', '1', null, '2018-05-29 07:20:18', '2018-05-29 07:20:18', 'bb778940-6310-11e8-aaf5-0f254a0c7eae', '28', null, null), ('bd53ea60-6310-11e8-aaf5-0f254a0c7eae', '0.708125', '31099003', '2105402', '33204405', '1839235', '35043640', 'N', '1', null, '2018-05-29 07:20:18', '2018-05-29 07:20:18', 'bb778942-6310-11e8-aaf5-0f254a0c7eae', '28', null, null), ('bd55bf20-6310-11e8-aaf5-0f254a0c7eae', '1.000000', '20966579', '1419437', '22386016', '1239991', '23626007', 'Y', '1', null, '2018-05-29 07:20:18', '2018-05-29 07:20:18', 'bb778940-6310-11e8-aaf5-0f254a0c7eae', '29', null, null), ('bd57baf0-6310-11e8-aaf5-0f254a0c7eae', '0.000000', '0', '0', '0', '0', '0', 'N', '1', null, '2018-05-29 07:20:18', '2018-05-29 07:20:18', 'bb778942-6310-11e8-aaf5-0f254a0c7eae', '29', null, null), ('bd598fb0-6310-11e8-aaf5-0f254a0c7eae', '1.000000', '72779727', '4927188', '77706915', '4304287', '82011202', 'Y', '1', null, '2018-05-29 07:20:18', '2018-05-29 07:20:18', 'bb778940-6310-11e8-aaf5-0f254a0c7eae', '30', null, null), ('bd5b6470-6310-11e8-aaf5-0f254a0c7eae', '0.000000', '0', '0', '0', '0', '0', 'N', '1', null, '2018-05-29 07:20:18', '2018-05-29 07:20:18', 'bb778942-6310-11e8-aaf5-0f254a0c7eae', '30', null, null), ('bd5d6040-6310-11e8-aaf5-0f254a0c7eae', '1.000000', '68922027', '4666021', '73588048', '4076138', '77664186', 'Y', '1', null, '2018-05-29 07:20:18', '2018-05-29 07:20:18', 'bb778940-6310-11e8-aaf5-0f254a0c7eae', '31', null, null), ('bd5f5c10-6310-11e8-aaf5-0f254a0c7eae', '0.000000', '0', '0', '0', '0', '0', 'N', '1', null, '2018-05-29 07:20:18', '2018-05-29 07:20:18', 'bb778942-6310-11e8-aaf5-0f254a0c7eae', '31', null, null), ('bd61a600-6310-11e8-aaf5-0f254a0c7eae', '0.937500', '114026282', '7719579', '121745861', '6743662', '128489523', 'Y', '1', null, '2018-05-29 07:20:18', '2018-05-29 07:20:18', 'bb778940-6310-11e8-aaf5-0f254a0c7eae', '33', null, null), ('bd63a1d0-6310-11e8-aaf5-0f254a0c7eae', '0.062500', '7601752', '514639', '8116391', '449577', '8565968', 'N', '1', null, '2018-05-29 07:20:18', '2018-05-29 07:20:18', 'bb778942-6310-11e8-aaf5-0f254a0c7eae', '33', null, null), ('bd659da0-6310-11e8-aaf5-0f254a0c7eae', '0.487500', '86865151', '5880771', '92745922', '5137318', '97883240', 'Y', '1', null, '2018-05-29 07:20:18', '2018-05-29 07:20:18', 'bb778940-6310-11e8-aaf5-0f254a0c7eae', '34', null, null), ('bd679970-6310-11e8-aaf5-0f254a0c7eae', '0.512500', '91319775', '6182348', '97502123', '5400770', '102902893', 'N', '1', null, '2018-05-29 07:20:18', '2018-05-29 07:20:18', 'bb778942-6310-11e8-aaf5-0f254a0c7eae', '34', null, null), ('bd6a0a70-6310-11e8-aaf5-0f254a0c7eae', '0.500000', '24172675', '1636490', '25809165', '1429603', '27238768', 'Y', '1', null, '2018-05-29 07:20:18', '2018-05-29 07:20:18', 'bb778940-6310-11e8-aaf5-0f254a0c7eae', '35', null, null), ('bd6c7b70-6310-11e8-aaf5-0f254a0c7eae', '0.500000', '24172675', '1636490', '25809165', '1429603', '27238768', 'N', '1', null, '2018-05-29 07:20:18', '2018-05-29 07:20:18', 'bb778942-6310-11e8-aaf5-0f254a0c7eae', '35', null, null), ('bd6ec560-6310-11e8-aaf5-0f254a0c7eae', '0.312500', '30762792', '2082641', '32845433', '1819351', '34664784', 'Y', '1', null, '2018-05-29 07:20:18', '2018-05-29 07:20:18', 'bb778940-6310-11e8-aaf5-0f254a0c7eae', '36', null, null), ('bd710f50-6310-11e8-aaf5-0f254a0c7eae', '0.687500', '67678143', '4581810', '72259953', '4002573', '76262526', 'N', '1', null, '2018-05-29 07:20:18', '2018-05-29 07:20:18', 'bb778942-6310-11e8-aaf5-0f254a0c7eae', '36', null, null), ('bd733230-6310-11e8-aaf5-0f254a0c7eae', '0.239375', '33998249', '2301681', '36299930', '2010701', '38310631', 'Y', '1', null, '2018-05-29 07:20:18', '2018-05-29 07:20:18', 'bb778940-6310-11e8-aaf5-0f254a0c7eae', '37', null, null), ('bd752e00-6310-11e8-aaf5-0f254a0c7eae', '0.760625', '108030990', '7313698', '115344688', '6389093', '121733781', 'N', '1', null, '2018-05-29 07:20:18', '2018-05-29 07:20:18', 'bb778942-6310-11e8-aaf5-0f254a0c7eae', '37', null, null), ('bd7729d0-6310-11e8-aaf5-0f254a0c7eae', '0.500000', '52841321', '3577358', '56418679', '3125104', '59543783', 'Y', '1', null, '2018-05-29 07:20:18', '2018-05-29 07:20:18', 'bb778940-6310-11e8-aaf5-0f254a0c7eae', '38', null, null), ('bd7925a0-6310-11e8-aaf5-0f254a0c7eae', '0.500000', '52841321', '3577358', '56418679', '3125104', '59543783', 'N', '1', null, '2018-05-29 07:20:18', '2018-05-29 07:20:18', 'bb778942-6310-11e8-aaf5-0f254a0c7eae', '38', null, null), ('bd7b2170-6310-11e8-aaf5-0f254a0c7eae', '0.030625', '642101', '43470', '685571', '37975', '723546', 'Y', '1', null, '2018-05-29 07:20:18', '2018-05-29 07:20:18', 'bb778940-6310-11e8-aaf5-0f254a0c7eae', '39', null, null), ('bd7d4450-6310-11e8-aaf5-0f254a0c7eae', '0.969375', '20324478', '1375967', '21700445', '1202016', '22902461', 'N', '1', null, '2018-05-29 07:20:18', '2018-05-29 07:20:18', 'bb778942-6310-11e8-aaf5-0f254a0c7eae', '39', null, null), ('bd7f6730-6310-11e8-aaf5-0f254a0c7eae', '0.500000', '89518445', '6060399', '95578844', '5294237', '100873081', 'Y', '1', null, '2018-05-29 07:20:18', '2018-05-29 07:20:18', 'bb778940-6310-11e8-aaf5-0f254a0c7eae', '40', null, null), ('bd81b120-6310-11e8-aaf5-0f254a0c7eae', '0.500000', '89518445', '6060399', '95578844', '5294237', '100873081', 'N', '1', null, '2018-05-29 07:20:18', '2018-05-29 07:20:18', 'bb778942-6310-11e8-aaf5-0f254a0c7eae', '40', null, null), ('bd844930-6310-11e8-aaf5-0f254a0c7eae', '1.000000', '20966579', '1419437', '22386016', '1239991', '23626007', 'Y', '1', null, '2018-05-29 07:20:18', '2018-05-29 07:20:18', 'bb778940-6310-11e8-aaf5-0f254a0c7eae', '41', null, null), ('bd866c10-6310-11e8-aaf5-0f254a0c7eae', '0.000000', '0', '0', '0', '0', '0', 'N', '1', null, '2018-05-29 07:20:18', '2018-05-29 07:20:18', 'bb778942-6310-11e8-aaf5-0f254a0c7eae', '41', null, null), ('bd88dd10-6310-11e8-aaf5-0f254a0c7eae', '1.000000', '20966579', '1419437', '22386016', '1239991', '23626007', 'Y', '1', null, '2018-05-29 07:20:18', '2018-05-29 07:20:18', 'bb778940-6310-11e8-aaf5-0f254a0c7eae', '42', null, null), ('bd8b2700-6310-11e8-aaf5-0f254a0c7eae', '0.000000', '0', '0', '0', '0', '0', 'N', '1', null, '2018-05-29 07:20:18', '2018-05-29 07:20:18', 'bb778942-6310-11e8-aaf5-0f254a0c7eae', '42', null, null), ('bd8d70f0-6310-11e8-aaf5-0f254a0c7eae', '1.000000', '20966579', '1419437', '22386016', '1239991', '23626007', 'Y', '1', null, '2018-05-29 07:20:18', '2018-05-29 07:20:18', 'bb778940-6310-11e8-aaf5-0f254a0c7eae', '43', null, null), ('bd8fe1f0-6310-11e8-aaf5-0f254a0c7eae', '0.000000', '0', '0', '0', '0', '0', 'N', '1', null, '2018-05-29 07:20:18', '2018-05-29 07:20:18', 'bb778942-6310-11e8-aaf5-0f254a0c7eae', '43', null, null), ('bd9204d0-6310-11e8-aaf5-0f254a0c7eae', '0.239375', '11617386', '786497', '12403883', '687067', '13090950', 'Y', '1', null, '2018-05-29 07:20:18', '2018-05-29 07:20:18', 'bb778940-6310-11e8-aaf5-0f254a0c7eae', '44', null, null), ('bd9475d0-6310-11e8-aaf5-0f254a0c7eae', '0.760625', '36914776', '2499130', '39413906', '2183188', '41597094', 'N', '1', null, '2018-05-29 07:20:18', '2018-05-29 07:20:18', 'bb778942-6310-11e8-aaf5-0f254a0c7eae', '44', null, null), ('bd970de0-6310-11e8-aaf5-0f254a0c7eae', '0.500000', '4487859', '807815', '5295674', '241759', '5537433', 'Y', '1', null, '2018-05-29 07:20:18', '2018-05-29 07:20:18', 'bb778940-6310-11e8-aaf5-0f254a0c7eae', '45', null, null), ('bd99cd00-6310-11e8-aaf5-0f254a0c7eae', '0.500000', '4487859', '807815', '5295674', '241759', '5537433', 'N', '1', null, '2018-05-29 07:20:18', '2018-05-29 07:20:18', 'bb778942-6310-11e8-aaf5-0f254a0c7eae', '45', null, null), ('bd9c6510-6310-11e8-aaf5-0f254a0c7eae', '0.375000', '3463230', '242426', '3705656', '144360', '3850016', 'Y', '1', null, '2018-05-29 07:20:18', '2018-05-29 07:20:18', 'bb778940-6310-11e8-aaf5-0f254a0c7eae', '46', null, null), ('bd9ed610-6310-11e8-aaf5-0f254a0c7eae', '0.625000', '5772049', '404044', '6176093', '240599', '6416692', 'N', '1', null, '2018-05-29 07:20:18', '2018-05-29 07:20:18', 'bb778942-6310-11e8-aaf5-0f254a0c7eae', '46', null, null), ('bda14710-6310-11e8-aaf5-0f254a0c7eae', '0.500000', '4487859', '807815', '5295674', '241759', '5537433', 'Y', '1', null, '2018-05-29 07:20:18', '2018-05-29 07:20:18', 'bb778940-6310-11e8-aaf5-0f254a0c7eae', '47', null, null), ('bda40630-6310-11e8-aaf5-0f254a0c7eae', '0.500000', '4487859', '807815', '5295674', '241759', '5537433', 'N', '1', null, '2018-05-29 07:20:18', '2018-05-29 07:20:18', 'bb778942-6310-11e8-aaf5-0f254a0c7eae', '47', null, null), ('bda65020-6310-11e8-aaf5-0f254a0c7eae', '0.375000', '3463230', '242426', '3705656', '144360', '3850016', 'Y', '1', null, '2018-05-29 07:20:18', '2018-05-29 07:20:18', 'bb778940-6310-11e8-aaf5-0f254a0c7eae', '48', null, null), ('bda90f40-6310-11e8-aaf5-0f254a0c7eae', '0.625000', '5772049', '404044', '6176093', '240599', '6416692', 'N', '1', null, '2018-05-29 07:20:18', '2018-05-29 07:20:18', 'bb778942-6310-11e8-aaf5-0f254a0c7eae', '48', null, null), ('bdab5930-6310-11e8-aaf5-0f254a0c7eae', '0.500000', '4487859', '807815', '5295674', '241759', '5537433', 'Y', '1', null, '2018-05-29 07:20:18', '2018-05-29 07:20:18', 'bb778940-6310-11e8-aaf5-0f254a0c7eae', '49', null, null), ('bdadca30-6310-11e8-aaf5-0f254a0c7eae', '0.500000', '4487859', '807815', '5295674', '241759', '5537433', 'N', '1', null, '2018-05-29 07:20:18', '2018-05-29 07:20:18', 'bb778942-6310-11e8-aaf5-0f254a0c7eae', '49', null, null), ('bdafed10-6310-11e8-aaf5-0f254a0c7eae', '1.000000', '48103169', '3367222', '51470391', '2005107', '53475498', 'Y', '1', null, '2018-05-29 07:20:18', '2018-05-29 07:20:18', 'bb778940-6310-11e8-aaf5-0f254a0c7eae', '50', null, null), ('bdb20ff0-6310-11e8-aaf5-0f254a0c7eae', '0.000000', '0', '0', '0', '0', '0', 'N', '1', null, '2018-05-29 07:20:18', '2018-05-29 07:20:18', 'bb778942-6310-11e8-aaf5-0f254a0c7eae', '50', null, null), ('bdb432d0-6310-11e8-aaf5-0f254a0c7eae', '1.000000', '95865804', '6490115', '102355919', '5669628', '108025547', 'Y', '1', null, '2018-05-29 07:20:18', '2018-05-29 07:20:18', 'bb778940-6310-11e8-aaf5-0f254a0c7eae', '51', null, null), ('bdb655b0-6310-11e8-aaf5-0f254a0c7eae', '0.000000', '0', '0', '0', '0', '0', 'N', '1', null, '2018-05-29 07:20:18', '2018-05-29 07:20:18', 'bb778942-6310-11e8-aaf5-0f254a0c7eae', '51', null, null), ('bdb85180-6310-11e8-aaf5-0f254a0c7eae', '0.239375', '2210695', '154749', '2365444', '92149', '2457593', 'Y', '1', null, '2018-05-29 07:20:18', '2018-05-29 07:20:18', 'bb778940-6310-11e8-aaf5-0f254a0c7eae', '52', null, null), ('bdba7460-6310-11e8-aaf5-0f254a0c7eae', '0.760625', '7024584', '491721', '7516305', '292809', '7809114', 'N', '1', null, '2018-05-29 07:20:18', '2018-05-29 07:20:18', 'bb778942-6310-11e8-aaf5-0f254a0c7eae', '52', null, null), ('bdbc9740-6310-11e8-aaf5-0f254a0c7eae', '0.299375', '2764812', '193537', '2958349', '115247', '3073596', 'Y', '1', null, '2018-05-29 07:20:18', '2018-05-29 07:20:18', 'bb778940-6310-11e8-aaf5-0f254a0c7eae', '53', null, null), ('bdbf2f50-6310-11e8-aaf5-0f254a0c7eae', '0.700625', '6470467', '452933', '6923400', '269712', '7193112', 'N', '1', null, '2018-05-29 07:20:18', '2018-05-29 07:20:18', 'bb778942-6310-11e8-aaf5-0f254a0c7eae', '53', null, null), ('bdc21581-6310-11e8-aaf5-0f254a0c7eae', '0.120000', '5928623', '401368', '6329991', '350627', '6680618', 'Y', '2', null, '2018-05-29 07:20:18', '2018-05-29 07:20:18', 'bdc21580-6310-11e8-aaf5-0f254a0c7eae', '1', null, null), ('bdc21582-6310-11e8-aaf5-0f254a0c7eae', '0.040000', '7549727', '511117', '8060844', '446501', '8507345', 'Y', '2', null, '2018-05-29 07:20:18', '2018-05-29 07:20:18', 'bdc21580-6310-11e8-aaf5-0f254a0c7eae', '2', null, null), ('bdc21583-6310-11e8-aaf5-0f254a0c7eae', '0.125000', '6800566', '460398', '7260964', '402194', '7663158', 'Y', '2', null, '2018-05-29 07:20:18', '2018-05-29 07:20:18', 'bdc21580-6310-11e8-aaf5-0f254a0c7eae', '3', null, null), ('bdc21584-6310-11e8-aaf5-0f254a0c7eae', '0.250000', '72642357', '4917888', '77560245', '4296163', '81856408', 'Y', '2', null, '2018-05-29 07:20:18', '2018-05-29 07:20:18', 'bdc21580-6310-11e8-aaf5-0f254a0c7eae', '5', null, null), ('bdc21585-6310-11e8-aaf5-0f254a0c7eae', '0.109375', '17805264', '1205416', '19010680', '1053026', '20063706', 'Y', '2', null, '2018-05-29 07:20:18', '2018-05-29 07:20:18', 'bdc21580-6310-11e8-aaf5-0f254a0c7eae', '6', null, null), ('bdc21586-6310-11e8-aaf5-0f254a0c7eae', '1.000000', '65493882', '4433936', '69927818', '3873393', '73801211', 'Y', '2', null, '2018-05-29 07:20:18', '2018-05-29 07:20:18', 'bdc21580-6310-11e8-aaf5-0f254a0c7eae', '7', null, null), ('bdc21587-6310-11e8-aaf5-0f254a0c7eae', '0.250000', '12133041', '821407', '12954448', '717564', '13672012', 'Y', '2', null, '2018-05-29 07:20:18', '2018-05-29 07:20:18', 'bdc21580-6310-11e8-aaf5-0f254a0c7eae', '8', null, null), ('bdc21588-6310-11e8-aaf5-0f254a0c7eae', '0.218750', '34152525', '2312126', '36464651', '2019825', '38484476', 'Y', '2', null, '2018-05-29 07:20:18', '2018-05-29 07:20:18', 'bdc21580-6310-11e8-aaf5-0f254a0c7eae', '9', null, null), ('bdc21589-6310-11e8-aaf5-0f254a0c7eae', '1.000000', '85320661', '5776209', '91096870', '5045975', '96142845', 'Y', '2', null, '2018-05-29 07:20:18', '2018-05-29 07:20:18', 'bdc21580-6310-11e8-aaf5-0f254a0c7eae', '10', null, null), ('bdc2158a-6310-11e8-aaf5-0f254a0c7eae', '0.500000', '33717396', '2282668', '36000064', '1994090', '37994154', 'Y', '2', null, '2018-05-29 07:20:18', '2018-05-29 07:20:18', 'bdc21580-6310-11e8-aaf5-0f254a0c7eae', '11', null, null), ('bdc2158b-6310-11e8-aaf5-0f254a0c7eae', '0.239375', '13511723', '914744', '14426467', '799101', '15225568', 'Y', '2', null, '2018-05-29 07:20:18', '2018-05-29 07:20:18', 'bdc21580-6310-11e8-aaf5-0f254a0c7eae', '12', null, null), ('bdc2158c-6310-11e8-aaf5-0f254a0c7eae', '0.500000', '56900085', '3852136', '60752221', '3365145', '64117366', 'Y', '2', null, '2018-05-29 07:20:18', '2018-05-29 07:20:18', 'bdc21580-6310-11e8-aaf5-0f254a0c7eae', '13', null, null), ('bdc2158d-6310-11e8-aaf5-0f254a0c7eae', '0.625000', '22477863', '1521751', '23999614', '1329370', '25328984', 'Y', '2', null, '2018-05-29 07:20:18', '2018-05-29 07:20:18', 'bdc21580-6310-11e8-aaf5-0f254a0c7eae', '14', null, null), ('bdc2158e-6310-11e8-aaf5-0f254a0c7eae', '1.000000', '72779727', '4927188', '77706915', '4304287', '82011202', 'Y', '2', null, '2018-05-29 07:20:18', '2018-05-29 07:20:18', 'bdc21580-6310-11e8-aaf5-0f254a0c7eae', '15', null, null), ('bdc2158f-6310-11e8-aaf5-0f254a0c7eae', '1.000000', '58057758', '3930510', '61988268', '3433611', '65421879', 'Y', '2', null, '2018-05-29 07:20:18', '2018-05-29 07:20:18', 'bdc21580-6310-11e8-aaf5-0f254a0c7eae', '16', null, null), ('bdc21590-6310-11e8-aaf5-0f254a0c7eae', '0.249375', '13281044', '2390588', '15671632', '715444', '16387076', 'Y', '2', null, '2018-05-29 07:20:18', '2018-05-29 07:20:18', 'bdc21580-6310-11e8-aaf5-0f254a0c7eae', '17', null, null), ('bdc21591-6310-11e8-aaf5-0f254a0c7eae', '0.298750', '23164209', '1568217', '24732426', '1369961', '26102387', 'Y', '2', null, '2018-05-29 07:20:18', '2018-05-29 07:20:18', 'bdc21580-6310-11e8-aaf5-0f254a0c7eae', '18', null, null), ('bdc21592-6310-11e8-aaf5-0f254a0c7eae', '1.000000', '140804076', '9532436', '150336512', '8327336', '158663848', 'Y', '2', null, '2018-05-29 07:20:18', '2018-05-29 07:20:18', 'bdc21580-6310-11e8-aaf5-0f254a0c7eae', '20', null, null), ('bdc21593-6310-11e8-aaf5-0f254a0c7eae', '0.239375', '12394183', '847762', '13241945', '282111', '13524056', 'Y', '2', null, '2018-05-29 07:20:18', '2018-05-29 07:20:18', 'bdc21580-6310-11e8-aaf5-0f254a0c7eae', '21', null, null), ('bdc21594-6310-11e8-aaf5-0f254a0c7eae', '0.437500', '9098331', '615957', '9714288', '538087', '10252375', 'Y', '2', null, '2018-05-29 07:20:18', '2018-05-29 07:20:18', 'bdc21580-6310-11e8-aaf5-0f254a0c7eae', '22', null, null), ('bdc21595-6310-11e8-aaf5-0f254a0c7eae', '0.500000', '32746941', '2216968', '34963909', '1936697', '36900606', 'Y', '2', null, '2018-05-29 07:20:18', '2018-05-29 07:20:18', 'bdc21580-6310-11e8-aaf5-0f254a0c7eae', '23', null, null), ('bdc21596-6310-11e8-aaf5-0f254a0c7eae', '0.250000', '10979348', '0', '10979348', '608160', '11587508', 'Y', '2', null, '2018-05-29 07:20:18', '2018-05-29 07:20:18', 'bdc21580-6310-11e8-aaf5-0f254a0c7eae', '24', null, null), ('bdc21597-6310-11e8-aaf5-0f254a0c7eae', '0.332500', '55878927', '3783003', '59661930', '3304752', '62966682', 'Y', '2', null, '2018-05-29 07:20:18', '2018-05-29 07:20:18', 'bdc21580-6310-11e8-aaf5-0f254a0c7eae', '25', null, null), ('bdc21598-6310-11e8-aaf5-0f254a0c7eae', '0.500000', '51679454', '3498699', '55178153', '3056390', '58234543', 'Y', '2', null, '2018-05-29 07:20:18', '2018-05-29 07:20:18', 'bdc21580-6310-11e8-aaf5-0f254a0c7eae', '26', null, null), ('bdc21599-6310-11e8-aaf5-0f254a0c7eae', '0.291875', '12818388', '867805', '13686193', '758096', '14444289', 'Y', '2', null, '2018-05-29 07:20:18', '2018-05-29 07:20:18', 'bdc21580-6310-11e8-aaf5-0f254a0c7eae', '28', null, null), ('bdc2159a-6310-11e8-aaf5-0f254a0c7eae', '1.000000', '20966579', '1419437', '22386016', '1239991', '23626007', 'Y', '2', null, '2018-05-29 07:20:18', '2018-05-29 07:20:18', 'bdc21580-6310-11e8-aaf5-0f254a0c7eae', '29', null, null), ('bdc2159b-6310-11e8-aaf5-0f254a0c7eae', '1.000000', '72779727', '4927188', '77706915', '4304287', '82011202', 'Y', '2', null, '2018-05-29 07:20:18', '2018-05-29 07:20:18', 'bdc21580-6310-11e8-aaf5-0f254a0c7eae', '30', null, null), ('bdc2159c-6310-11e8-aaf5-0f254a0c7eae', '1.000000', '68922027', '4666021', '73588048', '4076138', '77664186', 'Y', '2', null, '2018-05-29 07:20:18', '2018-05-29 07:20:18', 'bdc21580-6310-11e8-aaf5-0f254a0c7eae', '31', null, null), ('bdc2159d-6310-11e8-aaf5-0f254a0c7eae', '0.937500', '114026282', '7719579', '121745861', '6743662', '128489523', 'Y', '2', null, '2018-05-29 07:20:18', '2018-05-29 07:20:18', 'bdc21580-6310-11e8-aaf5-0f254a0c7eae', '33', null, null), ('bdc2159e-6310-11e8-aaf5-0f254a0c7eae', '0.487500', '86865151', '5880771', '92745922', '5137318', '97883240', 'Y', '2', null, '2018-05-29 07:20:18', '2018-05-29 07:20:18', 'bdc21580-6310-11e8-aaf5-0f254a0c7eae', '34', null, null), ('bdc2159f-6310-11e8-aaf5-0f254a0c7eae', '0.500000', '24172675', '1636490', '25809165', '1429603', '27238768', 'Y', '2', null, '2018-05-29 07:20:18', '2018-05-29 07:20:18', 'bdc21580-6310-11e8-aaf5-0f254a0c7eae', '35', null, null), ('bdc215a0-6310-11e8-aaf5-0f254a0c7eae', '0.312500', '30762792', '2082641', '32845433', '1819351', '34664784', 'Y', '2', null, '2018-05-29 07:20:18', '2018-05-29 07:20:18', 'bdc21580-6310-11e8-aaf5-0f254a0c7eae', '36', null, null), ('bdc215a1-6310-11e8-aaf5-0f254a0c7eae', '0.239375', '33998249', '2301681', '36299930', '2010701', '38310631', 'Y', '2', null, '2018-05-29 07:20:18', '2018-05-29 07:20:18', 'bdc21580-6310-11e8-aaf5-0f254a0c7eae', '37', null, null), ('bdc215a2-6310-11e8-aaf5-0f254a0c7eae', '0.500000', '52841321', '3577358', '56418679', '3125104', '59543783', 'Y', '2', null, '2018-05-29 07:20:18', '2018-05-29 07:20:18', 'bdc21580-6310-11e8-aaf5-0f254a0c7eae', '38', null, null), ('bdc215a3-6310-11e8-aaf5-0f254a0c7eae', '0.030625', '642101', '43470', '685571', '37975', '723546', 'Y', '2', null, '2018-05-29 07:20:18', '2018-05-29 07:20:18', 'bdc21580-6310-11e8-aaf5-0f254a0c7eae', '39', null, null), ('bdc215a4-6310-11e8-aaf5-0f254a0c7eae', '0.500000', '89518445', '6060399', '95578844', '5294237', '100873081', 'Y', '2', null, '2018-05-29 07:20:18', '2018-05-29 07:20:18', 'bdc21580-6310-11e8-aaf5-0f254a0c7eae', '40', null, null), ('bdc215a5-6310-11e8-aaf5-0f254a0c7eae', '1.000000', '20966579', '1419437', '22386016', '1239991', '23626007', 'Y', '2', null, '2018-05-29 07:20:18', '2018-05-29 07:20:18', 'bdc21580-6310-11e8-aaf5-0f254a0c7eae', '41', null, null), ('bdc215a6-6310-11e8-aaf5-0f254a0c7eae', '1.000000', '20966579', '1419437', '22386016', '1239991', '23626007', 'Y', '2', null, '2018-05-29 07:20:18', '2018-05-29 07:20:18', 'bdc21580-6310-11e8-aaf5-0f254a0c7eae', '42', null, null), ('bdc215a7-6310-11e8-aaf5-0f254a0c7eae', '1.000000', '20966579', '1419437', '22386016', '1239991', '23626007', 'Y', '2', null, '2018-05-29 07:20:18', '2018-05-29 07:20:18', 'bdc21580-6310-11e8-aaf5-0f254a0c7eae', '43', null, null), ('bdc215a8-6310-11e8-aaf5-0f254a0c7eae', '0.239375', '11617386', '786497', '12403883', '687067', '13090950', 'Y', '2', null, '2018-05-29 07:20:18', '2018-05-29 07:20:18', 'bdc21580-6310-11e8-aaf5-0f254a0c7eae', '44', null, null), ('bdc215a9-6310-11e8-aaf5-0f254a0c7eae', '0.500000', '4487859', '807815', '5295674', '241759', '5537433', 'Y', '2', null, '2018-05-29 07:20:18', '2018-05-29 07:20:18', 'bdc21580-6310-11e8-aaf5-0f254a0c7eae', '45', null, null), ('bdc215aa-6310-11e8-aaf5-0f254a0c7eae', '0.375000', '3463230', '242426', '3705656', '144360', '3850016', 'Y', '2', null, '2018-05-29 07:20:18', '2018-05-29 07:20:18', 'bdc21580-6310-11e8-aaf5-0f254a0c7eae', '46', null, null), ('bdc215ab-6310-11e8-aaf5-0f254a0c7eae', '0.500000', '4487859', '807815', '5295674', '241759', '5537433', 'Y', '2', null, '2018-05-29 07:20:18', '2018-05-29 07:20:18', 'bdc21580-6310-11e8-aaf5-0f254a0c7eae', '47', null, null), ('bdc215ac-6310-11e8-aaf5-0f254a0c7eae', '0.375000', '3463230', '242426', '3705656', '144360', '3850016', 'Y', '2', null, '2018-05-29 07:20:18', '2018-05-29 07:20:18', 'bdc21580-6310-11e8-aaf5-0f254a0c7eae', '48', null, null), ('bdc215ad-6310-11e8-aaf5-0f254a0c7eae', '0.500000', '4487859', '807815', '5295674', '241759', '5537433', 'Y', '2', null, '2018-05-29 07:20:18', '2018-05-29 07:20:18', 'bdc21580-6310-11e8-aaf5-0f254a0c7eae', '49', null, null), ('bdc215ae-6310-11e8-aaf5-0f254a0c7eae', '1.000000', '48103169', '3367222', '51470391', '2005107', '53475498', 'Y', '2', null, '2018-05-29 07:20:18', '2018-05-29 07:20:18', 'bdc21580-6310-11e8-aaf5-0f254a0c7eae', '50', null, null), ('bdc215af-6310-11e8-aaf5-0f254a0c7eae', '1.000000', '95865804', '6490115', '102355919', '5669628', '108025547', 'Y', '2', null, '2018-05-29 07:20:18', '2018-05-29 07:20:18', 'bdc21580-6310-11e8-aaf5-0f254a0c7eae', '51', null, null), ('bdc215b0-6310-11e8-aaf5-0f254a0c7eae', '0.239375', '2210695', '154749', '2365444', '92149', '2457593', 'Y', '2', null, '2018-05-29 07:20:18', '2018-05-29 07:20:18', 'bdc21580-6310-11e8-aaf5-0f254a0c7eae', '52', null, null), ('bdc215b1-6310-11e8-aaf5-0f254a0c7eae', '0.299375', '2764812', '193537', '2958349', '115247', '3073596', 'Y', '2', null, '2018-05-29 07:20:18', '2018-05-29 07:20:18', 'bdc21580-6310-11e8-aaf5-0f254a0c7eae', '53', null, null), ('bdc23c90-6310-11e8-aaf5-0f254a0c7eae', '0.880000', '43476572', '2943364', '46419936', '2571261', '48991197', 'Y', '2', null, '2018-05-29 07:20:18', '2018-05-29 07:20:18', 'bdc215b3-6310-11e8-aaf5-0f254a0c7eae', '1', null, null), ('bdc23c91-6310-11e8-aaf5-0f254a0c7eae', '0.960000', '181193447', '12266796', '193460243', '10716015', '204176258', 'Y', '2', null, '2018-05-29 07:20:18', '2018-05-29 07:20:18', 'bdc215b3-6310-11e8-aaf5-0f254a0c7eae', '2', null, null), ('bdc23c92-6310-11e8-aaf5-0f254a0c7eae', '0.875000', '47603964', '3222789', '50826753', '2815360', '53642113', 'Y', '2', null, '2018-05-29 07:20:18', '2018-05-29 07:20:18', 'bdc215b3-6310-11e8-aaf5-0f254a0c7eae', '3', null, null), ('bdc23c93-6310-11e8-aaf5-0f254a0c7eae', '0.750000', '217927070', '14753663', '232680733', '12888489', '245569222', 'Y', '2', null, '2018-05-29 07:20:18', '2018-05-29 07:20:18', 'bdc215b3-6310-11e8-aaf5-0f254a0c7eae', '5', null, null), ('bdc23c94-6310-11e8-aaf5-0f254a0c7eae', '0.890625', '144985723', '9815534', '154801257', '8574643', '163375900', 'Y', '2', null, '2018-05-29 07:20:18', '2018-05-29 07:20:18', 'bdc215b3-6310-11e8-aaf5-0f254a0c7eae', '6', null, null), ('bdc23c95-6310-11e8-aaf5-0f254a0c7eae', '0.000000', '0', '0', '0', '0', '0', 'Y', '2', null, '2018-05-29 07:20:18', '2018-05-29 07:20:18', 'bdc215b3-6310-11e8-aaf5-0f254a0c7eae', '7', null, null), ('bdc23c96-6310-11e8-aaf5-0f254a0c7eae', '0.750000', '36399122', '2464220', '38863342', '2152691', '41016033', 'Y', '2', null, '2018-05-29 07:20:18', '2018-05-29 07:20:18', 'bdc215b3-6310-11e8-aaf5-0f254a0c7eae', '8', null, null), ('bdc23c97-6310-11e8-aaf5-0f254a0c7eae', '0.781250', '121973302', '8257592', '130230894', '7213659', '137444553', 'Y', '2', null, '2018-05-29 07:20:18', '2018-05-29 07:20:18', 'bdc215b3-6310-11e8-aaf5-0f254a0c7eae', '9', null, null), ('bdc23c98-6310-11e8-aaf5-0f254a0c7eae', '0.000000', '0', '0', '0', '0', '0', 'Y', '2', null, '2018-05-29 07:20:18', '2018-05-29 07:20:18', 'bdc215b3-6310-11e8-aaf5-0f254a0c7eae', '10', null, null), ('bdc23c99-6310-11e8-aaf5-0f254a0c7eae', '0.500000', '33717396', '2282668', '36000064', '1994090', '37994154', 'Y', '2', null, '2018-05-29 07:20:18', '2018-05-29 07:20:18', 'bdc215b3-6310-11e8-aaf5-0f254a0c7eae', '11', null, null), ('bdc23c9a-6310-11e8-aaf5-0f254a0c7eae', '0.760625', '42934116', '2906639', '45840755', '2539179', '48379934', 'Y', '2', null, '2018-05-29 07:20:18', '2018-05-29 07:20:18', 'bdc215b3-6310-11e8-aaf5-0f254a0c7eae', '12', null, null), ('bdc23c9b-6310-11e8-aaf5-0f254a0c7eae', '0.500000', '56900085', '3852136', '60752221', '3365145', '64117366', 'Y', '2', null, '2018-05-29 07:20:18', '2018-05-29 07:20:18', 'bdc215b3-6310-11e8-aaf5-0f254a0c7eae', '13', null, null), ('bdc23c9c-6310-11e8-aaf5-0f254a0c7eae', '0.375000', '13486718', '913051', '14399769', '797622', '15197391', 'Y', '2', null, '2018-05-29 07:20:18', '2018-05-29 07:20:18', 'bdc215b3-6310-11e8-aaf5-0f254a0c7eae', '14', null, null), ('bdc23c9d-6310-11e8-aaf5-0f254a0c7eae', '0.000000', '0', '0', '0', '0', '0', 'Y', '2', null, '2018-05-29 07:20:18', '2018-05-29 07:20:18', 'bdc215b3-6310-11e8-aaf5-0f254a0c7eae', '15', null, null), ('bdc23c9e-6310-11e8-aaf5-0f254a0c7eae', '0.000000', '0', '0', '0', '0', '0', 'Y', '2', null, '2018-05-29 07:20:18', '2018-05-29 07:20:18', 'bdc215b3-6310-11e8-aaf5-0f254a0c7eae', '16', null, null), ('bdc23c9f-6310-11e8-aaf5-0f254a0c7eae', '0.750625', '39976276', '7195730', '47172006', '2153505', '49325511', 'Y', '2', null, '2018-05-29 07:20:18', '2018-05-29 07:20:18', 'bdc215b3-6310-11e8-aaf5-0f254a0c7eae', '17', null, null), ('bdc23ca0-6310-11e8-aaf5-0f254a0c7eae', '0.701250', '54372893', '3681045', '58053938', '3215683', '61269621', 'Y', '2', null, '2018-05-29 07:20:18', '2018-05-29 07:20:18', 'bdc215b3-6310-11e8-aaf5-0f254a0c7eae', '18', null, null), ('bdc23ca1-6310-11e8-aaf5-0f254a0c7eae', '0.000000', '0', '0', '0', '0', '0', 'Y', '2', null, '2018-05-29 07:20:18', '2018-05-29 07:20:18', 'bdc215b3-6310-11e8-aaf5-0f254a0c7eae', '20', null, null), ('bdc23ca2-6310-11e8-aaf5-0f254a0c7eae', '0.760625', '39383082', '2693803', '42076885', '896421', '42973306', 'Y', '2', null, '2018-05-29 07:20:18', '2018-05-29 07:20:18', 'bdc215b3-6310-11e8-aaf5-0f254a0c7eae', '21', null, null), ('bdc23ca3-6310-11e8-aaf5-0f254a0c7eae', '0.562500', '11697855', '791945', '12489800', '691826', '13181626', 'Y', '2', null, '2018-05-29 07:20:18', '2018-05-29 07:20:18', 'bdc215b3-6310-11e8-aaf5-0f254a0c7eae', '22', null, null), ('bdc23ca4-6310-11e8-aaf5-0f254a0c7eae', '0.500000', '32746941', '2216968', '34963909', '1936697', '36900606', 'Y', '2', null, '2018-05-29 07:20:18', '2018-05-29 07:20:18', 'bdc215b3-6310-11e8-aaf5-0f254a0c7eae', '23', null, null), ('bdc23ca5-6310-11e8-aaf5-0f254a0c7eae', '0.750000', '32938043', '0', '32938043', '1824481', '34762524', 'Y', '2', null, '2018-05-29 07:20:18', '2018-05-29 07:20:18', 'bdc215b3-6310-11e8-aaf5-0f254a0c7eae', '24', null, null), ('bdc23ca6-6310-11e8-aaf5-0f254a0c7eae', '0.667500', '112177995', '7594451', '119772446', '6634352', '126406798', 'Y', '2', null, '2018-05-29 07:20:18', '2018-05-29 07:20:18', 'bdc215b3-6310-11e8-aaf5-0f254a0c7eae', '25', null, null), ('bdc23ca7-6310-11e8-aaf5-0f254a0c7eae', '0.500000', '51679454', '3498699', '55178153', '3056390', '58234543', 'Y', '2', null, '2018-05-29 07:20:18', '2018-05-29 07:20:18', 'bdc215b3-6310-11e8-aaf5-0f254a0c7eae', '26', null, null), ('bdc23ca8-6310-11e8-aaf5-0f254a0c7eae', '0.708125', '31099003', '2105402', '33204405', '1839235', '35043640', 'Y', '2', null, '2018-05-29 07:20:18', '2018-05-29 07:20:18', 'bdc215b3-6310-11e8-aaf5-0f254a0c7eae', '28', null, null), ('bdc23ca9-6310-11e8-aaf5-0f254a0c7eae', '0.000000', '0', '0', '0', '0', '0', 'Y', '2', null, '2018-05-29 07:20:18', '2018-05-29 07:20:18', 'bdc215b3-6310-11e8-aaf5-0f254a0c7eae', '29', null, null), ('bdc23caa-6310-11e8-aaf5-0f254a0c7eae', '0.000000', '0', '0', '0', '0', '0', 'Y', '2', null, '2018-05-29 07:20:18', '2018-05-29 07:20:18', 'bdc215b3-6310-11e8-aaf5-0f254a0c7eae', '30', null, null), ('bdc23cab-6310-11e8-aaf5-0f254a0c7eae', '0.000000', '0', '0', '0', '0', '0', 'Y', '2', null, '2018-05-29 07:20:18', '2018-05-29 07:20:18', 'bdc215b3-6310-11e8-aaf5-0f254a0c7eae', '31', null, null), ('bdc23cac-6310-11e8-aaf5-0f254a0c7eae', '0.062500', '7601752', '514639', '8116391', '449577', '8565968', 'Y', '2', null, '2018-05-29 07:20:18', '2018-05-29 07:20:18', 'bdc215b3-6310-11e8-aaf5-0f254a0c7eae', '33', null, null), ('bdc23cad-6310-11e8-aaf5-0f254a0c7eae', '0.512500', '91319775', '6182348', '97502123', '5400770', '102902893', 'Y', '2', null, '2018-05-29 07:20:18', '2018-05-29 07:20:18', 'bdc215b3-6310-11e8-aaf5-0f254a0c7eae', '34', null, null), ('bdc23cae-6310-11e8-aaf5-0f254a0c7eae', '0.500000', '24172675', '1636490', '25809165', '1429603', '27238768', 'Y', '2', null, '2018-05-29 07:20:18', '2018-05-29 07:20:18', 'bdc215b3-6310-11e8-aaf5-0f254a0c7eae', '35', null, null), ('bdc23caf-6310-11e8-aaf5-0f254a0c7eae', '0.687500', '67678143', '4581810', '72259953', '4002573', '76262526', 'Y', '2', null, '2018-05-29 07:20:18', '2018-05-29 07:20:18', 'bdc215b3-6310-11e8-aaf5-0f254a0c7eae', '36', null, null), ('bdc23cb0-6310-11e8-aaf5-0f254a0c7eae', '0.760625', '108030990', '7313698', '115344688', '6389093', '121733781', 'Y', '2', null, '2018-05-29 07:20:18', '2018-05-29 07:20:18', 'bdc215b3-6310-11e8-aaf5-0f254a0c7eae', '37', null, null), ('bdc23cb1-6310-11e8-aaf5-0f254a0c7eae', '0.500000', '52841321', '3577358', '56418679', '3125104', '59543783', 'Y', '2', null, '2018-05-29 07:20:18', '2018-05-29 07:20:18', 'bdc215b3-6310-11e8-aaf5-0f254a0c7eae', '38', null, null), ('bdc23cb2-6310-11e8-aaf5-0f254a0c7eae', '0.969375', '20324478', '1375967', '21700445', '1202016', '22902461', 'Y', '2', null, '2018-05-29 07:20:18', '2018-05-29 07:20:18', 'bdc215b3-6310-11e8-aaf5-0f254a0c7eae', '39', null, null), ('bdc23cb3-6310-11e8-aaf5-0f254a0c7eae', '0.500000', '89518445', '6060399', '95578844', '5294237', '100873081', 'Y', '2', null, '2018-05-29 07:20:18', '2018-05-29 07:20:18', 'bdc215b3-6310-11e8-aaf5-0f254a0c7eae', '40', null, null), ('bdc23cb4-6310-11e8-aaf5-0f254a0c7eae', '0.000000', '0', '0', '0', '0', '0', 'Y', '2', null, '2018-05-29 07:20:18', '2018-05-29 07:20:18', 'bdc215b3-6310-11e8-aaf5-0f254a0c7eae', '41', null, null), ('bdc23cb5-6310-11e8-aaf5-0f254a0c7eae', '0.000000', '0', '0', '0', '0', '0', 'Y', '2', null, '2018-05-29 07:20:18', '2018-05-29 07:20:18', 'bdc215b3-6310-11e8-aaf5-0f254a0c7eae', '42', null, null), ('bdc23cb6-6310-11e8-aaf5-0f254a0c7eae', '0.000000', '0', '0', '0', '0', '0', 'Y', '2', null, '2018-05-29 07:20:18', '2018-05-29 07:20:18', 'bdc215b3-6310-11e8-aaf5-0f254a0c7eae', '43', null, null), ('bdc23cb7-6310-11e8-aaf5-0f254a0c7eae', '0.760625', '36914776', '2499130', '39413906', '2183188', '41597094', 'Y', '2', null, '2018-05-29 07:20:18', '2018-05-29 07:20:18', 'bdc215b3-6310-11e8-aaf5-0f254a0c7eae', '44', null, null), ('bdc23cb8-6310-11e8-aaf5-0f254a0c7eae', '0.500000', '4487859', '807815', '5295674', '241759', '5537433', 'Y', '2', null, '2018-05-29 07:20:18', '2018-05-29 07:20:18', 'bdc215b3-6310-11e8-aaf5-0f254a0c7eae', '45', null, null), ('bdc23cb9-6310-11e8-aaf5-0f254a0c7eae', '0.625000', '5772049', '404044', '6176093', '240599', '6416692', 'Y', '2', null, '2018-05-29 07:20:18', '2018-05-29 07:20:18', 'bdc215b3-6310-11e8-aaf5-0f254a0c7eae', '46', null, null), ('bdc23cba-6310-11e8-aaf5-0f254a0c7eae', '0.500000', '4487859', '807815', '5295674', '241759', '5537433', 'Y', '2', null, '2018-05-29 07:20:18', '2018-05-29 07:20:18', 'bdc215b3-6310-11e8-aaf5-0f254a0c7eae', '47', null, null), ('bdc23cbb-6310-11e8-aaf5-0f254a0c7eae', '0.625000', '5772049', '404044', '6176093', '240599', '6416692', 'Y', '2', null, '2018-05-29 07:20:18', '2018-05-29 07:20:18', 'bdc215b3-6310-11e8-aaf5-0f254a0c7eae', '48', null, null), ('bdc23cbc-6310-11e8-aaf5-0f254a0c7eae', '0.500000', '4487859', '807815', '5295674', '241759', '5537433', 'Y', '2', null, '2018-05-29 07:20:18', '2018-05-29 07:20:18', 'bdc215b3-6310-11e8-aaf5-0f254a0c7eae', '49', null, null), ('bdc23cbd-6310-11e8-aaf5-0f254a0c7eae', '0.000000', '0', '0', '0', '0', '0', 'Y', '2', null, '2018-05-29 07:20:18', '2018-05-29 07:20:18', 'bdc215b3-6310-11e8-aaf5-0f254a0c7eae', '50', null, null), ('bdc23cbe-6310-11e8-aaf5-0f254a0c7eae', '0.000000', '0', '0', '0', '0', '0', 'Y', '2', null, '2018-05-29 07:20:18', '2018-05-29 07:20:18', 'bdc215b3-6310-11e8-aaf5-0f254a0c7eae', '51', null, null), ('bdc23cbf-6310-11e8-aaf5-0f254a0c7eae', '0.760625', '7024584', '491721', '7516305', '292809', '7809114', 'Y', '2', null, '2018-05-29 07:20:18', '2018-05-29 07:20:18', 'bdc215b3-6310-11e8-aaf5-0f254a0c7eae', '52', null, null), ('bdc23cc0-6310-11e8-aaf5-0f254a0c7eae', '0.700625', '6470467', '452933', '6923400', '269712', '7193112', 'Y', '2', null, '2018-05-29 07:20:18', '2018-05-29 07:20:18', 'bdc215b3-6310-11e8-aaf5-0f254a0c7eae', '53', null, null);
COMMIT;

-- ----------------------------
--  Table structure for `staff`
-- ----------------------------
DROP TABLE IF EXISTS `staff`;
CREATE TABLE `staff` (
  `id` char(36) CHARACTER SET utf8 COLLATE utf8_bin NOT NULL,
  `name` varchar(255) COLLATE utf8_unicode_ci NOT NULL,
  `gender` enum('Male','Female') COLLATE utf8_unicode_ci DEFAULT NULL,
  `location` enum('Local','Expat','Common') COLLATE utf8_unicode_ci DEFAULT NULL,
  `skillLevel` enum('High','Middle','Low') COLLATE utf8_unicode_ci DEFAULT NULL,
  `staffType` enum('Regular','Freelancer') COLLATE utf8_unicode_ci NOT NULL,
  `flowStatus` enum('Onboarded','Transferring','Leaving','Left','Extending') COLLATE utf8_unicode_ci NOT NULL,
  `status` int(11) DEFAULT '1',
  `remark` varchar(255) COLLATE utf8_unicode_ci DEFAULT NULL,
  `createdAt` datetime NOT NULL,
  `updatedAt` datetime NOT NULL,
  `companyId` varchar(255) COLLATE utf8_unicode_ci DEFAULT NULL,
  `currencyId` varchar(255) COLLATE utf8_unicode_ci DEFAULT NULL,
  `officeId` varchar(255) COLLATE utf8_unicode_ci DEFAULT NULL,
  `teamId` char(36) CHARACTER SET utf8 COLLATE utf8_bin DEFAULT NULL,
  `titleId` varchar(255) COLLATE utf8_unicode_ci DEFAULT NULL,
  `stdPosId` char(36) CHARACTER SET utf8 COLLATE utf8_bin DEFAULT NULL,
  `stdPosDetailId` char(36) CHARACTER SET utf8 COLLATE utf8_bin DEFAULT NULL,
  `createdUsr` varchar(255) COLLATE utf8_unicode_ci DEFAULT NULL,
  `updatedUsr` varchar(255) COLLATE utf8_unicode_ci DEFAULT NULL,
  PRIMARY KEY (`id`),
  UNIQUE KEY `name` (`name`),
  UNIQUE KEY `staff_name_unique` (`name`),
  KEY `companyId` (`companyId`),
  KEY `currencyId` (`currencyId`),
  KEY `officeId` (`officeId`),
  KEY `teamId` (`teamId`),
  KEY `titleId` (`titleId`),
  KEY `stdPosId` (`stdPosId`),
  KEY `stdPosDetailId` (`stdPosDetailId`),
  KEY `createdUsr` (`createdUsr`),
  KEY `updatedUsr` (`updatedUsr`),
  KEY `staff_name` (`name`) USING BTREE,
  KEY `staff_location` (`location`) USING BTREE,
  KEY `staff_staff_type` (`staffType`) USING BTREE,
  KEY `staff_status` (`status`) USING BTREE,
  CONSTRAINT `staff_ibfk_1` FOREIGN KEY (`companyId`) REFERENCES `company` (`id`) ON DELETE SET NULL ON UPDATE CASCADE,
  CONSTRAINT `staff_ibfk_2` FOREIGN KEY (`currencyId`) REFERENCES `currency` (`id`) ON DELETE SET NULL ON UPDATE CASCADE,
  CONSTRAINT `staff_ibfk_3` FOREIGN KEY (`officeId`) REFERENCES `office` (`id`) ON DELETE SET NULL ON UPDATE CASCADE,
  CONSTRAINT `staff_ibfk_4` FOREIGN KEY (`teamId`) REFERENCES `team` (`id`) ON DELETE SET NULL ON UPDATE CASCADE,
  CONSTRAINT `staff_ibfk_5` FOREIGN KEY (`titleId`) REFERENCES `title` (`id`) ON DELETE SET NULL ON UPDATE CASCADE,
  CONSTRAINT `staff_ibfk_6` FOREIGN KEY (`stdPosId`) REFERENCES `stdPos` (`id`) ON DELETE SET NULL ON UPDATE CASCADE,
  CONSTRAINT `staff_ibfk_7` FOREIGN KEY (`stdPosDetailId`) REFERENCES `stdPosDetail` (`id`) ON DELETE SET NULL ON UPDATE CASCADE,
  CONSTRAINT `staff_ibfk_8` FOREIGN KEY (`createdUsr`) REFERENCES `account` (`id`) ON DELETE SET NULL ON UPDATE CASCADE,
  CONSTRAINT `staff_ibfk_9` FOREIGN KEY (`updatedUsr`) REFERENCES `account` (`id`) ON DELETE SET NULL ON UPDATE CASCADE
) ENGINE=InnoDB DEFAULT CHARSET=utf8 COLLATE=utf8_unicode_ci;

-- ----------------------------
--  Records of `staff`
-- ----------------------------
BEGIN;
INSERT INTO `staff` VALUES ('bb3417a0-6310-11e8-aaf5-0f254a0c7eae', 'Lily Zheng', 'Female', 'Local', 'High', 'Regular', 'Onboarded', '1', null, '2018-05-29 07:20:14', '2018-05-29 07:20:14', 'GTB SH', 'RMB', 'Shanghai Offsite', 'bb078964-6310-11e8-aaf5-0f254a0c7eae', 'Account Manager', '4', 'bb1a9c41-6310-11e8-aaf5-0f254a0c7eae', null, null), ('bb343eb0-6310-11e8-aaf5-0f254a0c7eae', 'June Yang', 'Female', 'Expat', 'Low', 'Regular', 'Onboarded', '1', null, '2018-05-29 07:20:14', '2018-05-29 07:20:14', 'GTB SH', 'RMB', 'Shanghai Offsite', 'bb078969-6310-11e8-aaf5-0f254a0c7eae', 'Media Planning Director', '8', 'bb1a9c49-6310-11e8-aaf5-0f254a0c7eae', null, null), ('bb343eb1-6310-11e8-aaf5-0f254a0c7eae', 'Lena Kong', 'Female', 'Local', 'Middle', 'Regular', 'Onboarded', '1', null, '2018-05-29 07:20:14', '2018-05-29 07:20:14', 'GTB SH', 'RMB', 'Shanghai Offsite', 'bb078961-6310-11e8-aaf5-0f254a0c7eae', 'Senior Account Manager', '9', 'bb1a9c4b-6310-11e8-aaf5-0f254a0c7eae', null, null), ('bb343eb2-6310-11e8-aaf5-0f254a0c7eae', 'Irene Zhang', 'Female', 'Local', 'Middle', 'Regular', 'Onboarded', '1', null, '2018-05-29 07:20:14', '2018-05-29 07:20:14', 'GTB SH', 'RMB', 'Shanghai Offsite', 'bb078970-6310-11e8-aaf5-0f254a0c7eae', 'Senior Office Manager', '13', 'bb1a9c53-6310-11e8-aaf5-0f254a0c7eae', null, null), ('bb3465c0-6310-11e8-aaf5-0f254a0c7eae', 'Helen Guan', 'Female', 'Local', 'Middle', 'Regular', 'Onboarded', '1', null, '2018-05-29 07:20:14', '2018-05-29 07:20:14', 'GTB SH', 'RMB', 'Shanghai Offsite', 'bb078962-6310-11e8-aaf5-0f254a0c7eae', 'Account Director', '14', 'bb1a9c55-6310-11e8-aaf5-0f254a0c7eae', null, null), ('bb3465c1-6310-11e8-aaf5-0f254a0c7eae', 'May Wang', 'Female', 'Expat', 'Low', 'Regular', 'Onboarded', '1', null, '2018-05-29 07:20:14', '2018-05-29 07:20:14', 'GTB SH', 'RMB', 'Shanghai Offsite', 'bb078961-6310-11e8-aaf5-0f254a0c7eae', 'Senior Account Director', '18', 'bb1a9c5e-6310-11e8-aaf5-0f254a0c7eae', null, null), ('bb3465c2-6310-11e8-aaf5-0f254a0c7eae', 'Vincent Cui', 'Male', 'Expat', 'Middle', 'Regular', 'Onboarded', '1', null, '2018-05-29 07:20:14', '2018-05-29 07:20:14', 'GTB SH', 'RMB', 'Shanghai Offsite', 'bb078961-6310-11e8-aaf5-0f254a0c7eae', 'Associate Account Director', '22', 'bb1a9c66-6310-11e8-aaf5-0f254a0c7eae', null, null), ('bb3465c3-6310-11e8-aaf5-0f254a0c7eae', 'Sharon Li', 'Female', 'Expat', 'High', 'Regular', 'Onboarded', '1', null, '2018-05-29 07:20:14', '2018-05-29 07:20:14', 'GTB SH', 'RMB', 'Shanghai Offsite', 'bb078963-6310-11e8-aaf5-0f254a0c7eae', 'Senior Account Manager', '11', 'bb1a9c4f-6310-11e8-aaf5-0f254a0c7eae', null, null), ('bb3465c4-6310-11e8-aaf5-0f254a0c7eae', 'Jason Zhou', 'Male', 'Local', 'Middle', 'Regular', 'Onboarded', '1', null, '2018-05-29 07:20:14', '2018-05-29 07:20:14', 'GTB SH', 'RMB', 'Shanghai Offsite', 'bb078967-6310-11e8-aaf5-0f254a0c7eae', 'Platform Lead', '25', 'bb1a9c6c-6310-11e8-aaf5-0f254a0c7eae', null, null), ('bb3465c5-6310-11e8-aaf5-0f254a0c7eae', 'Diane Dong', 'Male', 'Local', 'Middle', 'Regular', 'Onboarded', '1', null, '2018-05-29 07:20:14', '2018-05-29 07:20:14', 'GTB SH', 'RMB', 'Shanghai Offsite', 'bb078965-6310-11e8-aaf5-0f254a0c7eae', 'Creative Director', '26', 'bb1a9c6f-6310-11e8-aaf5-0f254a0c7eae', null, null), ('bb3465c6-6310-11e8-aaf5-0f254a0c7eae', 'Hunter Huang', 'Male', 'Expat', 'Middle', 'Regular', 'Onboarded', '1', null, '2018-05-29 07:20:14', '2018-05-29 07:20:14', 'GTB SH', 'RMB', 'Shanghai Offsite', 'bb078967-6310-11e8-aaf5-0f254a0c7eae', 'Platform Manager', '28', 'bb1a9c72-6310-11e8-aaf5-0f254a0c7eae', null, null), ('bb3465c7-6310-11e8-aaf5-0f254a0c7eae', 'Maple Shen', 'Female', 'Local', 'Low', 'Regular', 'Onboarded', '1', null, '2018-05-29 07:20:14', '2018-05-29 07:20:14', 'GTB SH', 'RMB', 'Shanghai Offsite', 'bb07896e-6310-11e8-aaf5-0f254a0c7eae', 'Data Manager', '29', 'bb1a9c75-6310-11e8-aaf5-0f254a0c7eae', null, null), ('bb3465c8-6310-11e8-aaf5-0f254a0c7eae', 'James Hou', 'Male', 'Local', 'High', 'Regular', 'Onboarded', '1', null, '2018-05-29 07:20:14', '2018-05-29 07:20:14', 'GTB SH', 'RMB', 'Shanghai Offsite', 'bb078965-6310-11e8-aaf5-0f254a0c7eae', 'Digital Designer', '30', 'bb1ac341-6310-11e8-aaf5-0f254a0c7eae', null, null), ('bb3465c9-6310-11e8-aaf5-0f254a0c7eae', 'Ice Li', 'Female', 'Local', 'Middle', 'Regular', 'Onboarded', '1', null, '2018-05-29 07:20:14', '2018-05-29 07:20:14', 'GTB SH', 'RMB', 'Shanghai Offsite', 'bb078965-6310-11e8-aaf5-0f254a0c7eae', 'Creative Service Manager', '32', 'bb1ac345-6310-11e8-aaf5-0f254a0c7eae', null, null), ('bb3465ca-6310-11e8-aaf5-0f254a0c7eae', 'Tracy Li', 'Female', 'Local', 'Middle', 'Regular', 'Onboarded', '1', null, '2018-05-29 07:20:14', '2018-05-29 07:20:14', 'GTB SH', 'RMB', 'Shanghai Offsite', 'bb078963-6310-11e8-aaf5-0f254a0c7eae', 'Associate Account Director', '23', 'bb1a9c68-6310-11e8-aaf5-0f254a0c7eae', null, null), ('bb3465cb-6310-11e8-aaf5-0f254a0c7eae', 'Catherine Luo', 'Female', 'Local', 'High', 'Regular', 'Onboarded', '1', null, '2018-05-29 07:20:14', '2018-05-29 07:20:14', 'GTB SH', 'RMB', 'Shanghai Offsite', 'bb078965-6310-11e8-aaf5-0f254a0c7eae', 'Creative Service Manager', '32', 'bb1ac344-6310-11e8-aaf5-0f254a0c7eae', null, null), ('bb348cd0-6310-11e8-aaf5-0f254a0c7eae', 'Jane Wu', 'Female', 'Expat', 'Middle', 'Regular', 'Onboarded', '1', null, '2018-05-29 07:20:14', '2018-05-29 07:20:14', 'GTB IN', 'INR', 'India Offsite', 'bb07896e-6310-11e8-aaf5-0f254a0c7eae', 'Data Manager', '47', 'bb1aea63-6310-11e8-aaf5-0f254a0c7eae', null, null), ('bb348cd1-6310-11e8-aaf5-0f254a0c7eae', 'Lisa Jiang', 'Female', 'Local', 'Middle', 'Regular', 'Onboarded', '1', null, '2018-05-29 07:20:14', '2018-05-29 07:20:14', 'GTB SH', 'RMB', 'Shanghai Offsite', 'bb078967-6310-11e8-aaf5-0f254a0c7eae', 'Senior Platform Manager', '33', 'bb1ac346-6310-11e8-aaf5-0f254a0c7eae', null, null), ('bb348cd2-6310-11e8-aaf5-0f254a0c7eae', 'Moon Lu', 'Male', 'Local', 'Middle', 'Regular', 'Onboarded', '1', null, '2018-05-29 07:20:14', '2018-05-29 07:20:14', 'GTB SH', 'RMB', 'Shanghai Offsite', 'bb078971-6310-11e8-aaf5-0f254a0c7eae', 'Finance Director', '34', 'bb1ac348-6310-11e8-aaf5-0f254a0c7eae', null, null), ('bb348cd3-6310-11e8-aaf5-0f254a0c7eae', 'Caron Xu', 'Female', 'Local', 'Middle', 'Regular', 'Onboarded', '1', null, '2018-05-29 07:20:14', '2018-05-29 07:20:14', 'GTB SH', 'RMB', 'Shanghai Offsite', 'bb078968-6310-11e8-aaf5-0f254a0c7eae', 'Digital Analytics Director', '35', 'bb1ac34b-6310-11e8-aaf5-0f254a0c7eae', null, null), ('bb348cd4-6310-11e8-aaf5-0f254a0c7eae', 'Jet Li', 'Female', 'Local', 'Middle', 'Regular', 'Onboarded', '1', null, '2018-05-29 07:20:14', '2018-05-29 07:20:14', 'GTB SH', 'RMB', 'China Offsite', 'bb078961-6310-11e8-aaf5-0f254a0c7eae', 'Account Manager', '1', 'bb1a9c3b-6310-11e8-aaf5-0f254a0c7eae', null, null), ('bb348cd5-6310-11e8-aaf5-0f254a0c7eae', 'Sam Xu', 'Male', 'Local', 'Middle', 'Regular', 'Onboarded', '1', null, '2018-05-29 07:20:14', '2018-05-29 07:20:14', 'GTB SH', 'RMB', 'Shanghai Offsite', 'bb078970-6310-11e8-aaf5-0f254a0c7eae', 'Senior Admin Executive', '36', 'bb1ac34d-6310-11e8-aaf5-0f254a0c7eae', null, null), ('bb348cd6-6310-11e8-aaf5-0f254a0c7eae', 'Sandy Wu', 'Female', 'Expat', 'Middle', 'Regular', 'Onboarded', '1', null, '2018-05-29 07:20:14', '2018-05-29 07:20:14', 'GTB SH', 'RMB', 'Shanghai Offsite', 'bb078961-6310-11e8-aaf5-0f254a0c7eae', 'Associate Account Director', '22', 'bb1a9c66-6310-11e8-aaf5-0f254a0c7eae', null, null), ('bb348cd7-6310-11e8-aaf5-0f254a0c7eae', 'Lynn Zhu', 'Female', 'Expat', 'Middle', 'Regular', 'Onboarded', '1', null, '2018-05-29 07:20:14', '2018-05-29 07:20:14', 'GTB SH', 'SGD', 'Singapore Offsite', 'bb078963-6310-11e8-aaf5-0f254a0c7eae', 'Account Manager', '3', 'bb1a9c40-6310-11e8-aaf5-0f254a0c7eae', null, null), ('bb348cd8-6310-11e8-aaf5-0f254a0c7eae', 'Susan Wang', 'Male', 'Expat', 'High', 'Regular', 'Onboarded', '1', null, '2018-05-29 07:20:14', '2018-05-29 07:20:14', 'GTB SH', 'RMB', 'Shanghai Offsite', 'bb078965-6310-11e8-aaf5-0f254a0c7eae', 'Creative Director', '27', 'bb1a9c71-6310-11e8-aaf5-0f254a0c7eae', null, null), ('bb34b3e0-6310-11e8-aaf5-0f254a0c7eae', 'Tim Xie', 'Female', 'Expat', 'Low', 'Regular', 'Onboarded', '1', null, '2018-05-29 07:20:14', '2018-05-29 07:20:14', 'GTB SH', 'RMB', 'Shanghai Offsite', 'bb078965-6310-11e8-aaf5-0f254a0c7eae', 'Digital Designer', '31', 'bb1ac343-6310-11e8-aaf5-0f254a0c7eae', null, null), ('bb34b3e1-6310-11e8-aaf5-0f254a0c7eae', 'Ben Li', 'Female', 'Local', 'Middle', 'Regular', 'Onboarded', '1', null, '2018-05-29 07:20:14', '2018-05-29 07:20:14', 'GTB SH', 'RMB', 'Shanghai Offsite', 'bb07896f-6310-11e8-aaf5-0f254a0c7eae', 'Senior HR Executive', '37', 'bb1ac34e-6310-11e8-aaf5-0f254a0c7eae', null, null), ('bb34b3e2-6310-11e8-aaf5-0f254a0c7eae', 'Jill Wang', 'Female', 'Expat', 'Middle', 'Regular', 'Onboarded', '1', null, '2018-05-29 07:20:14', '2018-05-29 07:20:14', 'GTB SH', 'RMB', 'Shanghai Offsite', 'bb078961-6310-11e8-aaf5-0f254a0c7eae', 'Account Manager', '5', 'bb1a9c43-6310-11e8-aaf5-0f254a0c7eae', null, null), ('bb34b3e3-6310-11e8-aaf5-0f254a0c7eae', 'David Jiang', 'Female', 'Local', 'Middle', 'Regular', 'Onboarded', '1', null, '2018-05-29 07:20:14', '2018-05-29 07:20:14', 'GTB SH', 'RMB', 'Shanghai Offsite', 'bb078961-6310-11e8-aaf5-0f254a0c7eae', 'Senior Account Executive', '38', 'bb1aea50-6310-11e8-aaf5-0f254a0c7eae', null, null), ('bb34b3e4-6310-11e8-aaf5-0f254a0c7eae', 'Ken Stone', 'Female', 'Local', 'High', 'Regular', 'Onboarded', '1', null, '2018-05-29 07:20:14', '2018-05-29 07:20:14', 'GTB SH', 'RMB', 'Shanghai Offsite', 'bb078964-6310-11e8-aaf5-0f254a0c7eae', 'Associate Account Director', '24', 'bb1a9c6a-6310-11e8-aaf5-0f254a0c7eae', null, null), ('bb34daf0-6310-11e8-aaf5-0f254a0c7eae', 'Yan Shaw', 'Male', 'Local', 'Low', 'Regular', 'Onboarded', '1', null, '2018-05-29 07:20:14', '2018-05-29 07:20:14', 'GTB SH', 'RMB', 'Shanghai Offsite', 'bb078965-6310-11e8-aaf5-0f254a0c7eae', 'Senior Copywriter', '39', 'bb1aea51-6310-11e8-aaf5-0f254a0c7eae', null, null), ('bb34daf1-6310-11e8-aaf5-0f254a0c7eae', 'Fanny Chen', 'Male', 'Local', 'Middle', 'Regular', 'Onboarded', '1', null, '2018-05-29 07:20:14', '2018-05-29 07:20:14', 'GTB SH', 'RMB', 'Shanghai Offsite', 'bb078971-6310-11e8-aaf5-0f254a0c7eae', 'Accountant', '40', 'bb1aea54-6310-11e8-aaf5-0f254a0c7eae', null, null), ('bb34daf2-6310-11e8-aaf5-0f254a0c7eae', 'Sky Qi', 'Male', 'Local', 'High', 'Regular', 'Onboarded', '1', null, '2018-05-29 07:20:14', '2018-05-29 07:20:14', 'GTB SH', 'RMB', 'Shanghai Offsite', 'bb078965-6310-11e8-aaf5-0f254a0c7eae', 'Senior Art Director', '41', 'bb1aea56-6310-11e8-aaf5-0f254a0c7eae', null, null), ('bb34daf3-6310-11e8-aaf5-0f254a0c7eae', 'River Liu', 'Male', 'Local', 'Middle', 'Regular', 'Onboarded', '1', null, '2018-05-29 07:20:14', '2018-05-29 07:20:14', 'GTB SH', 'RMB', 'Shanghai Offsite', 'bb078964-6310-11e8-aaf5-0f254a0c7eae', 'Senior Account Director', '21', 'bb1a9c64-6310-11e8-aaf5-0f254a0c7eae', null, null), ('bb34daf4-6310-11e8-aaf5-0f254a0c7eae', 'Tiger Yuan', 'Male', 'Local', 'High', 'Regular', 'Onboarded', '1', null, '2018-05-29 07:20:14', '2018-05-29 07:20:14', 'GTB SH', 'RMB', 'Shanghai Offsite', 'bb078965-6310-11e8-aaf5-0f254a0c7eae', 'Designer', '42', 'bb1aea57-6310-11e8-aaf5-0f254a0c7eae', null, null), ('bb34daf5-6310-11e8-aaf5-0f254a0c7eae', 'Fountain Liu', 'Female', 'Local', 'High', 'Regular', 'Onboarded', '1', null, '2018-05-29 07:20:14', '2018-05-29 07:20:14', 'GTB SH', 'RMB', 'Shanghai Offsite', 'bb078964-6310-11e8-aaf5-0f254a0c7eae', 'Associate Account Director', '24', 'bb1a9c6a-6310-11e8-aaf5-0f254a0c7eae', null, null), ('bb34daf6-6310-11e8-aaf5-0f254a0c7eae', 'Fred Hu', 'Male', 'Expat', 'Middle', 'Regular', 'Onboarded', '1', null, '2018-05-29 07:20:14', '2018-05-29 07:20:14', 'GTB SH', 'RMB', 'Shanghai Offsite', 'bb078963-6310-11e8-aaf5-0f254a0c7eae', 'CRM Lead', '43', 'bb1aea59-6310-11e8-aaf5-0f254a0c7eae', null, null), ('bb34daf7-6310-11e8-aaf5-0f254a0c7eae', 'Karl Chen', 'Female', 'Local', 'Middle', 'Regular', 'Onboarded', '1', null, '2018-05-29 07:20:14', '2018-05-29 07:20:14', 'GTB SH', 'RMB', 'Shanghai Offsite', 'bb078963-6310-11e8-aaf5-0f254a0c7eae', 'Account Director', '15', 'bb1a9c58-6310-11e8-aaf5-0f254a0c7eae', null, null), ('bb34daf8-6310-11e8-aaf5-0f254a0c7eae', 'Gary Cao', 'Male', 'Local', 'Middle', 'Regular', 'Onboarded', '1', null, '2018-05-29 07:20:14', '2018-05-29 07:20:14', 'GTB SH', 'RMB', 'Shanghai Offsite', 'bb078961-6310-11e8-aaf5-0f254a0c7eae', 'Senior Account Executive', '38', 'bb1aea50-6310-11e8-aaf5-0f254a0c7eae', null, null), ('bb34daf9-6310-11e8-aaf5-0f254a0c7eae', 'Kelly Yao', 'Female', 'Local', 'Middle', 'Regular', 'Onboarded', '1', null, '2018-05-29 07:20:14', '2018-05-29 07:20:14', 'GTB SH', 'RMB', 'Shanghai Offsite', 'bb07896a-6310-11e8-aaf5-0f254a0c7eae', 'Group Account Director', '44', 'bb1aea5c-6310-11e8-aaf5-0f254a0c7eae', null, null), ('bb34dafa-6310-11e8-aaf5-0f254a0c7eae', 'Rita Tan', 'Male', 'Local', 'Middle', 'Regular', 'Onboarded', '1', null, '2018-05-29 07:20:14', '2018-05-29 07:20:14', 'GTB SH', 'RMB', 'Shanghai Offsite', 'bb078961-6310-11e8-aaf5-0f254a0c7eae', 'Senior Account Executive', '38', 'bb1aea50-6310-11e8-aaf5-0f254a0c7eae', null, null), ('bb34dafb-6310-11e8-aaf5-0f254a0c7eae', 'Martin Su', 'Male', 'Local', 'Middle', 'Regular', 'Onboarded', '1', null, '2018-05-29 07:20:14', '2018-05-29 07:20:14', 'GTB SH', 'RMB', 'Shanghai Offsite', 'bb078961-6310-11e8-aaf5-0f254a0c7eae', 'Senior Account Executive', '38', 'bb1aea50-6310-11e8-aaf5-0f254a0c7eae', null, null), ('bb34dafc-6310-11e8-aaf5-0f254a0c7eae', 'Julie Chu', 'Female', 'Local', 'Middle', 'Regular', 'Onboarded', '1', null, '2018-05-29 07:20:14', '2018-05-29 07:20:14', 'GTB SH', 'RMB', 'Shanghai Offsite', 'bb078961-6310-11e8-aaf5-0f254a0c7eae', 'Senior Account Executive', '38', 'bb1aea50-6310-11e8-aaf5-0f254a0c7eae', null, null), ('bb34dafd-6310-11e8-aaf5-0f254a0c7eae', 'Rebecca Zhao', 'Female', 'Expat', 'Middle', 'Regular', 'Onboarded', '1', null, '2018-05-29 07:20:14', '2018-05-29 07:20:14', 'GTB SH', 'RMB', 'Shanghai Offsite', 'bb078962-6310-11e8-aaf5-0f254a0c7eae', 'Senior Account Manager', '12', 'bb1a9c52-6310-11e8-aaf5-0f254a0c7eae', null, null), ('bb34dafe-6310-11e8-aaf5-0f254a0c7eae', 'Joyce Pan', 'Female', 'Expat', 'Middle', 'Regular', 'Onboarded', '1', null, '2018-05-29 07:20:14', '2018-05-29 07:20:14', 'GTB IN', 'INR', 'India Onsite', 'bb07896e-6310-11e8-aaf5-0f254a0c7eae', 'Data Executive', '49', 'bb1aea67-6310-11e8-aaf5-0f254a0c7eae', null, null), ('bb34daff-6310-11e8-aaf5-0f254a0c7eae', 'Maria Pie', 'Male', 'Expat', 'Low', 'Regular', 'Onboarded', '1', null, '2018-05-29 07:20:14', '2018-05-29 07:20:14', 'WM TH', 'THB', 'Thailand Onsite', 'bb07896e-6310-11e8-aaf5-0f254a0c7eae', 'Data Executive', '48', 'bb1aea65-6310-11e8-aaf5-0f254a0c7eae', null, null), ('bb34db00-6310-11e8-aaf5-0f254a0c7eae', 'Richard Chiu', 'Male', 'Expat', 'Middle', 'Regular', 'Onboarded', '1', null, '2018-05-29 07:20:14', '2018-05-29 07:20:14', 'GTB IN', 'INR', 'India Onsite', 'bb07896e-6310-11e8-aaf5-0f254a0c7eae', 'Data Executive', '49', 'bb1aea67-6310-11e8-aaf5-0f254a0c7eae', null, null), ('bb34db01-6310-11e8-aaf5-0f254a0c7eae', 'Samantha Mao', 'Female', 'Expat', 'Middle', 'Regular', 'Onboarded', '1', null, '2018-05-29 07:20:14', '2018-05-29 07:20:14', 'WM TH', 'THB', 'Thailand Onsite', 'bb07896e-6310-11e8-aaf5-0f254a0c7eae', 'Data Executive', '48', 'bb1aea64-6310-11e8-aaf5-0f254a0c7eae', null, null), ('bb34db02-6310-11e8-aaf5-0f254a0c7eae', 'Sunny Luo', 'Female', 'Expat', 'Middle', 'Regular', 'Onboarded', '1', null, '2018-05-29 07:20:14', '2018-05-29 07:20:14', 'GTB IN', 'INR', 'India Onsite', 'bb07896e-6310-11e8-aaf5-0f254a0c7eae', 'Data Executive', '49', 'bb1aea67-6310-11e8-aaf5-0f254a0c7eae', null, null), ('bb34db03-6310-11e8-aaf5-0f254a0c7eae', 'Grace Lin', 'Female', 'Expat', 'Low', 'Regular', 'Onboarded', '1', null, '2018-05-29 07:20:14', '2018-05-29 07:20:14', 'JWT TH', 'THB', 'Thailand Offsite', 'bb07896e-6310-11e8-aaf5-0f254a0c7eae', 'Data Manager', '46', 'bb1aea60-6310-11e8-aaf5-0f254a0c7eae', null, null), ('bb34db04-6310-11e8-aaf5-0f254a0c7eae', 'Charlie Fei', 'Female', 'Expat', 'Middle', 'Regular', 'Onboarded', '1', null, '2018-05-29 07:20:14', '2018-05-29 07:20:14', 'JWT AU', 'RMB', 'Shanghai Offsite', 'bb078961-6310-11e8-aaf5-0f254a0c7eae', 'Account Director', '17', 'bb1a9c5c-6310-11e8-aaf5-0f254a0c7eae', null, null), ('bb34db05-6310-11e8-aaf5-0f254a0c7eae', 'Lillian Dong', 'Female', 'Expat', 'Low', 'Regular', 'Onboarded', '1', null, '2018-05-29 07:20:14', '2018-05-29 07:20:14', 'WM TH', 'THB', 'Thailand Onsite', 'bb07896e-6310-11e8-aaf5-0f254a0c7eae', 'Data Executive', '48', 'bb1aea65-6310-11e8-aaf5-0f254a0c7eae', null, null), ('bb350200-6310-11e8-aaf5-0f254a0c7eae', 'Shirley Pai', 'Male', 'Expat', 'Low', 'Regular', 'Onboarded', '1', null, '2018-05-29 07:20:14', '2018-05-29 07:20:14', 'WM TH', 'THB', 'Thailand Onsite', 'bb07896e-6310-11e8-aaf5-0f254a0c7eae', 'Data Executive', '48', 'bb1aea65-6310-11e8-aaf5-0f254a0c7eae', null, null);
COMMIT;

-- ----------------------------
--  Table structure for `staffHistory`
-- ----------------------------
DROP TABLE IF EXISTS `staffHistory`;
CREATE TABLE `staffHistory` (
  `id` char(36) CHARACTER SET utf8 COLLATE utf8_bin NOT NULL,
  `validFlag` enum('Y','N') COLLATE utf8_unicode_ci DEFAULT 'Y',
  `entryDate` datetime NOT NULL,
  `leaveDate` datetime DEFAULT NULL,
  `stopPayDate` datetime DEFAULT NULL,
  `increaseCycle` int(11) DEFAULT NULL,
  `nextIncreaseMonth` varchar(255) COLLATE utf8_unicode_ci DEFAULT NULL,
  `noticePeriod` decimal(6,2) DEFAULT NULL,
  `status` int(11) DEFAULT '1',
  `remark` varchar(255) COLLATE utf8_unicode_ci DEFAULT NULL,
  `createdAt` datetime NOT NULL,
  `updatedAt` datetime NOT NULL,
  `staffId` char(36) CHARACTER SET utf8 COLLATE utf8_bin NOT NULL,
  `createdUsr` varchar(255) COLLATE utf8_unicode_ci DEFAULT NULL,
  `updatedUsr` varchar(255) COLLATE utf8_unicode_ci DEFAULT NULL,
  PRIMARY KEY (`id`),
  KEY `staffId` (`staffId`),
  KEY `createdUsr` (`createdUsr`),
  KEY `updatedUsr` (`updatedUsr`),
  KEY `staff_history_status` (`status`) USING BTREE,
  CONSTRAINT `staffhistory_ibfk_1` FOREIGN KEY (`staffId`) REFERENCES `staff` (`id`) ON DELETE NO ACTION ON UPDATE CASCADE,
  CONSTRAINT `staffhistory_ibfk_2` FOREIGN KEY (`createdUsr`) REFERENCES `account` (`id`) ON DELETE SET NULL ON UPDATE CASCADE,
  CONSTRAINT `staffhistory_ibfk_3` FOREIGN KEY (`updatedUsr`) REFERENCES `account` (`id`) ON DELETE SET NULL ON UPDATE CASCADE
) ENGINE=InnoDB DEFAULT CHARSET=utf8 COLLATE=utf8_unicode_ci;

-- ----------------------------
--  Records of `staffHistory`
-- ----------------------------
BEGIN;
INSERT INTO `staffHistory` VALUES ('bb6d5010-6310-11e8-aaf5-0f254a0c7eae', 'Y', '2016-05-01 00:00:00', null, null, '12', '2018-07', '1.00', '1', null, '2018-05-29 07:20:14', '2018-05-29 07:20:14', 'bb3417a0-6310-11e8-aaf5-0f254a0c7eae', null, null), ('bb6d5011-6310-11e8-aaf5-0f254a0c7eae', 'Y', '2015-04-05 00:00:00', null, null, '12', '2018-07', '1.00', '1', null, '2018-05-29 07:20:14', '2018-05-29 07:20:14', 'bb343eb0-6310-11e8-aaf5-0f254a0c7eae', null, null), ('bb6d5012-6310-11e8-aaf5-0f254a0c7eae', 'Y', '2015-12-09 00:00:00', null, null, '12', '2018-07', '1.00', '1', null, '2018-05-29 07:20:14', '2018-05-29 07:20:14', 'bb343eb1-6310-11e8-aaf5-0f254a0c7eae', null, null), ('bb6d5013-6310-11e8-aaf5-0f254a0c7eae', 'Y', '2016-09-01 00:00:00', null, null, '12', '2018-07', '1.00', '1', null, '2018-05-29 07:20:14', '2018-05-29 07:20:14', 'bb343eb2-6310-11e8-aaf5-0f254a0c7eae', null, null), ('bb6d5014-6310-11e8-aaf5-0f254a0c7eae', 'Y', '2016-01-01 00:00:00', null, null, '12', '2018-07', '1.00', '1', null, '2018-05-29 07:20:14', '2018-05-29 07:20:14', 'bb3465c0-6310-11e8-aaf5-0f254a0c7eae', null, null), ('bb6d5015-6310-11e8-aaf5-0f254a0c7eae', 'Y', '2016-05-06 00:00:00', null, null, '12', '2018-07', '1.00', '1', null, '2018-05-29 07:20:14', '2018-05-29 07:20:14', 'bb3465c1-6310-11e8-aaf5-0f254a0c7eae', null, null), ('bb6d5016-6310-11e8-aaf5-0f254a0c7eae', 'Y', '2016-05-11 00:00:00', null, null, '12', '2018-07', '1.00', '1', null, '2018-05-29 07:20:14', '2018-05-29 07:20:14', 'bb3465c2-6310-11e8-aaf5-0f254a0c7eae', null, null), ('bb6d5017-6310-11e8-aaf5-0f254a0c7eae', 'Y', '2014-07-04 00:00:00', null, null, '12', '2018-07', '1.00', '1', null, '2018-05-29 07:20:14', '2018-05-29 07:20:14', 'bb3465c3-6310-11e8-aaf5-0f254a0c7eae', null, null), ('bb6d5018-6310-11e8-aaf5-0f254a0c7eae', 'Y', '2015-04-05 00:00:00', null, null, '12', '2018-07', '1.00', '1', null, '2018-05-29 07:20:14', '2018-05-29 07:20:14', 'bb3465c4-6310-11e8-aaf5-0f254a0c7eae', null, null), ('bb6d5019-6310-11e8-aaf5-0f254a0c7eae', 'Y', '2016-08-04 00:00:00', null, null, '12', '2018-07', '1.00', '1', null, '2018-05-29 07:20:14', '2018-05-29 07:20:14', 'bb3465c5-6310-11e8-aaf5-0f254a0c7eae', null, null), ('bb6d501a-6310-11e8-aaf5-0f254a0c7eae', 'Y', '2015-12-09 00:00:00', null, null, '12', '2018-07', '1.00', '1', null, '2018-05-29 07:20:14', '2018-05-29 07:20:14', 'bb3465c6-6310-11e8-aaf5-0f254a0c7eae', null, null), ('bb6d501b-6310-11e8-aaf5-0f254a0c7eae', 'Y', '2016-05-16 00:00:00', null, null, '12', '2018-07', '1.00', '1', null, '2018-05-29 07:20:14', '2018-05-29 07:20:14', 'bb3465c7-6310-11e8-aaf5-0f254a0c7eae', null, null), ('bb6d501c-6310-11e8-aaf5-0f254a0c7eae', 'Y', '2016-05-21 00:00:00', null, null, '12', '2018-07', '1.00', '1', null, '2018-05-29 07:20:14', '2018-05-29 07:20:14', 'bb3465c8-6310-11e8-aaf5-0f254a0c7eae', null, null), ('bb6d501d-6310-11e8-aaf5-0f254a0c7eae', 'Y', '2016-01-01 00:00:00', null, null, '12', '2018-07', '1.00', '1', null, '2018-05-29 07:20:14', '2018-05-29 07:20:14', 'bb3465c9-6310-11e8-aaf5-0f254a0c7eae', null, null), ('bb6d501e-6310-11e8-aaf5-0f254a0c7eae', 'Y', '2014-07-04 00:00:00', null, null, '12', '2018-07', '1.00', '1', null, '2018-05-29 07:20:14', '2018-05-29 07:20:14', 'bb3465ca-6310-11e8-aaf5-0f254a0c7eae', null, null), ('bb6d501f-6310-11e8-aaf5-0f254a0c7eae', 'Y', '2016-05-04 00:00:00', null, null, '12', '2018-07', '1.00', '1', null, '2018-05-29 07:20:14', '2018-05-29 07:20:14', 'bb3465cb-6310-11e8-aaf5-0f254a0c7eae', null, null), ('bb6d5020-6310-11e8-aaf5-0f254a0c7eae', 'Y', '2016-05-01 00:00:00', null, null, '12', '2018-07', '1.00', '1', null, '2018-05-29 07:20:14', '2018-05-29 07:20:14', 'bb348cd0-6310-11e8-aaf5-0f254a0c7eae', null, null), ('bb6d5021-6310-11e8-aaf5-0f254a0c7eae', 'Y', '2014-07-04 00:00:00', null, null, '12', '2018-07', '1.00', '1', null, '2018-05-29 07:20:14', '2018-05-29 07:20:14', 'bb348cd1-6310-11e8-aaf5-0f254a0c7eae', null, null), ('bb6d5022-6310-11e8-aaf5-0f254a0c7eae', 'Y', '2016-01-01 00:00:00', null, null, '12', '2018-07', '1.00', '1', null, '2018-05-29 07:20:14', '2018-05-29 07:20:14', 'bb348cd2-6310-11e8-aaf5-0f254a0c7eae', null, null), ('bb6d5023-6310-11e8-aaf5-0f254a0c7eae', 'Y', '2013-01-01 00:00:00', null, null, '12', '2018-07', '1.00', '1', null, '2018-05-29 07:20:14', '2018-05-29 07:20:14', 'bb348cd3-6310-11e8-aaf5-0f254a0c7eae', null, null), ('bb6d5024-6310-11e8-aaf5-0f254a0c7eae', 'Y', '2015-04-05 00:00:00', null, null, '12', '2018-07', '1.00', '1', null, '2018-05-29 07:20:14', '2018-05-29 07:20:14', 'bb348cd4-6310-11e8-aaf5-0f254a0c7eae', null, null), ('bb6d5025-6310-11e8-aaf5-0f254a0c7eae', 'Y', '2016-05-06 00:00:00', null, null, '12', '2018-07', '1.00', '1', null, '2018-05-29 07:20:14', '2018-05-29 07:20:14', 'bb348cd5-6310-11e8-aaf5-0f254a0c7eae', null, null), ('bb6d5026-6310-11e8-aaf5-0f254a0c7eae', 'Y', '2016-05-11 00:00:00', null, null, '24', '2018-07', '3.00', '1', null, '2018-05-29 07:20:14', '2018-05-29 07:20:14', 'bb348cd6-6310-11e8-aaf5-0f254a0c7eae', null, null), ('bb6d5027-6310-11e8-aaf5-0f254a0c7eae', 'Y', '2016-09-01 00:00:00', null, null, '36', '2018-07', '6.00', '1', null, '2018-05-29 07:20:14', '2018-05-29 07:20:14', 'bb348cd7-6310-11e8-aaf5-0f254a0c7eae', null, null), ('bb6d5028-6310-11e8-aaf5-0f254a0c7eae', 'Y', '2014-07-04 00:00:00', null, null, '12', '2018-07', '1.00', '1', null, '2018-05-29 07:20:14', '2018-05-29 07:20:14', 'bb348cd8-6310-11e8-aaf5-0f254a0c7eae', null, null), ('bb6d5029-6310-11e8-aaf5-0f254a0c7eae', 'Y', '2015-12-09 00:00:00', null, null, '12', '2018-07', '1.00', '1', null, '2018-05-29 07:20:14', '2018-05-29 07:20:14', 'bb34b3e0-6310-11e8-aaf5-0f254a0c7eae', null, null), ('bb6d502a-6310-11e8-aaf5-0f254a0c7eae', 'Y', '2016-05-04 00:00:00', null, null, '12', '2018-07', '1.00', '1', null, '2018-05-29 07:20:14', '2018-05-29 07:20:14', 'bb34b3e1-6310-11e8-aaf5-0f254a0c7eae', null, null), ('bb6d502b-6310-11e8-aaf5-0f254a0c7eae', 'Y', '2016-05-16 00:00:00', null, null, '36', '2018-07', '1.00', '1', null, '2018-05-29 07:20:14', '2018-05-29 07:20:14', 'bb34b3e2-6310-11e8-aaf5-0f254a0c7eae', null, null), ('bb6d502c-6310-11e8-aaf5-0f254a0c7eae', 'Y', '2016-05-21 00:00:00', null, null, '12', '2018-07', '1.00', '1', null, '2018-05-29 07:20:14', '2018-05-29 07:20:14', 'bb34b3e3-6310-11e8-aaf5-0f254a0c7eae', null, null), ('bb6d502d-6310-11e8-aaf5-0f254a0c7eae', 'Y', '2014-07-04 00:00:00', null, null, '12', '2018-07', '1.00', '1', null, '2018-05-29 07:20:14', '2018-05-29 07:20:14', 'bb34b3e4-6310-11e8-aaf5-0f254a0c7eae', null, null), ('bb6d7720-6310-11e8-aaf5-0f254a0c7eae', 'Y', '2015-04-05 00:00:00', null, null, '12', '2018-07', '1.00', '1', null, '2018-05-29 07:20:14', '2018-05-29 07:20:14', 'bb34daf0-6310-11e8-aaf5-0f254a0c7eae', null, null), ('bb6d7721-6310-11e8-aaf5-0f254a0c7eae', 'Y', '2016-05-04 00:00:00', null, null, '24', '2018-07', '3.00', '1', null, '2018-05-29 07:20:14', '2018-05-29 07:20:14', 'bb34daf1-6310-11e8-aaf5-0f254a0c7eae', null, null), ('bb6d7722-6310-11e8-aaf5-0f254a0c7eae', 'Y', '2016-05-01 00:00:00', null, null, '12', '2018-07', '1.00', '1', null, '2018-05-29 07:20:14', '2018-05-29 07:20:14', 'bb34daf2-6310-11e8-aaf5-0f254a0c7eae', null, null), ('bb6d7723-6310-11e8-aaf5-0f254a0c7eae', 'Y', '2016-09-01 00:00:00', null, null, '12', '2018-07', '1.00', '1', null, '2018-05-29 07:20:14', '2018-05-29 07:20:14', 'bb34daf3-6310-11e8-aaf5-0f254a0c7eae', null, null), ('bb6d7724-6310-11e8-aaf5-0f254a0c7eae', 'Y', '2015-12-09 00:00:00', null, null, '12', '2018-07', '1.00', '1', null, '2018-05-29 07:20:14', '2018-05-29 07:20:14', 'bb34daf4-6310-11e8-aaf5-0f254a0c7eae', null, null), ('bb6d7725-6310-11e8-aaf5-0f254a0c7eae', 'Y', '2013-01-01 00:00:00', null, null, '24', '2018-07', '3.00', '1', null, '2018-05-29 07:20:14', '2018-05-29 07:20:14', 'bb34daf5-6310-11e8-aaf5-0f254a0c7eae', null, null), ('bb6d7726-6310-11e8-aaf5-0f254a0c7eae', 'Y', '2015-04-05 00:00:00', null, null, '12', '2018-07', '1.00', '1', null, '2018-05-29 07:20:14', '2018-05-29 07:20:14', 'bb34daf6-6310-11e8-aaf5-0f254a0c7eae', null, null), ('bb6d7727-6310-11e8-aaf5-0f254a0c7eae', 'Y', '2016-05-06 00:00:00', null, null, '12', '2018-07', '1.00', '1', null, '2018-05-29 07:20:14', '2018-05-29 07:20:14', 'bb34daf7-6310-11e8-aaf5-0f254a0c7eae', null, null), ('bb6d7728-6310-11e8-aaf5-0f254a0c7eae', 'Y', '2016-05-11 00:00:00', null, null, '12', '2018-07', '1.00', '1', null, '2018-05-29 07:20:14', '2018-05-29 07:20:14', 'bb34daf8-6310-11e8-aaf5-0f254a0c7eae', null, null), ('bb6d7729-6310-11e8-aaf5-0f254a0c7eae', 'Y', '2015-12-09 00:00:00', null, null, '12', '2018-07', '1.00', '1', null, '2018-05-29 07:20:14', '2018-05-29 07:20:14', 'bb34daf9-6310-11e8-aaf5-0f254a0c7eae', null, null), ('bb6d772a-6310-11e8-aaf5-0f254a0c7eae', 'Y', '2014-07-04 00:00:00', null, null, '12', '2018-07', '1.00', '1', null, '2018-05-29 07:20:14', '2018-05-29 07:20:14', 'bb34dafa-6310-11e8-aaf5-0f254a0c7eae', null, null), ('bb6d772b-6310-11e8-aaf5-0f254a0c7eae', 'Y', '2015-12-09 00:00:00', null, null, '12', '2018-07', '1.00', '1', null, '2018-05-29 07:20:14', '2018-05-29 07:20:14', 'bb34dafb-6310-11e8-aaf5-0f254a0c7eae', null, null), ('bb6d772c-6310-11e8-aaf5-0f254a0c7eae', 'Y', '2016-01-01 00:00:00', null, null, '12', '2018-07', '1.00', '1', null, '2018-05-29 07:20:14', '2018-05-29 07:20:14', 'bb34dafc-6310-11e8-aaf5-0f254a0c7eae', null, null), ('bb6d772d-6310-11e8-aaf5-0f254a0c7eae', 'Y', '2016-05-16 00:00:00', null, null, '12', '2018-07', '1.00', '1', null, '2018-05-29 07:20:14', '2018-05-29 07:20:14', 'bb34dafd-6310-11e8-aaf5-0f254a0c7eae', null, null), ('bb6d772e-6310-11e8-aaf5-0f254a0c7eae', 'Y', '2016-05-21 00:00:00', null, null, '12', '2018-07', '1.00', '1', null, '2018-05-29 07:20:14', '2018-05-29 07:20:14', 'bb34dafe-6310-11e8-aaf5-0f254a0c7eae', null, null), ('bb6d772f-6310-11e8-aaf5-0f254a0c7eae', 'Y', '2016-09-01 00:00:00', null, null, '12', '2018-07', '1.00', '1', null, '2018-05-29 07:20:14', '2018-05-29 07:20:14', 'bb34daff-6310-11e8-aaf5-0f254a0c7eae', null, null), ('bb6d7730-6310-11e8-aaf5-0f254a0c7eae', 'Y', '2015-04-05 00:00:00', null, null, '12', '2018-07', '1.00', '1', null, '2018-05-29 07:20:14', '2018-05-29 07:20:14', 'bb34db00-6310-11e8-aaf5-0f254a0c7eae', null, null), ('bb6d7731-6310-11e8-aaf5-0f254a0c7eae', 'Y', '2013-01-01 00:00:00', null, null, '12', '2018-07', '1.00', '1', null, '2018-05-29 07:20:14', '2018-05-29 07:20:14', 'bb34db01-6310-11e8-aaf5-0f254a0c7eae', null, null), ('bb6d7732-6310-11e8-aaf5-0f254a0c7eae', 'Y', '2016-05-01 00:00:00', null, null, '12', '2018-07', '1.00', '1', null, '2018-05-29 07:20:14', '2018-05-29 07:20:14', 'bb34db02-6310-11e8-aaf5-0f254a0c7eae', null, null), ('bb6d7733-6310-11e8-aaf5-0f254a0c7eae', 'Y', '2014-07-04 00:00:00', null, null, '12', '2018-07', '1.00', '1', null, '2018-05-29 07:20:14', '2018-05-29 07:20:14', 'bb34db03-6310-11e8-aaf5-0f254a0c7eae', null, null), ('bb6d7734-6310-11e8-aaf5-0f254a0c7eae', 'Y', '2015-12-09 00:00:00', null, null, '12', '2018-07', '1.00', '1', null, '2018-05-29 07:20:14', '2018-05-29 07:20:14', 'bb34db04-6310-11e8-aaf5-0f254a0c7eae', null, null), ('bb6d7735-6310-11e8-aaf5-0f254a0c7eae', 'Y', '2016-01-01 00:00:00', null, null, '12', '2018-07', '1.00', '1', null, '2018-05-29 07:20:14', '2018-05-29 07:20:14', 'bb34db05-6310-11e8-aaf5-0f254a0c7eae', null, null), ('bb6d7736-6310-11e8-aaf5-0f254a0c7eae', 'Y', '2015-12-09 00:00:00', null, null, '12', '2018-07', '1.00', '1', null, '2018-05-29 07:20:14', '2018-05-29 07:20:14', 'bb350200-6310-11e8-aaf5-0f254a0c7eae', null, null);
COMMIT;

-- ----------------------------
--  Table structure for `stdPos`
-- ----------------------------
DROP TABLE IF EXISTS `stdPos`;
CREATE TABLE `stdPos` (
  `id` char(36) CHARACTER SET utf8 COLLATE utf8_bin NOT NULL,
  `name` varchar(255) COLLATE utf8_unicode_ci NOT NULL,
  `location` enum('Local','Expat','Common') COLLATE utf8_unicode_ci NOT NULL,
  `status` int(11) DEFAULT '1',
  `remark` varchar(255) COLLATE utf8_unicode_ci DEFAULT NULL,
  `createdAt` datetime NOT NULL,
  `updatedAt` datetime NOT NULL,
  `teamId` char(36) CHARACTER SET utf8 COLLATE utf8_bin NOT NULL,
  `officeId` varchar(255) COLLATE utf8_unicode_ci NOT NULL,
  `currencyId` varchar(255) COLLATE utf8_unicode_ci NOT NULL,
  `createdUsr` varchar(255) COLLATE utf8_unicode_ci DEFAULT NULL,
  `updatedUsr` varchar(255) COLLATE utf8_unicode_ci DEFAULT NULL,
  PRIMARY KEY (`id`),
  KEY `teamId` (`teamId`),
  KEY `officeId` (`officeId`),
  KEY `currencyId` (`currencyId`),
  KEY `createdUsr` (`createdUsr`),
  KEY `updatedUsr` (`updatedUsr`),
  KEY `std_pos_status` (`status`) USING BTREE,
  CONSTRAINT `stdpos_ibfk_1` FOREIGN KEY (`teamId`) REFERENCES `team` (`id`) ON DELETE NO ACTION ON UPDATE CASCADE,
  CONSTRAINT `stdpos_ibfk_2` FOREIGN KEY (`officeId`) REFERENCES `office` (`id`) ON DELETE NO ACTION ON UPDATE CASCADE,
  CONSTRAINT `stdpos_ibfk_3` FOREIGN KEY (`currencyId`) REFERENCES `currency` (`id`) ON DELETE NO ACTION ON UPDATE CASCADE,
  CONSTRAINT `stdpos_ibfk_4` FOREIGN KEY (`createdUsr`) REFERENCES `account` (`id`) ON DELETE SET NULL ON UPDATE CASCADE,
  CONSTRAINT `stdpos_ibfk_5` FOREIGN KEY (`updatedUsr`) REFERENCES `account` (`id`) ON DELETE SET NULL ON UPDATE CASCADE
) ENGINE=InnoDB DEFAULT CHARSET=utf8 COLLATE=utf8_unicode_ci;

-- ----------------------------
--  Records of `stdPos`
-- ----------------------------
BEGIN;
INSERT INTO `stdPos` VALUES ('1', 'Account Manager', 'Local', '1', null, '2018-05-29 07:20:14', '2018-05-29 07:20:14', 'bb078961-6310-11e8-aaf5-0f254a0c7eae', 'China Offsite', 'RMB', null, null), ('10', 'Senior Account Manager', 'Local', '1', null, '2018-05-29 07:20:14', '2018-05-29 07:20:14', 'bb078962-6310-11e8-aaf5-0f254a0c7eae', 'Shanghai Offsite', 'RMB', null, null), ('11', 'Senior Account Manager', 'Expat', '1', null, '2018-05-29 07:20:14', '2018-05-29 07:20:14', 'bb078963-6310-11e8-aaf5-0f254a0c7eae', 'Shanghai Offsite', 'RMB', null, null), ('12', 'Senior Account Manager', 'Expat', '1', null, '2018-05-29 07:20:14', '2018-05-29 07:20:14', 'bb078962-6310-11e8-aaf5-0f254a0c7eae', 'Shanghai Offsite', 'RMB', null, null), ('13', 'Senior Office Manager', 'Local', '1', null, '2018-05-29 07:20:14', '2018-05-29 07:20:14', 'bb078970-6310-11e8-aaf5-0f254a0c7eae', 'Shanghai Offsite', 'RMB', null, null), ('14', 'Account Director', 'Local', '1', null, '2018-05-29 07:20:14', '2018-05-29 07:20:14', 'bb078962-6310-11e8-aaf5-0f254a0c7eae', 'Shanghai Offsite', 'RMB', null, null), ('15', 'Account Director', 'Local', '1', null, '2018-05-29 07:20:14', '2018-05-29 07:20:14', 'bb078963-6310-11e8-aaf5-0f254a0c7eae', 'Shanghai Offsite', 'RMB', null, null), ('16', 'Account Director', 'Expat', '1', null, '2018-05-29 07:20:14', '2018-05-29 07:20:14', 'bb078964-6310-11e8-aaf5-0f254a0c7eae', 'Australia Offsite', 'RMB', null, null), ('17', 'Account Director', 'Expat', '1', null, '2018-05-29 07:20:14', '2018-05-29 07:20:14', 'bb078961-6310-11e8-aaf5-0f254a0c7eae', 'Shanghai Offsite', 'RMB', null, null), ('18', 'Senior Account Director', 'Expat', '1', null, '2018-05-29 07:20:14', '2018-05-29 07:20:14', 'bb078961-6310-11e8-aaf5-0f254a0c7eae', 'Shanghai Offsite', 'RMB', null, null), ('19', 'Senior Account Director', 'Expat', '1', null, '2018-05-29 07:20:14', '2018-05-29 07:20:14', 'bb078962-6310-11e8-aaf5-0f254a0c7eae', 'Shanghai Offsite', 'RMB', null, null), ('2', 'Account Manager', 'Local', '1', null, '2018-05-29 07:20:14', '2018-05-29 07:20:14', 'bb078962-6310-11e8-aaf5-0f254a0c7eae', 'Shanghai Offsite', 'RMB', null, null), ('20', 'Senior Account Director', 'Local', '1', null, '2018-05-29 07:20:14', '2018-05-29 07:20:14', 'bb078963-6310-11e8-aaf5-0f254a0c7eae', 'Shanghai Offsite', 'RMB', null, null), ('21', 'Senior Account Director', 'Local', '1', null, '2018-05-29 07:20:14', '2018-05-29 07:20:14', 'bb078964-6310-11e8-aaf5-0f254a0c7eae', 'Shanghai Offsite', 'RMB', null, null), ('22', 'Associate Account Director', 'Expat', '1', null, '2018-05-29 07:20:14', '2018-05-29 07:20:14', 'bb078961-6310-11e8-aaf5-0f254a0c7eae', 'Shanghai Offsite', 'RMB', null, null), ('23', 'Associate Account Director', 'Local', '1', null, '2018-05-29 07:20:14', '2018-05-29 07:20:14', 'bb078963-6310-11e8-aaf5-0f254a0c7eae', 'Shanghai Offsite', 'RMB', null, null), ('24', 'Associate Account Director', 'Local', '1', null, '2018-05-29 07:20:14', '2018-05-29 07:20:14', 'bb078964-6310-11e8-aaf5-0f254a0c7eae', 'Shanghai Offsite', 'RMB', null, null), ('25', 'Platform Lead', 'Local', '1', null, '2018-05-29 07:20:14', '2018-05-29 07:20:14', 'bb078967-6310-11e8-aaf5-0f254a0c7eae', 'Shanghai Offsite', 'RMB', null, null), ('26', 'Creative Director', 'Local', '1', null, '2018-05-29 07:20:14', '2018-05-29 07:20:14', 'bb078965-6310-11e8-aaf5-0f254a0c7eae', 'Shanghai Offsite', 'RMB', null, null), ('27', 'Creative Director', 'Expat', '1', null, '2018-05-29 07:20:14', '2018-05-29 07:20:14', 'bb078965-6310-11e8-aaf5-0f254a0c7eae', 'Shanghai Offsite', 'RMB', null, null), ('28', 'Platform Manager', 'Expat', '1', null, '2018-05-29 07:20:14', '2018-05-29 07:20:14', 'bb078967-6310-11e8-aaf5-0f254a0c7eae', 'Shanghai Offsite', 'RMB', null, null), ('29', 'Data Manager', 'Local', '1', null, '2018-05-29 07:20:14', '2018-05-29 07:20:14', 'bb07896e-6310-11e8-aaf5-0f254a0c7eae', 'Shanghai Offsite', 'RMB', null, null), ('3', 'Account Manager', 'Expat', '1', null, '2018-05-29 07:20:14', '2018-05-29 07:20:14', 'bb078963-6310-11e8-aaf5-0f254a0c7eae', 'Singapore Offsite', 'SGD', null, null), ('30', 'Digital Designer', 'Local', '1', null, '2018-05-29 07:20:14', '2018-05-29 07:20:14', 'bb078965-6310-11e8-aaf5-0f254a0c7eae', 'Shanghai Offsite', 'RMB', null, null), ('31', 'Digital Designer', 'Expat', '1', null, '2018-05-29 07:20:14', '2018-05-29 07:20:14', 'bb078965-6310-11e8-aaf5-0f254a0c7eae', 'Shanghai Offsite', 'RMB', null, null), ('32', 'Creative Service Manager', 'Local', '1', null, '2018-05-29 07:20:14', '2018-05-29 07:20:14', 'bb078965-6310-11e8-aaf5-0f254a0c7eae', 'Shanghai Offsite', 'RMB', null, null), ('33', 'Senior Platform Manager', 'Local', '1', null, '2018-05-29 07:20:14', '2018-05-29 07:20:14', 'bb078967-6310-11e8-aaf5-0f254a0c7eae', 'Shanghai Offsite', 'RMB', null, null), ('34', 'Finance Director', 'Local', '1', null, '2018-05-29 07:20:14', '2018-05-29 07:20:14', 'bb078971-6310-11e8-aaf5-0f254a0c7eae', 'Shanghai Offsite', 'RMB', null, null), ('35', 'Digital Analytics Director', 'Local', '1', null, '2018-05-29 07:20:14', '2018-05-29 07:20:14', 'bb078968-6310-11e8-aaf5-0f254a0c7eae', 'Shanghai Offsite', 'RMB', null, null), ('36', 'Senior Admin Executive', 'Local', '1', null, '2018-05-29 07:20:14', '2018-05-29 07:20:14', 'bb078970-6310-11e8-aaf5-0f254a0c7eae', 'Shanghai Offsite', 'RMB', null, null), ('37', 'Senior HR Executive', 'Local', '1', null, '2018-05-29 07:20:14', '2018-05-29 07:20:14', 'bb07896f-6310-11e8-aaf5-0f254a0c7eae', 'Shanghai Offsite', 'RMB', null, null), ('38', 'Senior Account Executive', 'Local', '1', null, '2018-05-29 07:20:14', '2018-05-29 07:20:14', 'bb078961-6310-11e8-aaf5-0f254a0c7eae', 'Shanghai Offsite', 'RMB', null, null), ('39', 'Senior Copywriter', 'Local', '1', null, '2018-05-29 07:20:14', '2018-05-29 07:20:14', 'bb078965-6310-11e8-aaf5-0f254a0c7eae', 'Shanghai Offsite', 'RMB', null, null), ('4', 'Account Manager', 'Local', '1', null, '2018-05-29 07:20:14', '2018-05-29 07:20:14', 'bb078964-6310-11e8-aaf5-0f254a0c7eae', 'Shanghai Offsite', 'RMB', null, null), ('40', 'Accountant', 'Local', '1', null, '2018-05-29 07:20:14', '2018-05-29 07:20:14', 'bb078971-6310-11e8-aaf5-0f254a0c7eae', 'Shanghai Offsite', 'RMB', null, null), ('41', 'Senior Art Director', 'Local', '1', null, '2018-05-29 07:20:14', '2018-05-29 07:20:14', 'bb078965-6310-11e8-aaf5-0f254a0c7eae', 'Shanghai Offsite', 'RMB', null, null), ('42', 'Designer', 'Local', '1', null, '2018-05-29 07:20:14', '2018-05-29 07:20:14', 'bb078965-6310-11e8-aaf5-0f254a0c7eae', 'Shanghai Offsite', 'RMB', null, null), ('43', 'CRM Lead', 'Expat', '1', null, '2018-05-29 07:20:14', '2018-05-29 07:20:14', 'bb078963-6310-11e8-aaf5-0f254a0c7eae', 'Shanghai Offsite', 'RMB', null, null), ('44', 'Group Account Director', 'Local', '1', null, '2018-05-29 07:20:14', '2018-05-29 07:20:14', 'bb07896a-6310-11e8-aaf5-0f254a0c7eae', 'Shanghai Offsite', 'RMB', null, null), ('45', 'Data Executive', 'Local', '1', null, '2018-05-29 07:20:14', '2018-05-29 07:20:14', 'bb07896e-6310-11e8-aaf5-0f254a0c7eae', 'Shanghai Offsite', 'RMB', null, null), ('46', 'Data Manager', 'Expat', '1', null, '2018-05-29 07:20:14', '2018-05-29 07:20:14', 'bb07896e-6310-11e8-aaf5-0f254a0c7eae', 'Thailand Offsite', 'THB', null, null), ('47', 'Data Manager', 'Expat', '1', null, '2018-05-29 07:20:14', '2018-05-29 07:20:14', 'bb07896e-6310-11e8-aaf5-0f254a0c7eae', 'India Offsite', 'INR', null, null), ('48', 'Data Executive', 'Expat', '1', null, '2018-05-29 07:20:14', '2018-05-29 07:20:14', 'bb07896e-6310-11e8-aaf5-0f254a0c7eae', 'Thailand Onsite', 'THB', null, null), ('49', 'Data Executive', 'Expat', '1', null, '2018-05-29 07:20:14', '2018-05-29 07:20:14', 'bb07896e-6310-11e8-aaf5-0f254a0c7eae', 'India Onsite', 'INR', null, null), ('5', 'Account Manager', 'Expat', '1', null, '2018-05-29 07:20:14', '2018-05-29 07:20:14', 'bb078961-6310-11e8-aaf5-0f254a0c7eae', 'Shanghai Offsite', 'RMB', null, null), ('6', 'Account Manager', 'Expat', '1', null, '2018-05-29 07:20:14', '2018-05-29 07:20:14', 'bb078964-6310-11e8-aaf5-0f254a0c7eae', 'Shanghai Offsite', 'RMB', null, null), ('7', 'Account Manager', 'Expat', '1', null, '2018-05-29 07:20:14', '2018-05-29 07:20:14', 'bb078962-6310-11e8-aaf5-0f254a0c7eae', 'Shanghai Offsite', 'RMB', null, null), ('8', 'Media Planning Director', 'Expat', '1', null, '2018-05-29 07:20:14', '2018-05-29 07:20:14', 'bb078969-6310-11e8-aaf5-0f254a0c7eae', 'Shanghai Offsite', 'RMB', null, null), ('9', 'Senior Account Manager', 'Local', '1', null, '2018-05-29 07:20:14', '2018-05-29 07:20:14', 'bb078961-6310-11e8-aaf5-0f254a0c7eae', 'Shanghai Offsite', 'RMB', null, null);
COMMIT;

-- ----------------------------
--  Table structure for `stdPosDetail`
-- ----------------------------
DROP TABLE IF EXISTS `stdPosDetail`;
CREATE TABLE `stdPosDetail` (
  `id` char(36) CHARACTER SET utf8 COLLATE utf8_bin NOT NULL,
  `skillLevel` enum('High','Middle','Low') COLLATE utf8_unicode_ci NOT NULL,
  `year` int(11) NOT NULL,
  `status` int(11) DEFAULT '1',
  `remark` varchar(255) COLLATE utf8_unicode_ci DEFAULT NULL,
  `createdAt` datetime NOT NULL,
  `updatedAt` datetime NOT NULL,
  `stdPosId` char(36) CHARACTER SET utf8 COLLATE utf8_bin NOT NULL,
  `createdUsr` varchar(255) COLLATE utf8_unicode_ci DEFAULT NULL,
  `updatedUsr` varchar(255) COLLATE utf8_unicode_ci DEFAULT NULL,
  PRIMARY KEY (`id`),
  KEY `stdPosId` (`stdPosId`),
  KEY `createdUsr` (`createdUsr`),
  KEY `updatedUsr` (`updatedUsr`),
  KEY `std_pos_detail_status` (`status`) USING BTREE,
  CONSTRAINT `stdposdetail_ibfk_1` FOREIGN KEY (`stdPosId`) REFERENCES `stdPos` (`id`) ON DELETE NO ACTION ON UPDATE CASCADE,
  CONSTRAINT `stdposdetail_ibfk_2` FOREIGN KEY (`createdUsr`) REFERENCES `account` (`id`) ON DELETE SET NULL ON UPDATE CASCADE,
  CONSTRAINT `stdposdetail_ibfk_3` FOREIGN KEY (`updatedUsr`) REFERENCES `account` (`id`) ON DELETE SET NULL ON UPDATE CASCADE
) ENGINE=InnoDB DEFAULT CHARSET=utf8 COLLATE=utf8_unicode_ci;

-- ----------------------------
--  Records of `stdPosDetail`
-- ----------------------------
BEGIN;
INSERT INTO `stdPosDetail` VALUES ('bb19fff0-6310-11e8-aaf5-0f254a0c7eae', 'Middle', '2016', '1', null, '2018-05-29 07:20:14', '2018-05-29 07:20:14', '1', null, null), ('bb19fff1-6310-11e8-aaf5-0f254a0c7eae', 'High', '2016', '1', null, '2018-05-29 07:20:14', '2018-05-29 07:20:14', '1', null, null), ('bb19fff2-6310-11e8-aaf5-0f254a0c7eae', 'Middle', '2016', '1', null, '2018-05-29 07:20:14', '2018-05-29 07:20:14', '2', null, null), ('bb19fff3-6310-11e8-aaf5-0f254a0c7eae', 'Low', '2016', '1', null, '2018-05-29 07:20:14', '2018-05-29 07:20:14', '2', null, null), ('bb19fff4-6310-11e8-aaf5-0f254a0c7eae', 'High', '2016', '1', null, '2018-05-29 07:20:14', '2018-05-29 07:20:14', '3', null, null), ('bb19fff5-6310-11e8-aaf5-0f254a0c7eae', 'Middle', '2016', '1', null, '2018-05-29 07:20:14', '2018-05-29 07:20:14', '3', null, null), ('bb19fff6-6310-11e8-aaf5-0f254a0c7eae', 'High', '2016', '1', null, '2018-05-29 07:20:14', '2018-05-29 07:20:14', '4', null, null), ('bb19fff7-6310-11e8-aaf5-0f254a0c7eae', 'Middle', '2016', '1', null, '2018-05-29 07:20:14', '2018-05-29 07:20:14', '4', null, null), ('bb19fff8-6310-11e8-aaf5-0f254a0c7eae', 'Middle', '2016', '1', null, '2018-05-29 07:20:14', '2018-05-29 07:20:14', '5', null, null), ('bb19fff9-6310-11e8-aaf5-0f254a0c7eae', 'High', '2016', '1', null, '2018-05-29 07:20:14', '2018-05-29 07:20:14', '5', null, null), ('bb19fffa-6310-11e8-aaf5-0f254a0c7eae', 'High', '2016', '1', null, '2018-05-29 07:20:14', '2018-05-29 07:20:14', '6', null, null), ('bb19fffb-6310-11e8-aaf5-0f254a0c7eae', 'Middle', '2016', '1', null, '2018-05-29 07:20:14', '2018-05-29 07:20:14', '6', null, null), ('bb19fffc-6310-11e8-aaf5-0f254a0c7eae', 'Middle', '2016', '1', null, '2018-05-29 07:20:14', '2018-05-29 07:20:14', '7', null, null), ('bb19fffd-6310-11e8-aaf5-0f254a0c7eae', 'Low', '2016', '1', null, '2018-05-29 07:20:14', '2018-05-29 07:20:14', '7', null, null), ('bb19fffe-6310-11e8-aaf5-0f254a0c7eae', 'Low', '2016', '1', null, '2018-05-29 07:20:14', '2018-05-29 07:20:14', '8', null, null), ('bb19ffff-6310-11e8-aaf5-0f254a0c7eae', 'High', '2016', '1', null, '2018-05-29 07:20:14', '2018-05-29 07:20:14', '8', null, null), ('bb1a0000-6310-11e8-aaf5-0f254a0c7eae', 'Middle', '2016', '1', null, '2018-05-29 07:20:14', '2018-05-29 07:20:14', '9', null, null), ('bb1a0001-6310-11e8-aaf5-0f254a0c7eae', 'Low', '2016', '1', null, '2018-05-29 07:20:14', '2018-05-29 07:20:14', '9', null, null), ('bb1a0002-6310-11e8-aaf5-0f254a0c7eae', 'High', '2016', '1', null, '2018-05-29 07:20:14', '2018-05-29 07:20:14', '10', null, null), ('bb1a0003-6310-11e8-aaf5-0f254a0c7eae', 'High', '2016', '1', null, '2018-05-29 07:20:14', '2018-05-29 07:20:14', '10', null, null), ('bb1a0004-6310-11e8-aaf5-0f254a0c7eae', 'High', '2016', '1', null, '2018-05-29 07:20:14', '2018-05-29 07:20:14', '11', null, null), ('bb1a0005-6310-11e8-aaf5-0f254a0c7eae', 'Middle', '2016', '1', null, '2018-05-29 07:20:14', '2018-05-29 07:20:14', '11', null, null), ('bb1a0006-6310-11e8-aaf5-0f254a0c7eae', 'High', '2016', '1', null, '2018-05-29 07:20:14', '2018-05-29 07:20:14', '12', null, null), ('bb1a0007-6310-11e8-aaf5-0f254a0c7eae', 'Middle', '2016', '1', null, '2018-05-29 07:20:14', '2018-05-29 07:20:14', '12', null, null), ('bb1a0008-6310-11e8-aaf5-0f254a0c7eae', 'Middle', '2016', '1', null, '2018-05-29 07:20:14', '2018-05-29 07:20:14', '13', null, null), ('bb1a0009-6310-11e8-aaf5-0f254a0c7eae', 'Low', '2016', '1', null, '2018-05-29 07:20:14', '2018-05-29 07:20:14', '13', null, null), ('bb1a000a-6310-11e8-aaf5-0f254a0c7eae', 'Middle', '2016', '1', null, '2018-05-29 07:20:14', '2018-05-29 07:20:14', '14', null, null), ('bb1a000b-6310-11e8-aaf5-0f254a0c7eae', 'Middle', '2016', '1', null, '2018-05-29 07:20:14', '2018-05-29 07:20:14', '14', null, null), ('bb1a000c-6310-11e8-aaf5-0f254a0c7eae', 'High', '2016', '1', null, '2018-05-29 07:20:14', '2018-05-29 07:20:14', '14', null, null), ('bb1a000d-6310-11e8-aaf5-0f254a0c7eae', 'Middle', '2016', '1', null, '2018-05-29 07:20:14', '2018-05-29 07:20:14', '15', null, null), ('bb1a000e-6310-11e8-aaf5-0f254a0c7eae', 'Low', '2016', '1', null, '2018-05-29 07:20:14', '2018-05-29 07:20:14', '15', null, null), ('bb1a000f-6310-11e8-aaf5-0f254a0c7eae', 'High', '2016', '1', null, '2018-05-29 07:20:14', '2018-05-29 07:20:14', '16', null, null), ('bb1a0010-6310-11e8-aaf5-0f254a0c7eae', 'Middle', '2016', '1', null, '2018-05-29 07:20:14', '2018-05-29 07:20:14', '16', null, null), ('bb1a0011-6310-11e8-aaf5-0f254a0c7eae', 'Middle', '2016', '1', null, '2018-05-29 07:20:14', '2018-05-29 07:20:14', '17', null, null), ('bb1a2700-6310-11e8-aaf5-0f254a0c7eae', 'High', '2016', '1', null, '2018-05-29 07:20:14', '2018-05-29 07:20:14', '17', null, null), ('bb1a2701-6310-11e8-aaf5-0f254a0c7eae', 'Low', '2016', '1', null, '2018-05-29 07:20:14', '2018-05-29 07:20:14', '18', null, null), ('bb1a2702-6310-11e8-aaf5-0f254a0c7eae', 'High', '2016', '1', null, '2018-05-29 07:20:14', '2018-05-29 07:20:14', '18', null, null), ('bb1a2703-6310-11e8-aaf5-0f254a0c7eae', 'High', '2016', '1', null, '2018-05-29 07:20:14', '2018-05-29 07:20:14', '19', null, null), ('bb1a2704-6310-11e8-aaf5-0f254a0c7eae', 'High', '2016', '1', null, '2018-05-29 07:20:14', '2018-05-29 07:20:14', '19', null, null), ('bb1a2705-6310-11e8-aaf5-0f254a0c7eae', 'High', '2016', '1', null, '2018-05-29 07:20:14', '2018-05-29 07:20:14', '20', null, null), ('bb1a2706-6310-11e8-aaf5-0f254a0c7eae', 'Middle', '2016', '1', null, '2018-05-29 07:20:14', '2018-05-29 07:20:14', '20', null, null), ('bb1a2707-6310-11e8-aaf5-0f254a0c7eae', 'Middle', '2016', '1', null, '2018-05-29 07:20:14', '2018-05-29 07:20:14', '21', null, null), ('bb1a2708-6310-11e8-aaf5-0f254a0c7eae', 'High', '2016', '1', null, '2018-05-29 07:20:14', '2018-05-29 07:20:14', '21', null, null), ('bb1a2709-6310-11e8-aaf5-0f254a0c7eae', 'Middle', '2016', '1', null, '2018-05-29 07:20:14', '2018-05-29 07:20:14', '22', null, null), ('bb1a270a-6310-11e8-aaf5-0f254a0c7eae', 'Middle', '2016', '1', null, '2018-05-29 07:20:14', '2018-05-29 07:20:14', '22', null, null), ('bb1a270b-6310-11e8-aaf5-0f254a0c7eae', 'Middle', '2016', '1', null, '2018-05-29 07:20:14', '2018-05-29 07:20:14', '23', null, null), ('bb1a270c-6310-11e8-aaf5-0f254a0c7eae', 'High', '2016', '1', null, '2018-05-29 07:20:14', '2018-05-29 07:20:14', '23', null, null), ('bb1a270d-6310-11e8-aaf5-0f254a0c7eae', 'High', '2016', '1', null, '2018-05-29 07:20:14', '2018-05-29 07:20:14', '24', null, null), ('bb1a270e-6310-11e8-aaf5-0f254a0c7eae', 'Middle', '2016', '1', null, '2018-05-29 07:20:14', '2018-05-29 07:20:14', '24', null, null), ('bb1a270f-6310-11e8-aaf5-0f254a0c7eae', 'Middle', '2016', '1', null, '2018-05-29 07:20:14', '2018-05-29 07:20:14', '25', null, null), ('bb1a2710-6310-11e8-aaf5-0f254a0c7eae', 'High', '2016', '1', null, '2018-05-29 07:20:14', '2018-05-29 07:20:14', '25', null, null), ('bb1a2711-6310-11e8-aaf5-0f254a0c7eae', 'Low', '2016', '1', null, '2018-05-29 07:20:14', '2018-05-29 07:20:14', '26', null, null), ('bb1a2712-6310-11e8-aaf5-0f254a0c7eae', 'Middle', '2016', '1', null, '2018-05-29 07:20:14', '2018-05-29 07:20:14', '26', null, null), ('bb1a2713-6310-11e8-aaf5-0f254a0c7eae', 'Middle', '2016', '1', null, '2018-05-29 07:20:14', '2018-05-29 07:20:14', '27', null, null), ('bb1a2714-6310-11e8-aaf5-0f254a0c7eae', 'High', '2016', '1', null, '2018-05-29 07:20:14', '2018-05-29 07:20:14', '27', null, null), ('bb1a2715-6310-11e8-aaf5-0f254a0c7eae', 'Middle', '2016', '1', null, '2018-05-29 07:20:14', '2018-05-29 07:20:14', '28', null, null), ('bb1a2716-6310-11e8-aaf5-0f254a0c7eae', 'Low', '2016', '1', null, '2018-05-29 07:20:14', '2018-05-29 07:20:14', '28', null, null), ('bb1a2717-6310-11e8-aaf5-0f254a0c7eae', 'Middle', '2016', '1', null, '2018-05-29 07:20:14', '2018-05-29 07:20:14', '29', null, null), ('bb1a2718-6310-11e8-aaf5-0f254a0c7eae', 'Low', '2016', '1', null, '2018-05-29 07:20:14', '2018-05-29 07:20:14', '29', null, null), ('bb1a2719-6310-11e8-aaf5-0f254a0c7eae', 'Middle', '2016', '1', null, '2018-05-29 07:20:14', '2018-05-29 07:20:14', '30', null, null), ('bb1a271a-6310-11e8-aaf5-0f254a0c7eae', 'High', '2016', '1', null, '2018-05-29 07:20:14', '2018-05-29 07:20:14', '30', null, null), ('bb1a271b-6310-11e8-aaf5-0f254a0c7eae', 'Middle', '2016', '1', null, '2018-05-29 07:20:14', '2018-05-29 07:20:14', '31', null, null), ('bb1a271c-6310-11e8-aaf5-0f254a0c7eae', 'Low', '2016', '1', null, '2018-05-29 07:20:14', '2018-05-29 07:20:14', '31', null, null), ('bb1a271d-6310-11e8-aaf5-0f254a0c7eae', 'High', '2016', '1', null, '2018-05-29 07:20:14', '2018-05-29 07:20:14', '32', null, null), ('bb1a271e-6310-11e8-aaf5-0f254a0c7eae', 'Middle', '2016', '1', null, '2018-05-29 07:20:14', '2018-05-29 07:20:14', '32', null, null), ('bb1a271f-6310-11e8-aaf5-0f254a0c7eae', 'Middle', '2016', '1', null, '2018-05-29 07:20:14', '2018-05-29 07:20:14', '33', null, null), ('bb1a2720-6310-11e8-aaf5-0f254a0c7eae', 'Middle', '2016', '1', null, '2018-05-29 07:20:14', '2018-05-29 07:20:14', '33', null, null), ('bb1a2721-6310-11e8-aaf5-0f254a0c7eae', 'Middle', '2016', '1', null, '2018-05-29 07:20:14', '2018-05-29 07:20:14', '34', null, null), ('bb1a2722-6310-11e8-aaf5-0f254a0c7eae', 'High', '2016', '1', null, '2018-05-29 07:20:14', '2018-05-29 07:20:14', '34', null, null), ('bb1a2723-6310-11e8-aaf5-0f254a0c7eae', 'Low', '2016', '1', null, '2018-05-29 07:20:14', '2018-05-29 07:20:14', '35', null, null), ('bb1a2724-6310-11e8-aaf5-0f254a0c7eae', 'Middle', '2016', '1', null, '2018-05-29 07:20:14', '2018-05-29 07:20:14', '35', null, null), ('bb1a2725-6310-11e8-aaf5-0f254a0c7eae', 'Low', '2016', '1', null, '2018-05-29 07:20:14', '2018-05-29 07:20:14', '36', null, null), ('bb1a2726-6310-11e8-aaf5-0f254a0c7eae', 'Middle', '2016', '1', null, '2018-05-29 07:20:14', '2018-05-29 07:20:14', '36', null, null), ('bb1a2727-6310-11e8-aaf5-0f254a0c7eae', 'Middle', '2016', '1', null, '2018-05-29 07:20:14', '2018-05-29 07:20:14', '37', null, null), ('bb1a2728-6310-11e8-aaf5-0f254a0c7eae', 'High', '2016', '1', null, '2018-05-29 07:20:14', '2018-05-29 07:20:14', '37', null, null), ('bb1a2729-6310-11e8-aaf5-0f254a0c7eae', 'High', '2016', '1', null, '2018-05-29 07:20:14', '2018-05-29 07:20:14', '38', null, null), ('bb1a272a-6310-11e8-aaf5-0f254a0c7eae', 'Middle', '2016', '1', null, '2018-05-29 07:20:14', '2018-05-29 07:20:14', '38', null, null), ('bb1a272b-6310-11e8-aaf5-0f254a0c7eae', 'Low', '2016', '1', null, '2018-05-29 07:20:14', '2018-05-29 07:20:14', '39', null, null), ('bb1a272c-6310-11e8-aaf5-0f254a0c7eae', 'High', '2016', '1', null, '2018-05-29 07:20:14', '2018-05-29 07:20:14', '39', null, null), ('bb1a272d-6310-11e8-aaf5-0f254a0c7eae', 'High', '2016', '1', null, '2018-05-29 07:20:14', '2018-05-29 07:20:14', '40', null, null), ('bb1a272e-6310-11e8-aaf5-0f254a0c7eae', 'Middle', '2016', '1', null, '2018-05-29 07:20:14', '2018-05-29 07:20:14', '40', null, null), ('bb1a272f-6310-11e8-aaf5-0f254a0c7eae', 'Low', '2016', '1', null, '2018-05-29 07:20:14', '2018-05-29 07:20:14', '41', null, null), ('bb1a2730-6310-11e8-aaf5-0f254a0c7eae', 'High', '2016', '1', null, '2018-05-29 07:20:14', '2018-05-29 07:20:14', '41', null, null), ('bb1a2731-6310-11e8-aaf5-0f254a0c7eae', 'High', '2016', '1', null, '2018-05-29 07:20:14', '2018-05-29 07:20:14', '42', null, null), ('bb1a2732-6310-11e8-aaf5-0f254a0c7eae', 'Low', '2016', '1', null, '2018-05-29 07:20:14', '2018-05-29 07:20:14', '42', null, null), ('bb1a2733-6310-11e8-aaf5-0f254a0c7eae', 'Middle', '2016', '1', null, '2018-05-29 07:20:14', '2018-05-29 07:20:14', '43', null, null), ('bb1a2734-6310-11e8-aaf5-0f254a0c7eae', 'High', '2016', '1', null, '2018-05-29 07:20:14', '2018-05-29 07:20:14', '43', null, null), ('bb1a2735-6310-11e8-aaf5-0f254a0c7eae', 'High', '2016', '1', null, '2018-05-29 07:20:14', '2018-05-29 07:20:14', '44', null, null), ('bb1a2736-6310-11e8-aaf5-0f254a0c7eae', 'Middle', '2016', '1', null, '2018-05-29 07:20:14', '2018-05-29 07:20:14', '44', null, null), ('bb1a2737-6310-11e8-aaf5-0f254a0c7eae', 'Middle', '2016', '1', null, '2018-05-29 07:20:14', '2018-05-29 07:20:14', '45', null, null), ('bb1a2738-6310-11e8-aaf5-0f254a0c7eae', 'High', '2016', '1', null, '2018-05-29 07:20:14', '2018-05-29 07:20:14', '45', null, null), ('bb1a2739-6310-11e8-aaf5-0f254a0c7eae', 'Middle', '2016', '1', null, '2018-05-29 07:20:14', '2018-05-29 07:20:14', '46', null, null), ('bb1a273a-6310-11e8-aaf5-0f254a0c7eae', 'Low', '2016', '1', null, '2018-05-29 07:20:14', '2018-05-29 07:20:14', '46', null, null), ('bb1a273b-6310-11e8-aaf5-0f254a0c7eae', 'Low', '2016', '1', null, '2018-05-29 07:20:14', '2018-05-29 07:20:14', '46', null, null), ('bb1a273c-6310-11e8-aaf5-0f254a0c7eae', 'High', '2016', '1', null, '2018-05-29 07:20:14', '2018-05-29 07:20:14', '47', null, null), ('bb1a273d-6310-11e8-aaf5-0f254a0c7eae', 'Middle', '2016', '1', null, '2018-05-29 07:20:14', '2018-05-29 07:20:14', '47', null, null), ('bb1a273e-6310-11e8-aaf5-0f254a0c7eae', 'Middle', '2016', '1', null, '2018-05-29 07:20:14', '2018-05-29 07:20:14', '48', null, null), ('bb1a273f-6310-11e8-aaf5-0f254a0c7eae', 'Low', '2016', '1', null, '2018-05-29 07:20:14', '2018-05-29 07:20:14', '48', null, null), ('bb1a2740-6310-11e8-aaf5-0f254a0c7eae', 'High', '2016', '1', null, '2018-05-29 07:20:14', '2018-05-29 07:20:14', '49', null, null), ('bb1a2741-6310-11e8-aaf5-0f254a0c7eae', 'Middle', '2016', '1', null, '2018-05-29 07:20:14', '2018-05-29 07:20:14', '49', null, null), ('bb1a2742-6310-11e8-aaf5-0f254a0c7eae', 'Middle', '2016', '1', null, '2018-05-29 07:20:14', '2018-05-29 07:20:14', '49', null, null), ('bb1a2743-6310-11e8-aaf5-0f254a0c7eae', 'Middle', '2017', '1', null, '2018-05-29 07:20:14', '2018-05-29 07:20:14', '1', null, null), ('bb1a2744-6310-11e8-aaf5-0f254a0c7eae', 'High', '2017', '1', null, '2018-05-29 07:20:14', '2018-05-29 07:20:14', '1', null, null), ('bb1a2745-6310-11e8-aaf5-0f254a0c7eae', 'Middle', '2017', '1', null, '2018-05-29 07:20:14', '2018-05-29 07:20:14', '2', null, null), ('bb1a2746-6310-11e8-aaf5-0f254a0c7eae', 'Low', '2017', '1', null, '2018-05-29 07:20:14', '2018-05-29 07:20:14', '2', null, null), ('bb1a2747-6310-11e8-aaf5-0f254a0c7eae', 'High', '2017', '1', null, '2018-05-29 07:20:14', '2018-05-29 07:20:14', '3', null, null), ('bb1a2748-6310-11e8-aaf5-0f254a0c7eae', 'Middle', '2017', '1', null, '2018-05-29 07:20:14', '2018-05-29 07:20:14', '3', null, null), ('bb1a4e10-6310-11e8-aaf5-0f254a0c7eae', 'High', '2017', '1', null, '2018-05-29 07:20:14', '2018-05-29 07:20:14', '4', null, null), ('bb1a4e11-6310-11e8-aaf5-0f254a0c7eae', 'Middle', '2017', '1', null, '2018-05-29 07:20:14', '2018-05-29 07:20:14', '4', null, null), ('bb1a4e12-6310-11e8-aaf5-0f254a0c7eae', 'Middle', '2017', '1', null, '2018-05-29 07:20:14', '2018-05-29 07:20:14', '5', null, null), ('bb1a4e13-6310-11e8-aaf5-0f254a0c7eae', 'High', '2017', '1', null, '2018-05-29 07:20:14', '2018-05-29 07:20:14', '5', null, null), ('bb1a4e14-6310-11e8-aaf5-0f254a0c7eae', 'High', '2017', '1', null, '2018-05-29 07:20:14', '2018-05-29 07:20:14', '6', null, null), ('bb1a4e15-6310-11e8-aaf5-0f254a0c7eae', 'Middle', '2017', '1', null, '2018-05-29 07:20:14', '2018-05-29 07:20:14', '6', null, null), ('bb1a4e16-6310-11e8-aaf5-0f254a0c7eae', 'Middle', '2017', '1', null, '2018-05-29 07:20:14', '2018-05-29 07:20:14', '7', null, null), ('bb1a4e17-6310-11e8-aaf5-0f254a0c7eae', 'Low', '2017', '1', null, '2018-05-29 07:20:14', '2018-05-29 07:20:14', '7', null, null), ('bb1a4e18-6310-11e8-aaf5-0f254a0c7eae', 'Low', '2017', '1', null, '2018-05-29 07:20:14', '2018-05-29 07:20:14', '8', null, null), ('bb1a4e19-6310-11e8-aaf5-0f254a0c7eae', 'High', '2017', '1', null, '2018-05-29 07:20:14', '2018-05-29 07:20:14', '8', null, null), ('bb1a4e1a-6310-11e8-aaf5-0f254a0c7eae', 'Middle', '2017', '1', null, '2018-05-29 07:20:14', '2018-05-29 07:20:14', '9', null, null), ('bb1a4e1b-6310-11e8-aaf5-0f254a0c7eae', 'Low', '2017', '1', null, '2018-05-29 07:20:14', '2018-05-29 07:20:14', '9', null, null), ('bb1a4e1c-6310-11e8-aaf5-0f254a0c7eae', 'High', '2017', '1', null, '2018-05-29 07:20:14', '2018-05-29 07:20:14', '10', null, null), ('bb1a4e1d-6310-11e8-aaf5-0f254a0c7eae', 'High', '2017', '1', null, '2018-05-29 07:20:14', '2018-05-29 07:20:14', '10', null, null), ('bb1a4e1e-6310-11e8-aaf5-0f254a0c7eae', 'High', '2017', '1', null, '2018-05-29 07:20:14', '2018-05-29 07:20:14', '11', null, null), ('bb1a4e1f-6310-11e8-aaf5-0f254a0c7eae', 'Middle', '2017', '1', null, '2018-05-29 07:20:14', '2018-05-29 07:20:14', '11', null, null), ('bb1a4e20-6310-11e8-aaf5-0f254a0c7eae', 'High', '2017', '1', null, '2018-05-29 07:20:14', '2018-05-29 07:20:14', '12', null, null), ('bb1a4e21-6310-11e8-aaf5-0f254a0c7eae', 'Middle', '2017', '1', null, '2018-05-29 07:20:14', '2018-05-29 07:20:14', '12', null, null), ('bb1a4e22-6310-11e8-aaf5-0f254a0c7eae', 'Middle', '2017', '1', null, '2018-05-29 07:20:14', '2018-05-29 07:20:14', '13', null, null), ('bb1a4e23-6310-11e8-aaf5-0f254a0c7eae', 'Low', '2017', '1', null, '2018-05-29 07:20:14', '2018-05-29 07:20:14', '13', null, null), ('bb1a4e24-6310-11e8-aaf5-0f254a0c7eae', 'Middle', '2017', '1', null, '2018-05-29 07:20:14', '2018-05-29 07:20:14', '14', null, null), ('bb1a4e25-6310-11e8-aaf5-0f254a0c7eae', 'Middle', '2017', '1', null, '2018-05-29 07:20:14', '2018-05-29 07:20:14', '14', null, null), ('bb1a4e26-6310-11e8-aaf5-0f254a0c7eae', 'High', '2017', '1', null, '2018-05-29 07:20:14', '2018-05-29 07:20:14', '14', null, null), ('bb1a4e27-6310-11e8-aaf5-0f254a0c7eae', 'Middle', '2017', '1', null, '2018-05-29 07:20:14', '2018-05-29 07:20:14', '15', null, null), ('bb1a4e28-6310-11e8-aaf5-0f254a0c7eae', 'Low', '2017', '1', null, '2018-05-29 07:20:14', '2018-05-29 07:20:14', '15', null, null), ('bb1a4e29-6310-11e8-aaf5-0f254a0c7eae', 'High', '2017', '1', null, '2018-05-29 07:20:14', '2018-05-29 07:20:14', '16', null, null), ('bb1a4e2a-6310-11e8-aaf5-0f254a0c7eae', 'Middle', '2017', '1', null, '2018-05-29 07:20:14', '2018-05-29 07:20:14', '16', null, null), ('bb1a4e2b-6310-11e8-aaf5-0f254a0c7eae', 'Middle', '2017', '1', null, '2018-05-29 07:20:14', '2018-05-29 07:20:14', '17', null, null), ('bb1a4e2c-6310-11e8-aaf5-0f254a0c7eae', 'High', '2017', '1', null, '2018-05-29 07:20:14', '2018-05-29 07:20:14', '17', null, null), ('bb1a4e2d-6310-11e8-aaf5-0f254a0c7eae', 'Low', '2017', '1', null, '2018-05-29 07:20:14', '2018-05-29 07:20:14', '18', null, null), ('bb1a4e2e-6310-11e8-aaf5-0f254a0c7eae', 'High', '2017', '1', null, '2018-05-29 07:20:14', '2018-05-29 07:20:14', '18', null, null), ('bb1a4e2f-6310-11e8-aaf5-0f254a0c7eae', 'High', '2017', '1', null, '2018-05-29 07:20:14', '2018-05-29 07:20:14', '19', null, null), ('bb1a4e30-6310-11e8-aaf5-0f254a0c7eae', 'High', '2017', '1', null, '2018-05-29 07:20:14', '2018-05-29 07:20:14', '19', null, null), ('bb1a4e31-6310-11e8-aaf5-0f254a0c7eae', 'High', '2017', '1', null, '2018-05-29 07:20:14', '2018-05-29 07:20:14', '20', null, null), ('bb1a4e32-6310-11e8-aaf5-0f254a0c7eae', 'Middle', '2017', '1', null, '2018-05-29 07:20:14', '2018-05-29 07:20:14', '20', null, null), ('bb1a4e33-6310-11e8-aaf5-0f254a0c7eae', 'Middle', '2017', '1', null, '2018-05-29 07:20:14', '2018-05-29 07:20:14', '21', null, null), ('bb1a4e34-6310-11e8-aaf5-0f254a0c7eae', 'High', '2017', '1', null, '2018-05-29 07:20:14', '2018-05-29 07:20:14', '21', null, null), ('bb1a4e35-6310-11e8-aaf5-0f254a0c7eae', 'Middle', '2017', '1', null, '2018-05-29 07:20:14', '2018-05-29 07:20:14', '22', null, null), ('bb1a4e36-6310-11e8-aaf5-0f254a0c7eae', 'Middle', '2017', '1', null, '2018-05-29 07:20:14', '2018-05-29 07:20:14', '22', null, null), ('bb1a4e37-6310-11e8-aaf5-0f254a0c7eae', 'Middle', '2017', '1', null, '2018-05-29 07:20:14', '2018-05-29 07:20:14', '23', null, null), ('bb1a4e38-6310-11e8-aaf5-0f254a0c7eae', 'High', '2017', '1', null, '2018-05-29 07:20:14', '2018-05-29 07:20:14', '23', null, null), ('bb1a4e39-6310-11e8-aaf5-0f254a0c7eae', 'High', '2017', '1', null, '2018-05-29 07:20:14', '2018-05-29 07:20:14', '24', null, null), ('bb1a4e3a-6310-11e8-aaf5-0f254a0c7eae', 'Middle', '2017', '1', null, '2018-05-29 07:20:14', '2018-05-29 07:20:14', '24', null, null), ('bb1a7520-6310-11e8-aaf5-0f254a0c7eae', 'Middle', '2017', '1', null, '2018-05-29 07:20:14', '2018-05-29 07:20:14', '25', null, null), ('bb1a7521-6310-11e8-aaf5-0f254a0c7eae', 'High', '2017', '1', null, '2018-05-29 07:20:14', '2018-05-29 07:20:14', '25', null, null), ('bb1a7522-6310-11e8-aaf5-0f254a0c7eae', 'Low', '2017', '1', null, '2018-05-29 07:20:14', '2018-05-29 07:20:14', '26', null, null), ('bb1a7523-6310-11e8-aaf5-0f254a0c7eae', 'Middle', '2017', '1', null, '2018-05-29 07:20:14', '2018-05-29 07:20:14', '26', null, null), ('bb1a7524-6310-11e8-aaf5-0f254a0c7eae', 'Middle', '2017', '1', null, '2018-05-29 07:20:14', '2018-05-29 07:20:14', '27', null, null), ('bb1a7525-6310-11e8-aaf5-0f254a0c7eae', 'High', '2017', '1', null, '2018-05-29 07:20:14', '2018-05-29 07:20:14', '27', null, null), ('bb1a7526-6310-11e8-aaf5-0f254a0c7eae', 'Middle', '2017', '1', null, '2018-05-29 07:20:14', '2018-05-29 07:20:14', '28', null, null), ('bb1a7527-6310-11e8-aaf5-0f254a0c7eae', 'Low', '2017', '1', null, '2018-05-29 07:20:14', '2018-05-29 07:20:14', '28', null, null), ('bb1a7528-6310-11e8-aaf5-0f254a0c7eae', 'Middle', '2017', '1', null, '2018-05-29 07:20:14', '2018-05-29 07:20:14', '29', null, null), ('bb1a7529-6310-11e8-aaf5-0f254a0c7eae', 'Low', '2017', '1', null, '2018-05-29 07:20:14', '2018-05-29 07:20:14', '29', null, null), ('bb1a752a-6310-11e8-aaf5-0f254a0c7eae', 'Middle', '2017', '1', null, '2018-05-29 07:20:14', '2018-05-29 07:20:14', '30', null, null), ('bb1a752b-6310-11e8-aaf5-0f254a0c7eae', 'High', '2017', '1', null, '2018-05-29 07:20:14', '2018-05-29 07:20:14', '30', null, null), ('bb1a752c-6310-11e8-aaf5-0f254a0c7eae', 'Middle', '2017', '1', null, '2018-05-29 07:20:14', '2018-05-29 07:20:14', '31', null, null), ('bb1a752d-6310-11e8-aaf5-0f254a0c7eae', 'Low', '2017', '1', null, '2018-05-29 07:20:14', '2018-05-29 07:20:14', '31', null, null), ('bb1a752e-6310-11e8-aaf5-0f254a0c7eae', 'High', '2017', '1', null, '2018-05-29 07:20:14', '2018-05-29 07:20:14', '32', null, null), ('bb1a752f-6310-11e8-aaf5-0f254a0c7eae', 'Middle', '2017', '1', null, '2018-05-29 07:20:14', '2018-05-29 07:20:14', '32', null, null), ('bb1a7530-6310-11e8-aaf5-0f254a0c7eae', 'Middle', '2017', '1', null, '2018-05-29 07:20:14', '2018-05-29 07:20:14', '33', null, null), ('bb1a7531-6310-11e8-aaf5-0f254a0c7eae', 'Middle', '2017', '1', null, '2018-05-29 07:20:14', '2018-05-29 07:20:14', '33', null, null), ('bb1a7532-6310-11e8-aaf5-0f254a0c7eae', 'Middle', '2017', '1', null, '2018-05-29 07:20:14', '2018-05-29 07:20:14', '34', null, null), ('bb1a7533-6310-11e8-aaf5-0f254a0c7eae', 'High', '2017', '1', null, '2018-05-29 07:20:14', '2018-05-29 07:20:14', '34', null, null), ('bb1a7534-6310-11e8-aaf5-0f254a0c7eae', 'Low', '2017', '1', null, '2018-05-29 07:20:14', '2018-05-29 07:20:14', '35', null, null), ('bb1a7535-6310-11e8-aaf5-0f254a0c7eae', 'Middle', '2017', '1', null, '2018-05-29 07:20:14', '2018-05-29 07:20:14', '35', null, null), ('bb1a7536-6310-11e8-aaf5-0f254a0c7eae', 'Low', '2017', '1', null, '2018-05-29 07:20:14', '2018-05-29 07:20:14', '36', null, null), ('bb1a7537-6310-11e8-aaf5-0f254a0c7eae', 'Middle', '2017', '1', null, '2018-05-29 07:20:14', '2018-05-29 07:20:14', '36', null, null), ('bb1a7538-6310-11e8-aaf5-0f254a0c7eae', 'Middle', '2017', '1', null, '2018-05-29 07:20:14', '2018-05-29 07:20:14', '37', null, null), ('bb1a7539-6310-11e8-aaf5-0f254a0c7eae', 'High', '2017', '1', null, '2018-05-29 07:20:14', '2018-05-29 07:20:14', '37', null, null), ('bb1a753a-6310-11e8-aaf5-0f254a0c7eae', 'High', '2017', '1', null, '2018-05-29 07:20:14', '2018-05-29 07:20:14', '38', null, null), ('bb1a753b-6310-11e8-aaf5-0f254a0c7eae', 'Middle', '2017', '1', null, '2018-05-29 07:20:14', '2018-05-29 07:20:14', '38', null, null), ('bb1a753c-6310-11e8-aaf5-0f254a0c7eae', 'Low', '2017', '1', null, '2018-05-29 07:20:14', '2018-05-29 07:20:14', '39', null, null), ('bb1a753d-6310-11e8-aaf5-0f254a0c7eae', 'High', '2017', '1', null, '2018-05-29 07:20:14', '2018-05-29 07:20:14', '39', null, null), ('bb1a753e-6310-11e8-aaf5-0f254a0c7eae', 'High', '2017', '1', null, '2018-05-29 07:20:14', '2018-05-29 07:20:14', '40', null, null), ('bb1a753f-6310-11e8-aaf5-0f254a0c7eae', 'Middle', '2017', '1', null, '2018-05-29 07:20:14', '2018-05-29 07:20:14', '40', null, null), ('bb1a7540-6310-11e8-aaf5-0f254a0c7eae', 'Low', '2017', '1', null, '2018-05-29 07:20:14', '2018-05-29 07:20:14', '41', null, null), ('bb1a7541-6310-11e8-aaf5-0f254a0c7eae', 'High', '2017', '1', null, '2018-05-29 07:20:14', '2018-05-29 07:20:14', '41', null, null), ('bb1a7542-6310-11e8-aaf5-0f254a0c7eae', 'High', '2017', '1', null, '2018-05-29 07:20:14', '2018-05-29 07:20:14', '42', null, null), ('bb1a7543-6310-11e8-aaf5-0f254a0c7eae', 'Low', '2017', '1', null, '2018-05-29 07:20:14', '2018-05-29 07:20:14', '42', null, null), ('bb1a7544-6310-11e8-aaf5-0f254a0c7eae', 'Middle', '2017', '1', null, '2018-05-29 07:20:14', '2018-05-29 07:20:14', '43', null, null), ('bb1a7545-6310-11e8-aaf5-0f254a0c7eae', 'High', '2017', '1', null, '2018-05-29 07:20:14', '2018-05-29 07:20:14', '43', null, null), ('bb1a7546-6310-11e8-aaf5-0f254a0c7eae', 'High', '2017', '1', null, '2018-05-29 07:20:14', '2018-05-29 07:20:14', '44', null, null), ('bb1a7547-6310-11e8-aaf5-0f254a0c7eae', 'Middle', '2017', '1', null, '2018-05-29 07:20:14', '2018-05-29 07:20:14', '44', null, null), ('bb1a7548-6310-11e8-aaf5-0f254a0c7eae', 'Middle', '2017', '1', null, '2018-05-29 07:20:14', '2018-05-29 07:20:14', '45', null, null), ('bb1a9c30-6310-11e8-aaf5-0f254a0c7eae', 'High', '2017', '1', null, '2018-05-29 07:20:14', '2018-05-29 07:20:14', '45', null, null), ('bb1a9c31-6310-11e8-aaf5-0f254a0c7eae', 'Middle', '2017', '1', null, '2018-05-29 07:20:14', '2018-05-29 07:20:14', '46', null, null), ('bb1a9c32-6310-11e8-aaf5-0f254a0c7eae', 'Low', '2017', '1', null, '2018-05-29 07:20:14', '2018-05-29 07:20:14', '46', null, null), ('bb1a9c33-6310-11e8-aaf5-0f254a0c7eae', 'Low', '2017', '1', null, '2018-05-29 07:20:14', '2018-05-29 07:20:14', '46', null, null), ('bb1a9c34-6310-11e8-aaf5-0f254a0c7eae', 'High', '2017', '1', null, '2018-05-29 07:20:14', '2018-05-29 07:20:14', '47', null, null), ('bb1a9c35-6310-11e8-aaf5-0f254a0c7eae', 'Middle', '2017', '1', null, '2018-05-29 07:20:14', '2018-05-29 07:20:14', '47', null, null), ('bb1a9c36-6310-11e8-aaf5-0f254a0c7eae', 'Middle', '2017', '1', null, '2018-05-29 07:20:14', '2018-05-29 07:20:14', '48', null, null), ('bb1a9c37-6310-11e8-aaf5-0f254a0c7eae', 'Low', '2017', '1', null, '2018-05-29 07:20:14', '2018-05-29 07:20:14', '48', null, null), ('bb1a9c38-6310-11e8-aaf5-0f254a0c7eae', 'High', '2017', '1', null, '2018-05-29 07:20:14', '2018-05-29 07:20:14', '49', null, null), ('bb1a9c39-6310-11e8-aaf5-0f254a0c7eae', 'Middle', '2017', '1', null, '2018-05-29 07:20:14', '2018-05-29 07:20:14', '49', null, null), ('bb1a9c3a-6310-11e8-aaf5-0f254a0c7eae', 'Middle', '2017', '1', null, '2018-05-29 07:20:14', '2018-05-29 07:20:14', '49', null, null), ('bb1a9c3b-6310-11e8-aaf5-0f254a0c7eae', 'Middle', '2018', '1', null, '2018-05-29 07:20:14', '2018-05-29 07:20:14', '1', null, null), ('bb1a9c3c-6310-11e8-aaf5-0f254a0c7eae', 'High', '2018', '1', null, '2018-05-29 07:20:14', '2018-05-29 07:20:14', '1', null, null), ('bb1a9c3d-6310-11e8-aaf5-0f254a0c7eae', 'Middle', '2018', '1', null, '2018-05-29 07:20:14', '2018-05-29 07:20:14', '2', null, null), ('bb1a9c3e-6310-11e8-aaf5-0f254a0c7eae', 'Low', '2018', '1', null, '2018-05-29 07:20:14', '2018-05-29 07:20:14', '2', null, null), ('bb1a9c3f-6310-11e8-aaf5-0f254a0c7eae', 'High', '2018', '1', null, '2018-05-29 07:20:14', '2018-05-29 07:20:14', '3', null, null), ('bb1a9c40-6310-11e8-aaf5-0f254a0c7eae', 'Middle', '2018', '1', null, '2018-05-29 07:20:14', '2018-05-29 07:20:14', '3', null, null), ('bb1a9c41-6310-11e8-aaf5-0f254a0c7eae', 'High', '2018', '1', null, '2018-05-29 07:20:14', '2018-05-29 07:20:14', '4', null, null), ('bb1a9c42-6310-11e8-aaf5-0f254a0c7eae', 'Middle', '2018', '1', null, '2018-05-29 07:20:14', '2018-05-29 07:20:14', '4', null, null), ('bb1a9c43-6310-11e8-aaf5-0f254a0c7eae', 'Middle', '2018', '1', null, '2018-05-29 07:20:14', '2018-05-29 07:20:14', '5', null, null), ('bb1a9c44-6310-11e8-aaf5-0f254a0c7eae', 'High', '2018', '1', null, '2018-05-29 07:20:14', '2018-05-29 07:20:14', '5', null, null), ('bb1a9c45-6310-11e8-aaf5-0f254a0c7eae', 'High', '2018', '1', null, '2018-05-29 07:20:14', '2018-05-29 07:20:14', '6', null, null), ('bb1a9c46-6310-11e8-aaf5-0f254a0c7eae', 'Middle', '2018', '1', null, '2018-05-29 07:20:14', '2018-05-29 07:20:14', '6', null, null), ('bb1a9c47-6310-11e8-aaf5-0f254a0c7eae', 'Middle', '2018', '1', null, '2018-05-29 07:20:14', '2018-05-29 07:20:14', '7', null, null), ('bb1a9c48-6310-11e8-aaf5-0f254a0c7eae', 'Low', '2018', '1', null, '2018-05-29 07:20:14', '2018-05-29 07:20:14', '7', null, null), ('bb1a9c49-6310-11e8-aaf5-0f254a0c7eae', 'Low', '2018', '1', null, '2018-05-29 07:20:14', '2018-05-29 07:20:14', '8', null, null), ('bb1a9c4a-6310-11e8-aaf5-0f254a0c7eae', 'High', '2018', '1', null, '2018-05-29 07:20:14', '2018-05-29 07:20:14', '8', null, null), ('bb1a9c4b-6310-11e8-aaf5-0f254a0c7eae', 'Middle', '2018', '1', null, '2018-05-29 07:20:14', '2018-05-29 07:20:14', '9', null, null), ('bb1a9c4c-6310-11e8-aaf5-0f254a0c7eae', 'Low', '2018', '1', null, '2018-05-29 07:20:14', '2018-05-29 07:20:14', '9', null, null), ('bb1a9c4d-6310-11e8-aaf5-0f254a0c7eae', 'High', '2018', '1', null, '2018-05-29 07:20:14', '2018-05-29 07:20:14', '10', null, null), ('bb1a9c4e-6310-11e8-aaf5-0f254a0c7eae', 'High', '2018', '1', null, '2018-05-29 07:20:14', '2018-05-29 07:20:14', '10', null, null), ('bb1a9c4f-6310-11e8-aaf5-0f254a0c7eae', 'High', '2018', '1', null, '2018-05-29 07:20:14', '2018-05-29 07:20:14', '11', null, null), ('bb1a9c50-6310-11e8-aaf5-0f254a0c7eae', 'Middle', '2018', '1', null, '2018-05-29 07:20:14', '2018-05-29 07:20:14', '11', null, null), ('bb1a9c51-6310-11e8-aaf5-0f254a0c7eae', 'High', '2018', '1', null, '2018-05-29 07:20:14', '2018-05-29 07:20:14', '12', null, null), ('bb1a9c52-6310-11e8-aaf5-0f254a0c7eae', 'Middle', '2018', '1', null, '2018-05-29 07:20:14', '2018-05-29 07:20:14', '12', null, null), ('bb1a9c53-6310-11e8-aaf5-0f254a0c7eae', 'Middle', '2018', '1', null, '2018-05-29 07:20:14', '2018-05-29 07:20:14', '13', null, null), ('bb1a9c54-6310-11e8-aaf5-0f254a0c7eae', 'Low', '2018', '1', null, '2018-05-29 07:20:14', '2018-05-29 07:20:14', '13', null, null), ('bb1a9c55-6310-11e8-aaf5-0f254a0c7eae', 'Middle', '2018', '1', null, '2018-05-29 07:20:14', '2018-05-29 07:20:14', '14', null, null), ('bb1a9c56-6310-11e8-aaf5-0f254a0c7eae', 'Middle', '2018', '1', null, '2018-05-29 07:20:14', '2018-05-29 07:20:14', '14', null, null), ('bb1a9c57-6310-11e8-aaf5-0f254a0c7eae', 'High', '2018', '1', null, '2018-05-29 07:20:14', '2018-05-29 07:20:14', '14', null, null), ('bb1a9c58-6310-11e8-aaf5-0f254a0c7eae', 'Middle', '2018', '1', null, '2018-05-29 07:20:14', '2018-05-29 07:20:14', '15', null, null), ('bb1a9c59-6310-11e8-aaf5-0f254a0c7eae', 'Low', '2018', '1', null, '2018-05-29 07:20:14', '2018-05-29 07:20:14', '15', null, null), ('bb1a9c5a-6310-11e8-aaf5-0f254a0c7eae', 'High', '2018', '1', null, '2018-05-29 07:20:14', '2018-05-29 07:20:14', '16', null, null), ('bb1a9c5b-6310-11e8-aaf5-0f254a0c7eae', 'Middle', '2018', '1', null, '2018-05-29 07:20:14', '2018-05-29 07:20:14', '16', null, null), ('bb1a9c5c-6310-11e8-aaf5-0f254a0c7eae', 'Middle', '2018', '1', null, '2018-05-29 07:20:14', '2018-05-29 07:20:14', '17', null, null), ('bb1a9c5d-6310-11e8-aaf5-0f254a0c7eae', 'High', '2018', '1', null, '2018-05-29 07:20:14', '2018-05-29 07:20:14', '17', null, null), ('bb1a9c5e-6310-11e8-aaf5-0f254a0c7eae', 'Low', '2018', '1', null, '2018-05-29 07:20:14', '2018-05-29 07:20:14', '18', null, null), ('bb1a9c5f-6310-11e8-aaf5-0f254a0c7eae', 'High', '2018', '1', null, '2018-05-29 07:20:14', '2018-05-29 07:20:14', '18', null, null), ('bb1a9c60-6310-11e8-aaf5-0f254a0c7eae', 'High', '2018', '1', null, '2018-05-29 07:20:14', '2018-05-29 07:20:14', '19', null, null), ('bb1a9c61-6310-11e8-aaf5-0f254a0c7eae', 'High', '2018', '1', null, '2018-05-29 07:20:14', '2018-05-29 07:20:14', '19', null, null), ('bb1a9c62-6310-11e8-aaf5-0f254a0c7eae', 'High', '2018', '1', null, '2018-05-29 07:20:14', '2018-05-29 07:20:14', '20', null, null), ('bb1a9c63-6310-11e8-aaf5-0f254a0c7eae', 'Middle', '2018', '1', null, '2018-05-29 07:20:14', '2018-05-29 07:20:14', '20', null, null), ('bb1a9c64-6310-11e8-aaf5-0f254a0c7eae', 'Middle', '2018', '1', null, '2018-05-29 07:20:14', '2018-05-29 07:20:14', '21', null, null), ('bb1a9c65-6310-11e8-aaf5-0f254a0c7eae', 'High', '2018', '1', null, '2018-05-29 07:20:14', '2018-05-29 07:20:14', '21', null, null), ('bb1a9c66-6310-11e8-aaf5-0f254a0c7eae', 'Middle', '2018', '1', null, '2018-05-29 07:20:14', '2018-05-29 07:20:14', '22', null, null), ('bb1a9c67-6310-11e8-aaf5-0f254a0c7eae', 'Middle', '2018', '1', null, '2018-05-29 07:20:14', '2018-05-29 07:20:14', '22', null, null), ('bb1a9c68-6310-11e8-aaf5-0f254a0c7eae', 'Middle', '2018', '1', null, '2018-05-29 07:20:14', '2018-05-29 07:20:14', '23', null, null), ('bb1a9c69-6310-11e8-aaf5-0f254a0c7eae', 'High', '2018', '1', null, '2018-05-29 07:20:14', '2018-05-29 07:20:14', '23', null, null), ('bb1a9c6a-6310-11e8-aaf5-0f254a0c7eae', 'High', '2018', '1', null, '2018-05-29 07:20:14', '2018-05-29 07:20:14', '24', null, null), ('bb1a9c6b-6310-11e8-aaf5-0f254a0c7eae', 'Middle', '2018', '1', null, '2018-05-29 07:20:14', '2018-05-29 07:20:14', '24', null, null), ('bb1a9c6c-6310-11e8-aaf5-0f254a0c7eae', 'Middle', '2018', '1', null, '2018-05-29 07:20:14', '2018-05-29 07:20:14', '25', null, null), ('bb1a9c6d-6310-11e8-aaf5-0f254a0c7eae', 'High', '2018', '1', null, '2018-05-29 07:20:14', '2018-05-29 07:20:14', '25', null, null), ('bb1a9c6e-6310-11e8-aaf5-0f254a0c7eae', 'Low', '2018', '1', null, '2018-05-29 07:20:14', '2018-05-29 07:20:14', '26', null, null), ('bb1a9c6f-6310-11e8-aaf5-0f254a0c7eae', 'Middle', '2018', '1', null, '2018-05-29 07:20:14', '2018-05-29 07:20:14', '26', null, null), ('bb1a9c70-6310-11e8-aaf5-0f254a0c7eae', 'Middle', '2018', '1', null, '2018-05-29 07:20:14', '2018-05-29 07:20:14', '27', null, null), ('bb1a9c71-6310-11e8-aaf5-0f254a0c7eae', 'High', '2018', '1', null, '2018-05-29 07:20:14', '2018-05-29 07:20:14', '27', null, null), ('bb1a9c72-6310-11e8-aaf5-0f254a0c7eae', 'Middle', '2018', '1', null, '2018-05-29 07:20:14', '2018-05-29 07:20:14', '28', null, null), ('bb1a9c73-6310-11e8-aaf5-0f254a0c7eae', 'Low', '2018', '1', null, '2018-05-29 07:20:14', '2018-05-29 07:20:14', '28', null, null), ('bb1a9c74-6310-11e8-aaf5-0f254a0c7eae', 'Middle', '2018', '1', null, '2018-05-29 07:20:14', '2018-05-29 07:20:14', '29', null, null), ('bb1a9c75-6310-11e8-aaf5-0f254a0c7eae', 'Low', '2018', '1', null, '2018-05-29 07:20:14', '2018-05-29 07:20:14', '29', null, null), ('bb1ac340-6310-11e8-aaf5-0f254a0c7eae', 'Middle', '2018', '1', null, '2018-05-29 07:20:14', '2018-05-29 07:20:14', '30', null, null), ('bb1ac341-6310-11e8-aaf5-0f254a0c7eae', 'High', '2018', '1', null, '2018-05-29 07:20:14', '2018-05-29 07:20:14', '30', null, null), ('bb1ac342-6310-11e8-aaf5-0f254a0c7eae', 'Middle', '2018', '1', null, '2018-05-29 07:20:14', '2018-05-29 07:20:14', '31', null, null), ('bb1ac343-6310-11e8-aaf5-0f254a0c7eae', 'Low', '2018', '1', null, '2018-05-29 07:20:14', '2018-05-29 07:20:14', '31', null, null), ('bb1ac344-6310-11e8-aaf5-0f254a0c7eae', 'High', '2018', '1', null, '2018-05-29 07:20:14', '2018-05-29 07:20:14', '32', null, null), ('bb1ac345-6310-11e8-aaf5-0f254a0c7eae', 'Middle', '2018', '1', null, '2018-05-29 07:20:14', '2018-05-29 07:20:14', '32', null, null), ('bb1ac346-6310-11e8-aaf5-0f254a0c7eae', 'Middle', '2018', '1', null, '2018-05-29 07:20:14', '2018-05-29 07:20:14', '33', null, null), ('bb1ac347-6310-11e8-aaf5-0f254a0c7eae', 'Middle', '2018', '1', null, '2018-05-29 07:20:14', '2018-05-29 07:20:14', '33', null, null), ('bb1ac348-6310-11e8-aaf5-0f254a0c7eae', 'Middle', '2018', '1', null, '2018-05-29 07:20:14', '2018-05-29 07:20:14', '34', null, null), ('bb1ac349-6310-11e8-aaf5-0f254a0c7eae', 'High', '2018', '1', null, '2018-05-29 07:20:14', '2018-05-29 07:20:14', '34', null, null), ('bb1ac34a-6310-11e8-aaf5-0f254a0c7eae', 'Low', '2018', '1', null, '2018-05-29 07:20:14', '2018-05-29 07:20:14', '35', null, null), ('bb1ac34b-6310-11e8-aaf5-0f254a0c7eae', 'Middle', '2018', '1', null, '2018-05-29 07:20:14', '2018-05-29 07:20:14', '35', null, null), ('bb1ac34c-6310-11e8-aaf5-0f254a0c7eae', 'Low', '2018', '1', null, '2018-05-29 07:20:14', '2018-05-29 07:20:14', '36', null, null), ('bb1ac34d-6310-11e8-aaf5-0f254a0c7eae', 'Middle', '2018', '1', null, '2018-05-29 07:20:14', '2018-05-29 07:20:14', '36', null, null), ('bb1ac34e-6310-11e8-aaf5-0f254a0c7eae', 'Middle', '2018', '1', null, '2018-05-29 07:20:14', '2018-05-29 07:20:14', '37', null, null), ('bb1ac34f-6310-11e8-aaf5-0f254a0c7eae', 'High', '2018', '1', null, '2018-05-29 07:20:14', '2018-05-29 07:20:14', '37', null, null), ('bb1ac350-6310-11e8-aaf5-0f254a0c7eae', 'High', '2018', '1', null, '2018-05-29 07:20:14', '2018-05-29 07:20:14', '38', null, null), ('bb1aea50-6310-11e8-aaf5-0f254a0c7eae', 'Middle', '2018', '1', null, '2018-05-29 07:20:14', '2018-05-29 07:20:14', '38', null, null), ('bb1aea51-6310-11e8-aaf5-0f254a0c7eae', 'Low', '2018', '1', null, '2018-05-29 07:20:14', '2018-05-29 07:20:14', '39', null, null), ('bb1aea52-6310-11e8-aaf5-0f254a0c7eae', 'High', '2018', '1', null, '2018-05-29 07:20:14', '2018-05-29 07:20:14', '39', null, null), ('bb1aea53-6310-11e8-aaf5-0f254a0c7eae', 'High', '2018', '1', null, '2018-05-29 07:20:14', '2018-05-29 07:20:14', '40', null, null), ('bb1aea54-6310-11e8-aaf5-0f254a0c7eae', 'Middle', '2018', '1', null, '2018-05-29 07:20:14', '2018-05-29 07:20:14', '40', null, null), ('bb1aea55-6310-11e8-aaf5-0f254a0c7eae', 'Low', '2018', '1', null, '2018-05-29 07:20:14', '2018-05-29 07:20:14', '41', null, null), ('bb1aea56-6310-11e8-aaf5-0f254a0c7eae', 'High', '2018', '1', null, '2018-05-29 07:20:14', '2018-05-29 07:20:14', '41', null, null), ('bb1aea57-6310-11e8-aaf5-0f254a0c7eae', 'High', '2018', '1', null, '2018-05-29 07:20:14', '2018-05-29 07:20:14', '42', null, null), ('bb1aea58-6310-11e8-aaf5-0f254a0c7eae', 'Low', '2018', '1', null, '2018-05-29 07:20:14', '2018-05-29 07:20:14', '42', null, null), ('bb1aea59-6310-11e8-aaf5-0f254a0c7eae', 'Middle', '2018', '1', null, '2018-05-29 07:20:14', '2018-05-29 07:20:14', '43', null, null), ('bb1aea5a-6310-11e8-aaf5-0f254a0c7eae', 'High', '2018', '1', null, '2018-05-29 07:20:14', '2018-05-29 07:20:14', '43', null, null), ('bb1aea5b-6310-11e8-aaf5-0f254a0c7eae', 'High', '2018', '1', null, '2018-05-29 07:20:14', '2018-05-29 07:20:14', '44', null, null), ('bb1aea5c-6310-11e8-aaf5-0f254a0c7eae', 'Middle', '2018', '1', null, '2018-05-29 07:20:14', '2018-05-29 07:20:14', '44', null, null), ('bb1aea5d-6310-11e8-aaf5-0f254a0c7eae', 'Middle', '2018', '1', null, '2018-05-29 07:20:14', '2018-05-29 07:20:14', '45', null, null), ('bb1aea5e-6310-11e8-aaf5-0f254a0c7eae', 'High', '2018', '1', null, '2018-05-29 07:20:14', '2018-05-29 07:20:14', '45', null, null), ('bb1aea5f-6310-11e8-aaf5-0f254a0c7eae', 'Middle', '2018', '1', null, '2018-05-29 07:20:14', '2018-05-29 07:20:14', '46', null, null), ('bb1aea60-6310-11e8-aaf5-0f254a0c7eae', 'Low', '2018', '1', null, '2018-05-29 07:20:14', '2018-05-29 07:20:14', '46', null, null), ('bb1aea61-6310-11e8-aaf5-0f254a0c7eae', 'Low', '2018', '1', null, '2018-05-29 07:20:14', '2018-05-29 07:20:14', '46', null, null), ('bb1aea62-6310-11e8-aaf5-0f254a0c7eae', 'High', '2018', '1', null, '2018-05-29 07:20:14', '2018-05-29 07:20:14', '47', null, null), ('bb1aea63-6310-11e8-aaf5-0f254a0c7eae', 'Middle', '2018', '1', null, '2018-05-29 07:20:14', '2018-05-29 07:20:14', '47', null, null), ('bb1aea64-6310-11e8-aaf5-0f254a0c7eae', 'Middle', '2018', '1', null, '2018-05-29 07:20:14', '2018-05-29 07:20:14', '48', null, null), ('bb1aea65-6310-11e8-aaf5-0f254a0c7eae', 'Low', '2018', '1', null, '2018-05-29 07:20:14', '2018-05-29 07:20:14', '48', null, null), ('bb1aea66-6310-11e8-aaf5-0f254a0c7eae', 'High', '2018', '1', null, '2018-05-29 07:20:14', '2018-05-29 07:20:14', '49', null, null), ('bb1aea67-6310-11e8-aaf5-0f254a0c7eae', 'Middle', '2018', '1', null, '2018-05-29 07:20:14', '2018-05-29 07:20:14', '49', null, null), ('bb1aea68-6310-11e8-aaf5-0f254a0c7eae', 'Middle', '2018', '1', null, '2018-05-29 07:20:14', '2018-05-29 07:20:14', '49', null, null);
COMMIT;

-- ----------------------------
--  Table structure for `stdPosPrice`
-- ----------------------------
DROP TABLE IF EXISTS `stdPosPrice`;
CREATE TABLE `stdPosPrice` (
  `id` char(36) CHARACTER SET utf8 COLLATE utf8_bin NOT NULL,
  `amount` int(11) NOT NULL,
  `status` int(11) DEFAULT '1',
  `remark` varchar(255) COLLATE utf8_unicode_ci DEFAULT NULL,
  `createdAt` datetime NOT NULL,
  `updatedAt` datetime NOT NULL,
  `stdPosDetailId` char(36) CHARACTER SET utf8 COLLATE utf8_bin NOT NULL,
  `salaryTypeId` varchar(255) COLLATE utf8_unicode_ci NOT NULL,
  `createdUsr` varchar(255) COLLATE utf8_unicode_ci DEFAULT NULL,
  `updatedUsr` varchar(255) COLLATE utf8_unicode_ci DEFAULT NULL,
  PRIMARY KEY (`id`),
  KEY `stdPosDetailId` (`stdPosDetailId`),
  KEY `salaryTypeId` (`salaryTypeId`),
  KEY `createdUsr` (`createdUsr`),
  KEY `updatedUsr` (`updatedUsr`),
  KEY `std_pos_price_status` (`status`) USING BTREE,
  CONSTRAINT `stdposprice_ibfk_1` FOREIGN KEY (`stdPosDetailId`) REFERENCES `stdPosDetail` (`id`) ON DELETE NO ACTION ON UPDATE CASCADE,
  CONSTRAINT `stdposprice_ibfk_2` FOREIGN KEY (`salaryTypeId`) REFERENCES `salaryType` (`id`) ON DELETE NO ACTION ON UPDATE CASCADE,
  CONSTRAINT `stdposprice_ibfk_3` FOREIGN KEY (`createdUsr`) REFERENCES `account` (`id`) ON DELETE SET NULL ON UPDATE CASCADE,
  CONSTRAINT `stdposprice_ibfk_4` FOREIGN KEY (`updatedUsr`) REFERENCES `account` (`id`) ON DELETE SET NULL ON UPDATE CASCADE
) ENGINE=InnoDB DEFAULT CHARSET=utf8 COLLATE=utf8_unicode_ci;

-- ----------------------------
--  Records of `stdPosPrice`
-- ----------------------------
BEGIN;
INSERT INTO `stdPosPrice` VALUES ('bb20b6b0-6310-11e8-aaf5-0f254a0c7eae', '800000', '1', null, '2018-05-29 07:20:14', '2018-05-29 07:20:14', 'bb19fff0-6310-11e8-aaf5-0f254a0c7eae', 'Monthly Salary', null, null), ('bb20ddc0-6310-11e8-aaf5-0f254a0c7eae', '50000', '1', null, '2018-05-29 07:20:14', '2018-05-29 07:20:14', 'bb19fff0-6310-11e8-aaf5-0f254a0c7eae', 'COLA', null, null), ('bb20ddc1-6310-11e8-aaf5-0f254a0c7eae', '60000', '1', null, '2018-05-29 07:20:14', '2018-05-29 07:20:14', 'bb19fff0-6310-11e8-aaf5-0f254a0c7eae', 'Meal', null, null), ('bb20ddc2-6310-11e8-aaf5-0f254a0c7eae', '800000', '1', null, '2018-05-29 07:20:14', '2018-05-29 07:20:14', 'bb19fff1-6310-11e8-aaf5-0f254a0c7eae', 'Monthly Salary', null, null), ('bb20ddc3-6310-11e8-aaf5-0f254a0c7eae', '0', '1', null, '2018-05-29 07:20:14', '2018-05-29 07:20:14', 'bb19fff1-6310-11e8-aaf5-0f254a0c7eae', 'COLA', null, null), ('bb20ddc4-6310-11e8-aaf5-0f254a0c7eae', '60000', '1', null, '2018-05-29 07:20:14', '2018-05-29 07:20:14', 'bb19fff1-6310-11e8-aaf5-0f254a0c7eae', 'Meal', null, null), ('bb20ddc5-6310-11e8-aaf5-0f254a0c7eae', '800000', '1', null, '2018-05-29 07:20:14', '2018-05-29 07:20:14', 'bb19fff2-6310-11e8-aaf5-0f254a0c7eae', 'Monthly Salary', null, null), ('bb20ddc6-6310-11e8-aaf5-0f254a0c7eae', '50000', '1', null, '2018-05-29 07:20:14', '2018-05-29 07:20:14', 'bb19fff2-6310-11e8-aaf5-0f254a0c7eae', 'COLA', null, null), ('bb20ddc7-6310-11e8-aaf5-0f254a0c7eae', '60000', '1', null, '2018-05-29 07:20:14', '2018-05-29 07:20:14', 'bb19fff2-6310-11e8-aaf5-0f254a0c7eae', 'Meal', null, null), ('bb20ddc8-6310-11e8-aaf5-0f254a0c7eae', '800000', '1', null, '2018-05-29 07:20:14', '2018-05-29 07:20:14', 'bb19fff3-6310-11e8-aaf5-0f254a0c7eae', 'Monthly Salary', null, null), ('bb20ddc9-6310-11e8-aaf5-0f254a0c7eae', '0', '1', null, '2018-05-29 07:20:14', '2018-05-29 07:20:14', 'bb19fff3-6310-11e8-aaf5-0f254a0c7eae', 'COLA', null, null), ('bb20ddca-6310-11e8-aaf5-0f254a0c7eae', '60000', '1', null, '2018-05-29 07:20:14', '2018-05-29 07:20:14', 'bb19fff3-6310-11e8-aaf5-0f254a0c7eae', 'Meal', null, null), ('bb20ddcb-6310-11e8-aaf5-0f254a0c7eae', '800000', '1', null, '2018-05-29 07:20:14', '2018-05-29 07:20:14', 'bb19fff4-6310-11e8-aaf5-0f254a0c7eae', 'Monthly Salary', null, null), ('bb20ddcc-6310-11e8-aaf5-0f254a0c7eae', '600000', '1', null, '2018-05-29 07:20:14', '2018-05-29 07:20:14', 'bb19fff4-6310-11e8-aaf5-0f254a0c7eae', 'COLA', null, null), ('bb20ddcd-6310-11e8-aaf5-0f254a0c7eae', '0', '1', null, '2018-05-29 07:20:14', '2018-05-29 07:20:14', 'bb19fff4-6310-11e8-aaf5-0f254a0c7eae', 'Meal', null, null), ('bb20ddce-6310-11e8-aaf5-0f254a0c7eae', '800000', '1', null, '2018-05-29 07:20:14', '2018-05-29 07:20:14', 'bb19fff5-6310-11e8-aaf5-0f254a0c7eae', 'Monthly Salary', null, null), ('bb20ddcf-6310-11e8-aaf5-0f254a0c7eae', '400000', '1', null, '2018-05-29 07:20:14', '2018-05-29 07:20:14', 'bb19fff5-6310-11e8-aaf5-0f254a0c7eae', 'COLA', null, null), ('bb20ddd0-6310-11e8-aaf5-0f254a0c7eae', '0', '1', null, '2018-05-29 07:20:14', '2018-05-29 07:20:14', 'bb19fff5-6310-11e8-aaf5-0f254a0c7eae', 'Meal', null, null), ('bb20ddd1-6310-11e8-aaf5-0f254a0c7eae', '800000', '1', null, '2018-05-29 07:20:14', '2018-05-29 07:20:14', 'bb19fff6-6310-11e8-aaf5-0f254a0c7eae', 'Monthly Salary', null, null), ('bb20ddd2-6310-11e8-aaf5-0f254a0c7eae', '0', '1', null, '2018-05-29 07:20:14', '2018-05-29 07:20:14', 'bb19fff6-6310-11e8-aaf5-0f254a0c7eae', 'COLA', null, null), ('bb20ddd3-6310-11e8-aaf5-0f254a0c7eae', '60000', '1', null, '2018-05-29 07:20:14', '2018-05-29 07:20:14', 'bb19fff6-6310-11e8-aaf5-0f254a0c7eae', 'Meal', null, null), ('bb20ddd4-6310-11e8-aaf5-0f254a0c7eae', '800000', '1', null, '2018-05-29 07:20:14', '2018-05-29 07:20:14', 'bb19fff7-6310-11e8-aaf5-0f254a0c7eae', 'Monthly Salary', null, null), ('bb20ddd5-6310-11e8-aaf5-0f254a0c7eae', '0', '1', null, '2018-05-29 07:20:14', '2018-05-29 07:20:14', 'bb19fff7-6310-11e8-aaf5-0f254a0c7eae', 'COLA', null, null), ('bb20ddd6-6310-11e8-aaf5-0f254a0c7eae', '60000', '1', null, '2018-05-29 07:20:14', '2018-05-29 07:20:14', 'bb19fff7-6310-11e8-aaf5-0f254a0c7eae', 'Meal', null, null), ('bb20ddd7-6310-11e8-aaf5-0f254a0c7eae', '800000', '1', null, '2018-05-29 07:20:14', '2018-05-29 07:20:14', 'bb19fff8-6310-11e8-aaf5-0f254a0c7eae', 'Monthly Salary', null, null), ('bb20ddd8-6310-11e8-aaf5-0f254a0c7eae', '400000', '1', null, '2018-05-29 07:20:14', '2018-05-29 07:20:14', 'bb19fff8-6310-11e8-aaf5-0f254a0c7eae', 'COLA', null, null), ('bb20ddd9-6310-11e8-aaf5-0f254a0c7eae', '0', '1', null, '2018-05-29 07:20:14', '2018-05-29 07:20:14', 'bb19fff8-6310-11e8-aaf5-0f254a0c7eae', 'Meal', null, null), ('bb20ddda-6310-11e8-aaf5-0f254a0c7eae', '800000', '1', null, '2018-05-29 07:20:14', '2018-05-29 07:20:14', 'bb19fff9-6310-11e8-aaf5-0f254a0c7eae', 'Monthly Salary', null, null), ('bb20dddb-6310-11e8-aaf5-0f254a0c7eae', '600000', '1', null, '2018-05-29 07:20:14', '2018-05-29 07:20:14', 'bb19fff9-6310-11e8-aaf5-0f254a0c7eae', 'COLA', null, null), ('bb20dddc-6310-11e8-aaf5-0f254a0c7eae', '0', '1', null, '2018-05-29 07:20:14', '2018-05-29 07:20:14', 'bb19fff9-6310-11e8-aaf5-0f254a0c7eae', 'Meal', null, null), ('bb20dddd-6310-11e8-aaf5-0f254a0c7eae', '800000', '1', null, '2018-05-29 07:20:14', '2018-05-29 07:20:14', 'bb19fffa-6310-11e8-aaf5-0f254a0c7eae', 'Monthly Salary', null, null), ('bb20ddde-6310-11e8-aaf5-0f254a0c7eae', '400000', '1', null, '2018-05-29 07:20:14', '2018-05-29 07:20:14', 'bb19fffa-6310-11e8-aaf5-0f254a0c7eae', 'COLA', null, null), ('bb20dddf-6310-11e8-aaf5-0f254a0c7eae', '0', '1', null, '2018-05-29 07:20:14', '2018-05-29 07:20:14', 'bb19fffa-6310-11e8-aaf5-0f254a0c7eae', 'Meal', null, null), ('bb20dde0-6310-11e8-aaf5-0f254a0c7eae', '800000', '1', null, '2018-05-29 07:20:14', '2018-05-29 07:20:14', 'bb19fffb-6310-11e8-aaf5-0f254a0c7eae', 'Monthly Salary', null, null), ('bb20dde1-6310-11e8-aaf5-0f254a0c7eae', '400000', '1', null, '2018-05-29 07:20:14', '2018-05-29 07:20:14', 'bb19fffb-6310-11e8-aaf5-0f254a0c7eae', 'COLA', null, null), ('bb20dde2-6310-11e8-aaf5-0f254a0c7eae', '0', '1', null, '2018-05-29 07:20:14', '2018-05-29 07:20:14', 'bb19fffb-6310-11e8-aaf5-0f254a0c7eae', 'Meal', null, null), ('bb20dde3-6310-11e8-aaf5-0f254a0c7eae', '800000', '1', null, '2018-05-29 07:20:14', '2018-05-29 07:20:14', 'bb19fffc-6310-11e8-aaf5-0f254a0c7eae', 'Monthly Salary', null, null), ('bb20dde4-6310-11e8-aaf5-0f254a0c7eae', '600000', '1', null, '2018-05-29 07:20:14', '2018-05-29 07:20:14', 'bb19fffc-6310-11e8-aaf5-0f254a0c7eae', 'COLA', null, null), ('bb20dde5-6310-11e8-aaf5-0f254a0c7eae', '0', '1', null, '2018-05-29 07:20:14', '2018-05-29 07:20:14', 'bb19fffc-6310-11e8-aaf5-0f254a0c7eae', 'Meal', null, null), ('bb20dde6-6310-11e8-aaf5-0f254a0c7eae', '800000', '1', null, '2018-05-29 07:20:14', '2018-05-29 07:20:14', 'bb19fffd-6310-11e8-aaf5-0f254a0c7eae', 'Monthly Salary', null, null), ('bb20dde7-6310-11e8-aaf5-0f254a0c7eae', '700000', '1', null, '2018-05-29 07:20:14', '2018-05-29 07:20:14', 'bb19fffd-6310-11e8-aaf5-0f254a0c7eae', 'COLA', null, null), ('bb20dde8-6310-11e8-aaf5-0f254a0c7eae', '0', '1', null, '2018-05-29 07:20:14', '2018-05-29 07:20:14', 'bb19fffd-6310-11e8-aaf5-0f254a0c7eae', 'Meal', null, null), ('bb20dde9-6310-11e8-aaf5-0f254a0c7eae', '4000000', '1', null, '2018-05-29 07:20:14', '2018-05-29 07:20:14', 'bb19fffe-6310-11e8-aaf5-0f254a0c7eae', 'Monthly Salary', null, null), ('bb20ddea-6310-11e8-aaf5-0f254a0c7eae', '400000', '1', null, '2018-05-29 07:20:14', '2018-05-29 07:20:14', 'bb19fffe-6310-11e8-aaf5-0f254a0c7eae', 'COLA', null, null), ('bb20ddeb-6310-11e8-aaf5-0f254a0c7eae', '0', '1', null, '2018-05-29 07:20:14', '2018-05-29 07:20:14', 'bb19fffe-6310-11e8-aaf5-0f254a0c7eae', 'Meal', null, null), ('bb20ddec-6310-11e8-aaf5-0f254a0c7eae', '5000000', '1', null, '2018-05-29 07:20:14', '2018-05-29 07:20:14', 'bb19ffff-6310-11e8-aaf5-0f254a0c7eae', 'Monthly Salary', null, null), ('bb20dded-6310-11e8-aaf5-0f254a0c7eae', '300000', '1', null, '2018-05-29 07:20:14', '2018-05-29 07:20:14', 'bb19ffff-6310-11e8-aaf5-0f254a0c7eae', 'COLA', null, null), ('bb20ddee-6310-11e8-aaf5-0f254a0c7eae', '0', '1', null, '2018-05-29 07:20:14', '2018-05-29 07:20:14', 'bb19ffff-6310-11e8-aaf5-0f254a0c7eae', 'Meal', null, null), ('bb20ddef-6310-11e8-aaf5-0f254a0c7eae', '2400000', '1', null, '2018-05-29 07:20:14', '2018-05-29 07:20:14', 'bb1a0000-6310-11e8-aaf5-0f254a0c7eae', 'Monthly Salary', null, null), ('bb20ddf0-6310-11e8-aaf5-0f254a0c7eae', '0', '1', null, '2018-05-29 07:20:14', '2018-05-29 07:20:14', 'bb1a0000-6310-11e8-aaf5-0f254a0c7eae', 'COLA', null, null), ('bb20ddf1-6310-11e8-aaf5-0f254a0c7eae', '60000', '1', null, '2018-05-29 07:20:14', '2018-05-29 07:20:14', 'bb1a0000-6310-11e8-aaf5-0f254a0c7eae', 'Meal', null, null), ('bb20ddf2-6310-11e8-aaf5-0f254a0c7eae', '2300000', '1', null, '2018-05-29 07:20:14', '2018-05-29 07:20:14', 'bb1a0001-6310-11e8-aaf5-0f254a0c7eae', 'Monthly Salary', null, null), ('bb20ddf3-6310-11e8-aaf5-0f254a0c7eae', '0', '1', null, '2018-05-29 07:20:14', '2018-05-29 07:20:14', 'bb1a0001-6310-11e8-aaf5-0f254a0c7eae', 'COLA', null, null), ('bb20ddf4-6310-11e8-aaf5-0f254a0c7eae', '60000', '1', null, '2018-05-29 07:20:14', '2018-05-29 07:20:14', 'bb1a0001-6310-11e8-aaf5-0f254a0c7eae', 'Meal', null, null), ('bb20ddf5-6310-11e8-aaf5-0f254a0c7eae', '2200000', '1', null, '2018-05-29 07:20:14', '2018-05-29 07:20:14', 'bb1a0002-6310-11e8-aaf5-0f254a0c7eae', 'Monthly Salary', null, null), ('bb20ddf6-6310-11e8-aaf5-0f254a0c7eae', '0', '1', null, '2018-05-29 07:20:14', '2018-05-29 07:20:14', 'bb1a0002-6310-11e8-aaf5-0f254a0c7eae', 'COLA', null, null), ('bb20ddf7-6310-11e8-aaf5-0f254a0c7eae', '60000', '1', null, '2018-05-29 07:20:14', '2018-05-29 07:20:14', 'bb1a0002-6310-11e8-aaf5-0f254a0c7eae', 'Meal', null, null), ('bb20ddf8-6310-11e8-aaf5-0f254a0c7eae', '2500000', '1', null, '2018-05-29 07:20:14', '2018-05-29 07:20:14', 'bb1a0003-6310-11e8-aaf5-0f254a0c7eae', 'Monthly Salary', null, null), ('bb20ddf9-6310-11e8-aaf5-0f254a0c7eae', '0', '1', null, '2018-05-29 07:20:14', '2018-05-29 07:20:14', 'bb1a0003-6310-11e8-aaf5-0f254a0c7eae', 'COLA', null, null), ('bb20ddfa-6310-11e8-aaf5-0f254a0c7eae', '60000', '1', null, '2018-05-29 07:20:14', '2018-05-29 07:20:14', 'bb1a0003-6310-11e8-aaf5-0f254a0c7eae', 'Meal', null, null), ('bb20ddfb-6310-11e8-aaf5-0f254a0c7eae', '1500000', '1', null, '2018-05-29 07:20:14', '2018-05-29 07:20:14', 'bb1a0004-6310-11e8-aaf5-0f254a0c7eae', 'Monthly Salary', null, null), ('bb20ddfc-6310-11e8-aaf5-0f254a0c7eae', '500000', '1', null, '2018-05-29 07:20:14', '2018-05-29 07:20:14', 'bb1a0004-6310-11e8-aaf5-0f254a0c7eae', 'COLA', null, null), ('bb20ddfd-6310-11e8-aaf5-0f254a0c7eae', '0', '1', null, '2018-05-29 07:20:14', '2018-05-29 07:20:14', 'bb1a0004-6310-11e8-aaf5-0f254a0c7eae', 'Meal', null, null), ('bb2104d0-6310-11e8-aaf5-0f254a0c7eae', '1700000', '1', null, '2018-05-29 07:20:14', '2018-05-29 07:20:14', 'bb1a0005-6310-11e8-aaf5-0f254a0c7eae', 'Monthly Salary', null, null), ('bb2104d1-6310-11e8-aaf5-0f254a0c7eae', '300000', '1', null, '2018-05-29 07:20:14', '2018-05-29 07:20:14', 'bb1a0005-6310-11e8-aaf5-0f254a0c7eae', 'COLA', null, null), ('bb2104d2-6310-11e8-aaf5-0f254a0c7eae', '0', '1', null, '2018-05-29 07:20:14', '2018-05-29 07:20:14', 'bb1a0005-6310-11e8-aaf5-0f254a0c7eae', 'Meal', null, null), ('bb2104d3-6310-11e8-aaf5-0f254a0c7eae', '2000000', '1', null, '2018-05-29 07:20:14', '2018-05-29 07:20:14', 'bb1a0006-6310-11e8-aaf5-0f254a0c7eae', 'Monthly Salary', null, null), ('bb2104d4-6310-11e8-aaf5-0f254a0c7eae', '200000', '1', null, '2018-05-29 07:20:14', '2018-05-29 07:20:14', 'bb1a0006-6310-11e8-aaf5-0f254a0c7eae', 'COLA', null, null), ('bb2104d5-6310-11e8-aaf5-0f254a0c7eae', '0', '1', null, '2018-05-29 07:20:14', '2018-05-29 07:20:14', 'bb1a0006-6310-11e8-aaf5-0f254a0c7eae', 'Meal', null, null), ('bb2104d6-6310-11e8-aaf5-0f254a0c7eae', '1800000', '1', null, '2018-05-29 07:20:14', '2018-05-29 07:20:14', 'bb1a0007-6310-11e8-aaf5-0f254a0c7eae', 'Monthly Salary', null, null), ('bb2104d7-6310-11e8-aaf5-0f254a0c7eae', '300000', '1', null, '2018-05-29 07:20:14', '2018-05-29 07:20:14', 'bb1a0007-6310-11e8-aaf5-0f254a0c7eae', 'COLA', null, null), ('bb2104d8-6310-11e8-aaf5-0f254a0c7eae', '0', '1', null, '2018-05-29 07:20:14', '2018-05-29 07:20:14', 'bb1a0007-6310-11e8-aaf5-0f254a0c7eae', 'Meal', null, null), ('bb2104d9-6310-11e8-aaf5-0f254a0c7eae', '2200000', '1', null, '2018-05-29 07:20:14', '2018-05-29 07:20:14', 'bb1a0008-6310-11e8-aaf5-0f254a0c7eae', 'Monthly Salary', null, null), ('bb2104da-6310-11e8-aaf5-0f254a0c7eae', '0', '1', null, '2018-05-29 07:20:14', '2018-05-29 07:20:14', 'bb1a0008-6310-11e8-aaf5-0f254a0c7eae', 'COLA', null, null), ('bb2104db-6310-11e8-aaf5-0f254a0c7eae', '60000', '1', null, '2018-05-29 07:20:14', '2018-05-29 07:20:14', 'bb1a0008-6310-11e8-aaf5-0f254a0c7eae', 'Meal', null, null), ('bb2104dc-6310-11e8-aaf5-0f254a0c7eae', '2500000', '1', null, '2018-05-29 07:20:14', '2018-05-29 07:20:14', 'bb1a0009-6310-11e8-aaf5-0f254a0c7eae', 'Monthly Salary', null, null), ('bb2104dd-6310-11e8-aaf5-0f254a0c7eae', '0', '1', null, '2018-05-29 07:20:14', '2018-05-29 07:20:14', 'bb1a0009-6310-11e8-aaf5-0f254a0c7eae', 'COLA', null, null), ('bb2104de-6310-11e8-aaf5-0f254a0c7eae', '60000', '1', null, '2018-05-29 07:20:14', '2018-05-29 07:20:14', 'bb1a0009-6310-11e8-aaf5-0f254a0c7eae', 'Meal', null, null), ('bb2104df-6310-11e8-aaf5-0f254a0c7eae', '4000000', '1', null, '2018-05-29 07:20:14', '2018-05-29 07:20:14', 'bb1a000a-6310-11e8-aaf5-0f254a0c7eae', 'Monthly Salary', null, null), ('bb2104e0-6310-11e8-aaf5-0f254a0c7eae', '0', '1', null, '2018-05-29 07:20:14', '2018-05-29 07:20:14', 'bb1a000a-6310-11e8-aaf5-0f254a0c7eae', 'COLA', null, null), ('bb2104e1-6310-11e8-aaf5-0f254a0c7eae', '60000', '1', null, '2018-05-29 07:20:14', '2018-05-29 07:20:14', 'bb1a000a-6310-11e8-aaf5-0f254a0c7eae', 'Meal', null, null), ('bb2104e2-6310-11e8-aaf5-0f254a0c7eae', '4000000', '1', null, '2018-05-29 07:20:14', '2018-05-29 07:20:14', 'bb1a000b-6310-11e8-aaf5-0f254a0c7eae', 'Monthly Salary', null, null), ('bb2104e3-6310-11e8-aaf5-0f254a0c7eae', '0', '1', null, '2018-05-29 07:20:14', '2018-05-29 07:20:14', 'bb1a000b-6310-11e8-aaf5-0f254a0c7eae', 'COLA', null, null), ('bb2104e4-6310-11e8-aaf5-0f254a0c7eae', '60000', '1', null, '2018-05-29 07:20:14', '2018-05-29 07:20:14', 'bb1a000b-6310-11e8-aaf5-0f254a0c7eae', 'Meal', null, null), ('bb2104e5-6310-11e8-aaf5-0f254a0c7eae', '4500000', '1', null, '2018-05-29 07:20:14', '2018-05-29 07:20:14', 'bb1a000c-6310-11e8-aaf5-0f254a0c7eae', 'Monthly Salary', null, null), ('bb2104e6-6310-11e8-aaf5-0f254a0c7eae', '0', '1', null, '2018-05-29 07:20:14', '2018-05-29 07:20:14', 'bb1a000c-6310-11e8-aaf5-0f254a0c7eae', 'COLA', null, null), ('bb2104e7-6310-11e8-aaf5-0f254a0c7eae', '60000', '1', null, '2018-05-29 07:20:14', '2018-05-29 07:20:14', 'bb1a000c-6310-11e8-aaf5-0f254a0c7eae', 'Meal', null, null), ('bb2104e8-6310-11e8-aaf5-0f254a0c7eae', '4300000', '1', null, '2018-05-29 07:20:14', '2018-05-29 07:20:14', 'bb1a000d-6310-11e8-aaf5-0f254a0c7eae', 'Monthly Salary', null, null), ('bb2104e9-6310-11e8-aaf5-0f254a0c7eae', '0', '1', null, '2018-05-29 07:20:14', '2018-05-29 07:20:14', 'bb1a000d-6310-11e8-aaf5-0f254a0c7eae', 'COLA', null, null), ('bb2104ea-6310-11e8-aaf5-0f254a0c7eae', '60000', '1', null, '2018-05-29 07:20:14', '2018-05-29 07:20:14', 'bb1a000d-6310-11e8-aaf5-0f254a0c7eae', 'Meal', null, null), ('bb2104eb-6310-11e8-aaf5-0f254a0c7eae', '4200000', '1', null, '2018-05-29 07:20:14', '2018-05-29 07:20:14', 'bb1a000e-6310-11e8-aaf5-0f254a0c7eae', 'Monthly Salary', null, null), ('bb2104ec-6310-11e8-aaf5-0f254a0c7eae', '0', '1', null, '2018-05-29 07:20:14', '2018-05-29 07:20:14', 'bb1a000e-6310-11e8-aaf5-0f254a0c7eae', 'COLA', null, null), ('bb2104ed-6310-11e8-aaf5-0f254a0c7eae', '60000', '1', null, '2018-05-29 07:20:14', '2018-05-29 07:20:14', 'bb1a000e-6310-11e8-aaf5-0f254a0c7eae', 'Meal', null, null), ('bb2104ee-6310-11e8-aaf5-0f254a0c7eae', '3000000', '1', null, '2018-05-29 07:20:14', '2018-05-29 07:20:14', 'bb1a000f-6310-11e8-aaf5-0f254a0c7eae', 'Monthly Salary', null, null), ('bb2104ef-6310-11e8-aaf5-0f254a0c7eae', '400000', '1', null, '2018-05-29 07:20:14', '2018-05-29 07:20:14', 'bb1a000f-6310-11e8-aaf5-0f254a0c7eae', 'COLA', null, null), ('bb2104f0-6310-11e8-aaf5-0f254a0c7eae', '0', '1', null, '2018-05-29 07:20:14', '2018-05-29 07:20:14', 'bb1a000f-6310-11e8-aaf5-0f254a0c7eae', 'Meal', null, null), ('bb2104f1-6310-11e8-aaf5-0f254a0c7eae', '3300000', '1', null, '2018-05-29 07:20:14', '2018-05-29 07:20:14', 'bb1a0010-6310-11e8-aaf5-0f254a0c7eae', 'Monthly Salary', null, null), ('bb2104f2-6310-11e8-aaf5-0f254a0c7eae', '400000', '1', null, '2018-05-29 07:20:14', '2018-05-29 07:20:14', 'bb1a0010-6310-11e8-aaf5-0f254a0c7eae', 'COLA', null, null), ('bb2104f3-6310-11e8-aaf5-0f254a0c7eae', '0', '1', null, '2018-05-29 07:20:14', '2018-05-29 07:20:14', 'bb1a0010-6310-11e8-aaf5-0f254a0c7eae', 'Meal', null, null), ('bb2104f4-6310-11e8-aaf5-0f254a0c7eae', '5000000', '1', null, '2018-05-29 07:20:14', '2018-05-29 07:20:14', 'bb1a0011-6310-11e8-aaf5-0f254a0c7eae', 'Monthly Salary', null, null), ('bb2104f5-6310-11e8-aaf5-0f254a0c7eae', '200000', '1', null, '2018-05-29 07:20:14', '2018-05-29 07:20:14', 'bb1a0011-6310-11e8-aaf5-0f254a0c7eae', 'COLA', null, null), ('bb2104f6-6310-11e8-aaf5-0f254a0c7eae', '0', '1', null, '2018-05-29 07:20:14', '2018-05-29 07:20:14', 'bb1a0011-6310-11e8-aaf5-0f254a0c7eae', 'Meal', null, null), ('bb2104f7-6310-11e8-aaf5-0f254a0c7eae', '4500000', '1', null, '2018-05-29 07:20:14', '2018-05-29 07:20:14', 'bb1a2700-6310-11e8-aaf5-0f254a0c7eae', 'Monthly Salary', null, null), ('bb2104f8-6310-11e8-aaf5-0f254a0c7eae', '200000', '1', null, '2018-05-29 07:20:14', '2018-05-29 07:20:14', 'bb1a2700-6310-11e8-aaf5-0f254a0c7eae', 'COLA', null, null), ('bb2104f9-6310-11e8-aaf5-0f254a0c7eae', '0', '1', null, '2018-05-29 07:20:14', '2018-05-29 07:20:14', 'bb1a2700-6310-11e8-aaf5-0f254a0c7eae', 'Meal', null, null), ('bb2104fa-6310-11e8-aaf5-0f254a0c7eae', '5000000', '1', null, '2018-05-29 07:20:14', '2018-05-29 07:20:14', 'bb1a2701-6310-11e8-aaf5-0f254a0c7eae', 'Monthly Salary', null, null), ('bb2104fb-6310-11e8-aaf5-0f254a0c7eae', '100000', '1', null, '2018-05-29 07:20:14', '2018-05-29 07:20:14', 'bb1a2701-6310-11e8-aaf5-0f254a0c7eae', 'COLA', null, null), ('bb2104fc-6310-11e8-aaf5-0f254a0c7eae', '0', '1', null, '2018-05-29 07:20:14', '2018-05-29 07:20:14', 'bb1a2701-6310-11e8-aaf5-0f254a0c7eae', 'Meal', null, null), ('bb2104fd-6310-11e8-aaf5-0f254a0c7eae', '6000000', '1', null, '2018-05-29 07:20:14', '2018-05-29 07:20:14', 'bb1a2702-6310-11e8-aaf5-0f254a0c7eae', 'Monthly Salary', null, null), ('bb2104fe-6310-11e8-aaf5-0f254a0c7eae', '400000', '1', null, '2018-05-29 07:20:14', '2018-05-29 07:20:14', 'bb1a2702-6310-11e8-aaf5-0f254a0c7eae', 'COLA', null, null), ('bb2104ff-6310-11e8-aaf5-0f254a0c7eae', '0', '1', null, '2018-05-29 07:20:14', '2018-05-29 07:20:14', 'bb1a2702-6310-11e8-aaf5-0f254a0c7eae', 'Meal', null, null), ('bb210500-6310-11e8-aaf5-0f254a0c7eae', '5000000', '1', null, '2018-05-29 07:20:14', '2018-05-29 07:20:14', 'bb1a2703-6310-11e8-aaf5-0f254a0c7eae', 'Monthly Salary', null, null), ('bb210501-6310-11e8-aaf5-0f254a0c7eae', '500000', '1', null, '2018-05-29 07:20:14', '2018-05-29 07:20:14', 'bb1a2703-6310-11e8-aaf5-0f254a0c7eae', 'COLA', null, null), ('bb210502-6310-11e8-aaf5-0f254a0c7eae', '0', '1', null, '2018-05-29 07:20:14', '2018-05-29 07:20:14', 'bb1a2703-6310-11e8-aaf5-0f254a0c7eae', 'Meal', null, null), ('bb210503-6310-11e8-aaf5-0f254a0c7eae', '4500000', '1', null, '2018-05-29 07:20:14', '2018-05-29 07:20:14', 'bb1a2704-6310-11e8-aaf5-0f254a0c7eae', 'Monthly Salary', null, null), ('bb210504-6310-11e8-aaf5-0f254a0c7eae', '700000', '1', null, '2018-05-29 07:20:14', '2018-05-29 07:20:14', 'bb1a2704-6310-11e8-aaf5-0f254a0c7eae', 'COLA', null, null), ('bb210505-6310-11e8-aaf5-0f254a0c7eae', '0', '1', null, '2018-05-29 07:20:14', '2018-05-29 07:20:14', 'bb1a2704-6310-11e8-aaf5-0f254a0c7eae', 'Meal', null, null), ('bb210506-6310-11e8-aaf5-0f254a0c7eae', '5000000', '1', null, '2018-05-29 07:20:14', '2018-05-29 07:20:14', 'bb1a2705-6310-11e8-aaf5-0f254a0c7eae', 'Monthly Salary', null, null), ('bb210507-6310-11e8-aaf5-0f254a0c7eae', '0', '1', null, '2018-05-29 07:20:14', '2018-05-29 07:20:14', 'bb1a2705-6310-11e8-aaf5-0f254a0c7eae', 'COLA', null, null), ('bb210508-6310-11e8-aaf5-0f254a0c7eae', '60000', '1', null, '2018-05-29 07:20:14', '2018-05-29 07:20:14', 'bb1a2705-6310-11e8-aaf5-0f254a0c7eae', 'Meal', null, null), ('bb210509-6310-11e8-aaf5-0f254a0c7eae', '5500000', '1', null, '2018-05-29 07:20:14', '2018-05-29 07:20:14', 'bb1a2706-6310-11e8-aaf5-0f254a0c7eae', 'Monthly Salary', null, null), ('bb21050a-6310-11e8-aaf5-0f254a0c7eae', '0', '1', null, '2018-05-29 07:20:14', '2018-05-29 07:20:14', 'bb1a2706-6310-11e8-aaf5-0f254a0c7eae', 'COLA', null, null), ('bb21050b-6310-11e8-aaf5-0f254a0c7eae', '60000', '1', null, '2018-05-29 07:20:14', '2018-05-29 07:20:14', 'bb1a2706-6310-11e8-aaf5-0f254a0c7eae', 'Meal', null, null), ('bb21050c-6310-11e8-aaf5-0f254a0c7eae', '5200000', '1', null, '2018-05-29 07:20:14', '2018-05-29 07:20:14', 'bb1a2707-6310-11e8-aaf5-0f254a0c7eae', 'Monthly Salary', null, null), ('bb21050d-6310-11e8-aaf5-0f254a0c7eae', '0', '1', null, '2018-05-29 07:20:14', '2018-05-29 07:20:14', 'bb1a2707-6310-11e8-aaf5-0f254a0c7eae', 'COLA', null, null), ('bb21050e-6310-11e8-aaf5-0f254a0c7eae', '60000', '1', null, '2018-05-29 07:20:14', '2018-05-29 07:20:14', 'bb1a2707-6310-11e8-aaf5-0f254a0c7eae', 'Meal', null, null), ('bb21050f-6310-11e8-aaf5-0f254a0c7eae', '5100000', '1', null, '2018-05-29 07:20:14', '2018-05-29 07:20:14', 'bb1a2708-6310-11e8-aaf5-0f254a0c7eae', 'Monthly Salary', null, null), ('bb212be0-6310-11e8-aaf5-0f254a0c7eae', '0', '1', null, '2018-05-29 07:20:14', '2018-05-29 07:20:14', 'bb1a2708-6310-11e8-aaf5-0f254a0c7eae', 'COLA', null, null), ('bb212be1-6310-11e8-aaf5-0f254a0c7eae', '60000', '1', null, '2018-05-29 07:20:14', '2018-05-29 07:20:14', 'bb1a2708-6310-11e8-aaf5-0f254a0c7eae', 'Meal', null, null), ('bb212be2-6310-11e8-aaf5-0f254a0c7eae', '3500000', '1', null, '2018-05-29 07:20:14', '2018-05-29 07:20:14', 'bb1a2709-6310-11e8-aaf5-0f254a0c7eae', 'Monthly Salary', null, null), ('bb212be3-6310-11e8-aaf5-0f254a0c7eae', '100000', '1', null, '2018-05-29 07:20:14', '2018-05-29 07:20:14', 'bb1a2709-6310-11e8-aaf5-0f254a0c7eae', 'COLA', null, null), ('bb212be4-6310-11e8-aaf5-0f254a0c7eae', '0', '1', null, '2018-05-29 07:20:14', '2018-05-29 07:20:14', 'bb1a2709-6310-11e8-aaf5-0f254a0c7eae', 'Meal', null, null), ('bb212be5-6310-11e8-aaf5-0f254a0c7eae', '2500000', '1', null, '2018-05-29 07:20:14', '2018-05-29 07:20:14', 'bb1a270a-6310-11e8-aaf5-0f254a0c7eae', 'Monthly Salary', null, null), ('bb212be6-6310-11e8-aaf5-0f254a0c7eae', '500000', '1', null, '2018-05-29 07:20:14', '2018-05-29 07:20:14', 'bb1a270a-6310-11e8-aaf5-0f254a0c7eae', 'COLA', null, null), ('bb212be7-6310-11e8-aaf5-0f254a0c7eae', '0', '1', null, '2018-05-29 07:20:14', '2018-05-29 07:20:14', 'bb1a270a-6310-11e8-aaf5-0f254a0c7eae', 'Meal', null, null), ('bb212be8-6310-11e8-aaf5-0f254a0c7eae', '3000000', '1', null, '2018-05-29 07:20:14', '2018-05-29 07:20:14', 'bb1a270b-6310-11e8-aaf5-0f254a0c7eae', 'Monthly Salary', null, null), ('bb212be9-6310-11e8-aaf5-0f254a0c7eae', '0', '1', null, '2018-05-29 07:20:14', '2018-05-29 07:20:14', 'bb1a270b-6310-11e8-aaf5-0f254a0c7eae', 'COLA', null, null), ('bb212bea-6310-11e8-aaf5-0f254a0c7eae', '60000', '1', null, '2018-05-29 07:20:14', '2018-05-29 07:20:14', 'bb1a270b-6310-11e8-aaf5-0f254a0c7eae', 'Meal', null, null), ('bb212beb-6310-11e8-aaf5-0f254a0c7eae', '2800000', '1', null, '2018-05-29 07:20:14', '2018-05-29 07:20:14', 'bb1a270c-6310-11e8-aaf5-0f254a0c7eae', 'Monthly Salary', null, null), ('bb212bec-6310-11e8-aaf5-0f254a0c7eae', '0', '1', null, '2018-05-29 07:20:14', '2018-05-29 07:20:14', 'bb1a270c-6310-11e8-aaf5-0f254a0c7eae', 'COLA', null, null), ('bb212bed-6310-11e8-aaf5-0f254a0c7eae', '60000', '1', null, '2018-05-29 07:20:14', '2018-05-29 07:20:14', 'bb1a270c-6310-11e8-aaf5-0f254a0c7eae', 'Meal', null, null), ('bb212bee-6310-11e8-aaf5-0f254a0c7eae', '2700000', '1', null, '2018-05-29 07:20:14', '2018-05-29 07:20:14', 'bb1a270d-6310-11e8-aaf5-0f254a0c7eae', 'Monthly Salary', null, null), ('bb212bef-6310-11e8-aaf5-0f254a0c7eae', '0', '1', null, '2018-05-29 07:20:14', '2018-05-29 07:20:14', 'bb1a270d-6310-11e8-aaf5-0f254a0c7eae', 'COLA', null, null), ('bb212bf0-6310-11e8-aaf5-0f254a0c7eae', '60000', '1', null, '2018-05-29 07:20:14', '2018-05-29 07:20:14', 'bb1a270d-6310-11e8-aaf5-0f254a0c7eae', 'Meal', null, null), ('bb212bf1-6310-11e8-aaf5-0f254a0c7eae', '2600000', '1', null, '2018-05-29 07:20:14', '2018-05-29 07:20:14', 'bb1a270e-6310-11e8-aaf5-0f254a0c7eae', 'Monthly Salary', null, null), ('bb212bf2-6310-11e8-aaf5-0f254a0c7eae', '0', '1', null, '2018-05-29 07:20:14', '2018-05-29 07:20:14', 'bb1a270e-6310-11e8-aaf5-0f254a0c7eae', 'COLA', null, null), ('bb212bf3-6310-11e8-aaf5-0f254a0c7eae', '60000', '1', null, '2018-05-29 07:20:14', '2018-05-29 07:20:14', 'bb1a270e-6310-11e8-aaf5-0f254a0c7eae', 'Meal', null, null), ('bb212bf4-6310-11e8-aaf5-0f254a0c7eae', '4500000', '1', null, '2018-05-29 07:20:14', '2018-05-29 07:20:14', 'bb1a270f-6310-11e8-aaf5-0f254a0c7eae', 'Monthly Salary', null, null), ('bb212bf5-6310-11e8-aaf5-0f254a0c7eae', '0', '1', null, '2018-05-29 07:20:14', '2018-05-29 07:20:14', 'bb1a270f-6310-11e8-aaf5-0f254a0c7eae', 'COLA', null, null), ('bb212bf6-6310-11e8-aaf5-0f254a0c7eae', '60000', '1', null, '2018-05-29 07:20:14', '2018-05-29 07:20:14', 'bb1a270f-6310-11e8-aaf5-0f254a0c7eae', 'Meal', null, null), ('bb212bf7-6310-11e8-aaf5-0f254a0c7eae', '4200000', '1', null, '2018-05-29 07:20:14', '2018-05-29 07:20:14', 'bb1a2710-6310-11e8-aaf5-0f254a0c7eae', 'Monthly Salary', null, null), ('bb212bf8-6310-11e8-aaf5-0f254a0c7eae', '0', '1', null, '2018-05-29 07:20:14', '2018-05-29 07:20:14', 'bb1a2710-6310-11e8-aaf5-0f254a0c7eae', 'COLA', null, null), ('bb212bf9-6310-11e8-aaf5-0f254a0c7eae', '60000', '1', null, '2018-05-29 07:20:14', '2018-05-29 07:20:14', 'bb1a2710-6310-11e8-aaf5-0f254a0c7eae', 'Meal', null, null), ('bb212bfa-6310-11e8-aaf5-0f254a0c7eae', '5000000', '1', null, '2018-05-29 07:20:14', '2018-05-29 07:20:14', 'bb1a2711-6310-11e8-aaf5-0f254a0c7eae', 'Monthly Salary', null, null), ('bb212bfb-6310-11e8-aaf5-0f254a0c7eae', '0', '1', null, '2018-05-29 07:20:14', '2018-05-29 07:20:14', 'bb1a2711-6310-11e8-aaf5-0f254a0c7eae', 'COLA', null, null), ('bb212bfc-6310-11e8-aaf5-0f254a0c7eae', '60000', '1', null, '2018-05-29 07:20:14', '2018-05-29 07:20:14', 'bb1a2711-6310-11e8-aaf5-0f254a0c7eae', 'Meal', null, null), ('bb212bfd-6310-11e8-aaf5-0f254a0c7eae', '4800000', '1', null, '2018-05-29 07:20:14', '2018-05-29 07:20:14', 'bb1a2712-6310-11e8-aaf5-0f254a0c7eae', 'Monthly Salary', null, null), ('bb212bfe-6310-11e8-aaf5-0f254a0c7eae', '0', '1', null, '2018-05-29 07:20:14', '2018-05-29 07:20:14', 'bb1a2712-6310-11e8-aaf5-0f254a0c7eae', 'COLA', null, null), ('bb212bff-6310-11e8-aaf5-0f254a0c7eae', '60000', '1', null, '2018-05-29 07:20:14', '2018-05-29 07:20:14', 'bb1a2712-6310-11e8-aaf5-0f254a0c7eae', 'Meal', null, null), ('bb212c00-6310-11e8-aaf5-0f254a0c7eae', '5500000', '1', null, '2018-05-29 07:20:14', '2018-05-29 07:20:14', 'bb1a2713-6310-11e8-aaf5-0f254a0c7eae', 'Monthly Salary', null, null), ('bb212c01-6310-11e8-aaf5-0f254a0c7eae', '400000', '1', null, '2018-05-29 07:20:14', '2018-05-29 07:20:14', 'bb1a2713-6310-11e8-aaf5-0f254a0c7eae', 'COLA', null, null), ('bb212c02-6310-11e8-aaf5-0f254a0c7eae', '0', '1', null, '2018-05-29 07:20:14', '2018-05-29 07:20:14', 'bb1a2713-6310-11e8-aaf5-0f254a0c7eae', 'Meal', null, null), ('bb212c03-6310-11e8-aaf5-0f254a0c7eae', '5700000', '1', null, '2018-05-29 07:20:14', '2018-05-29 07:20:14', 'bb1a2714-6310-11e8-aaf5-0f254a0c7eae', 'Monthly Salary', null, null), ('bb212c04-6310-11e8-aaf5-0f254a0c7eae', '600000', '1', null, '2018-05-29 07:20:14', '2018-05-29 07:20:14', 'bb1a2714-6310-11e8-aaf5-0f254a0c7eae', 'COLA', null, null), ('bb212c05-6310-11e8-aaf5-0f254a0c7eae', '0', '1', null, '2018-05-29 07:20:14', '2018-05-29 07:20:14', 'bb1a2714-6310-11e8-aaf5-0f254a0c7eae', 'Meal', null, null), ('bb212c06-6310-11e8-aaf5-0f254a0c7eae', '3000000', '1', null, '2018-05-29 07:20:14', '2018-05-29 07:20:14', 'bb1a2715-6310-11e8-aaf5-0f254a0c7eae', 'Monthly Salary', null, null), ('bb212c07-6310-11e8-aaf5-0f254a0c7eae', '600000', '1', null, '2018-05-29 07:20:14', '2018-05-29 07:20:14', 'bb1a2715-6310-11e8-aaf5-0f254a0c7eae', 'COLA', null, null), ('bb212c08-6310-11e8-aaf5-0f254a0c7eae', '0', '1', null, '2018-05-29 07:20:14', '2018-05-29 07:20:14', 'bb1a2715-6310-11e8-aaf5-0f254a0c7eae', 'Meal', null, null), ('bb212c09-6310-11e8-aaf5-0f254a0c7eae', '2700000', '1', null, '2018-05-29 07:20:14', '2018-05-29 07:20:14', 'bb1a2716-6310-11e8-aaf5-0f254a0c7eae', 'Monthly Salary', null, null), ('bb212c0a-6310-11e8-aaf5-0f254a0c7eae', '400000', '1', null, '2018-05-29 07:20:14', '2018-05-29 07:20:14', 'bb1a2716-6310-11e8-aaf5-0f254a0c7eae', 'COLA', null, null), ('bb212c0b-6310-11e8-aaf5-0f254a0c7eae', '0', '1', null, '2018-05-29 07:20:14', '2018-05-29 07:20:14', 'bb1a2716-6310-11e8-aaf5-0f254a0c7eae', 'Meal', null, null), ('bb212c0c-6310-11e8-aaf5-0f254a0c7eae', '4500000', '1', null, '2018-05-29 07:20:14', '2018-05-29 07:20:14', 'bb1a2717-6310-11e8-aaf5-0f254a0c7eae', 'Monthly Salary', null, null), ('bb212c0d-6310-11e8-aaf5-0f254a0c7eae', '0', '1', null, '2018-05-29 07:20:14', '2018-05-29 07:20:14', 'bb1a2717-6310-11e8-aaf5-0f254a0c7eae', 'COLA', null, null), ('bb212c0e-6310-11e8-aaf5-0f254a0c7eae', '60000', '1', null, '2018-05-29 07:20:14', '2018-05-29 07:20:14', 'bb1a2717-6310-11e8-aaf5-0f254a0c7eae', 'Meal', null, null), ('bb212c0f-6310-11e8-aaf5-0f254a0c7eae', '4600000', '1', null, '2018-05-29 07:20:14', '2018-05-29 07:20:14', 'bb1a2718-6310-11e8-aaf5-0f254a0c7eae', 'Monthly Salary', null, null), ('bb212c10-6310-11e8-aaf5-0f254a0c7eae', '0', '1', null, '2018-05-29 07:20:14', '2018-05-29 07:20:14', 'bb1a2718-6310-11e8-aaf5-0f254a0c7eae', 'COLA', null, null), ('bb212c11-6310-11e8-aaf5-0f254a0c7eae', '60000', '1', null, '2018-05-29 07:20:14', '2018-05-29 07:20:14', 'bb1a2718-6310-11e8-aaf5-0f254a0c7eae', 'Meal', null, null), ('bb212c12-6310-11e8-aaf5-0f254a0c7eae', '4500000', '1', null, '2018-05-29 07:20:14', '2018-05-29 07:20:14', 'bb1a2719-6310-11e8-aaf5-0f254a0c7eae', 'Monthly Salary', null, null), ('bb212c13-6310-11e8-aaf5-0f254a0c7eae', '0', '1', null, '2018-05-29 07:20:14', '2018-05-29 07:20:14', 'bb1a2719-6310-11e8-aaf5-0f254a0c7eae', 'COLA', null, null), ('bb212c14-6310-11e8-aaf5-0f254a0c7eae', '60000', '1', null, '2018-05-29 07:20:14', '2018-05-29 07:20:14', 'bb1a2719-6310-11e8-aaf5-0f254a0c7eae', 'Meal', null, null), ('bb212c15-6310-11e8-aaf5-0f254a0c7eae', '4600000', '1', null, '2018-05-29 07:20:14', '2018-05-29 07:20:14', 'bb1a271a-6310-11e8-aaf5-0f254a0c7eae', 'Monthly Salary', null, null), ('bb212c16-6310-11e8-aaf5-0f254a0c7eae', '0', '1', null, '2018-05-29 07:20:14', '2018-05-29 07:20:14', 'bb1a271a-6310-11e8-aaf5-0f254a0c7eae', 'COLA', null, null), ('bb212c17-6310-11e8-aaf5-0f254a0c7eae', '60000', '1', null, '2018-05-29 07:20:14', '2018-05-29 07:20:14', 'bb1a271a-6310-11e8-aaf5-0f254a0c7eae', 'Meal', null, null), ('bb212c18-6310-11e8-aaf5-0f254a0c7eae', '4000000', '1', null, '2018-05-29 07:20:14', '2018-05-29 07:20:14', 'bb1a271b-6310-11e8-aaf5-0f254a0c7eae', 'Monthly Salary', null, null), ('bb212c19-6310-11e8-aaf5-0f254a0c7eae', '400000', '1', null, '2018-05-29 07:20:14', '2018-05-29 07:20:14', 'bb1a271b-6310-11e8-aaf5-0f254a0c7eae', 'COLA', null, null), ('bb212c1a-6310-11e8-aaf5-0f254a0c7eae', '0', '1', null, '2018-05-29 07:20:14', '2018-05-29 07:20:14', 'bb1a271b-6310-11e8-aaf5-0f254a0c7eae', 'Meal', null, null), ('bb212c1b-6310-11e8-aaf5-0f254a0c7eae', '4200000', '1', null, '2018-05-29 07:20:14', '2018-05-29 07:20:14', 'bb1a271c-6310-11e8-aaf5-0f254a0c7eae', 'Monthly Salary', null, null), ('bb212c1c-6310-11e8-aaf5-0f254a0c7eae', '600000', '1', null, '2018-05-29 07:20:14', '2018-05-29 07:20:14', 'bb1a271c-6310-11e8-aaf5-0f254a0c7eae', 'COLA', null, null), ('bb212c1d-6310-11e8-aaf5-0f254a0c7eae', '0', '1', null, '2018-05-29 07:20:14', '2018-05-29 07:20:14', 'bb1a271c-6310-11e8-aaf5-0f254a0c7eae', 'Meal', null, null), ('bb212c1e-6310-11e8-aaf5-0f254a0c7eae', '2200000', '1', null, '2018-05-29 07:20:14', '2018-05-29 07:20:14', 'bb1a271d-6310-11e8-aaf5-0f254a0c7eae', 'Monthly Salary', null, null), ('bb212c1f-6310-11e8-aaf5-0f254a0c7eae', '0', '1', null, '2018-05-29 07:20:14', '2018-05-29 07:20:14', 'bb1a271d-6310-11e8-aaf5-0f254a0c7eae', 'COLA', null, null), ('bb212c20-6310-11e8-aaf5-0f254a0c7eae', '60000', '1', null, '2018-05-29 07:20:14', '2018-05-29 07:20:14', 'bb1a271d-6310-11e8-aaf5-0f254a0c7eae', 'Meal', null, null), ('bb212c21-6310-11e8-aaf5-0f254a0c7eae', '2500000', '1', null, '2018-05-29 07:20:14', '2018-05-29 07:20:14', 'bb1a271e-6310-11e8-aaf5-0f254a0c7eae', 'Monthly Salary', null, null), ('bb212c22-6310-11e8-aaf5-0f254a0c7eae', '0', '1', null, '2018-05-29 07:20:14', '2018-05-29 07:20:14', 'bb1a271e-6310-11e8-aaf5-0f254a0c7eae', 'COLA', null, null), ('bb212c23-6310-11e8-aaf5-0f254a0c7eae', '60000', '1', null, '2018-05-29 07:20:14', '2018-05-29 07:20:14', 'bb1a271e-6310-11e8-aaf5-0f254a0c7eae', 'Meal', null, null), ('bb212c24-6310-11e8-aaf5-0f254a0c7eae', '1800000', '1', null, '2018-05-29 07:20:14', '2018-05-29 07:20:14', 'bb1a271f-6310-11e8-aaf5-0f254a0c7eae', 'Monthly Salary', null, null), ('bb212c25-6310-11e8-aaf5-0f254a0c7eae', '0', '1', null, '2018-05-29 07:20:14', '2018-05-29 07:20:14', 'bb1a271f-6310-11e8-aaf5-0f254a0c7eae', 'COLA', null, null), ('bb212c26-6310-11e8-aaf5-0f254a0c7eae', '60000', '1', null, '2018-05-29 07:20:14', '2018-05-29 07:20:14', 'bb1a271f-6310-11e8-aaf5-0f254a0c7eae', 'Meal', null, null), ('bb2152f0-6310-11e8-aaf5-0f254a0c7eae', '1700000', '1', null, '2018-05-29 07:20:14', '2018-05-29 07:20:14', 'bb1a2720-6310-11e8-aaf5-0f254a0c7eae', 'Monthly Salary', null, null), ('bb2152f1-6310-11e8-aaf5-0f254a0c7eae', '0', '1', null, '2018-05-29 07:20:14', '2018-05-29 07:20:14', 'bb1a2720-6310-11e8-aaf5-0f254a0c7eae', 'COLA', null, null), ('bb2152f2-6310-11e8-aaf5-0f254a0c7eae', '60000', '1', null, '2018-05-29 07:20:14', '2018-05-29 07:20:14', 'bb1a2720-6310-11e8-aaf5-0f254a0c7eae', 'Meal', null, null), ('bb2152f3-6310-11e8-aaf5-0f254a0c7eae', '6500000', '1', null, '2018-05-29 07:20:14', '2018-05-29 07:20:14', 'bb1a2721-6310-11e8-aaf5-0f254a0c7eae', 'Monthly Salary', null, null), ('bb2152f4-6310-11e8-aaf5-0f254a0c7eae', '0', '1', null, '2018-05-29 07:20:14', '2018-05-29 07:20:14', 'bb1a2721-6310-11e8-aaf5-0f254a0c7eae', 'COLA', null, null), ('bb2152f5-6310-11e8-aaf5-0f254a0c7eae', '60000', '1', null, '2018-05-29 07:20:14', '2018-05-29 07:20:14', 'bb1a2721-6310-11e8-aaf5-0f254a0c7eae', 'Meal', null, null), ('bb2152f6-6310-11e8-aaf5-0f254a0c7eae', '7000000', '1', null, '2018-05-29 07:20:14', '2018-05-29 07:20:14', 'bb1a2722-6310-11e8-aaf5-0f254a0c7eae', 'Monthly Salary', null, null), ('bb2152f7-6310-11e8-aaf5-0f254a0c7eae', '0', '1', null, '2018-05-29 07:20:14', '2018-05-29 07:20:14', 'bb1a2722-6310-11e8-aaf5-0f254a0c7eae', 'COLA', null, null), ('bb2152f8-6310-11e8-aaf5-0f254a0c7eae', '60000', '1', null, '2018-05-29 07:20:14', '2018-05-29 07:20:14', 'bb1a2722-6310-11e8-aaf5-0f254a0c7eae', 'Meal', null, null), ('bb2152f9-6310-11e8-aaf5-0f254a0c7eae', '4000000', '1', null, '2018-05-29 07:20:14', '2018-05-29 07:20:14', 'bb1a2723-6310-11e8-aaf5-0f254a0c7eae', 'Monthly Salary', null, null), ('bb2152fa-6310-11e8-aaf5-0f254a0c7eae', '0', '1', null, '2018-05-29 07:20:14', '2018-05-29 07:20:14', 'bb1a2723-6310-11e8-aaf5-0f254a0c7eae', 'COLA', null, null), ('bb2152fb-6310-11e8-aaf5-0f254a0c7eae', '60000', '1', null, '2018-05-29 07:20:14', '2018-05-29 07:20:14', 'bb1a2723-6310-11e8-aaf5-0f254a0c7eae', 'Meal', null, null), ('bb2152fc-6310-11e8-aaf5-0f254a0c7eae', '3800000', '1', null, '2018-05-29 07:20:14', '2018-05-29 07:20:14', 'bb1a2724-6310-11e8-aaf5-0f254a0c7eae', 'Monthly Salary', null, null), ('bb2152fd-6310-11e8-aaf5-0f254a0c7eae', '0', '1', null, '2018-05-29 07:20:14', '2018-05-29 07:20:14', 'bb1a2724-6310-11e8-aaf5-0f254a0c7eae', 'COLA', null, null), ('bb2152fe-6310-11e8-aaf5-0f254a0c7eae', '60000', '1', null, '2018-05-29 07:20:14', '2018-05-29 07:20:14', 'bb1a2724-6310-11e8-aaf5-0f254a0c7eae', 'Meal', null, null), ('bb2152ff-6310-11e8-aaf5-0f254a0c7eae', '700000', '1', null, '2018-05-29 07:20:14', '2018-05-29 07:20:14', 'bb1a2725-6310-11e8-aaf5-0f254a0c7eae', 'Monthly Salary', null, null), ('bb215300-6310-11e8-aaf5-0f254a0c7eae', '0', '1', null, '2018-05-29 07:20:14', '2018-05-29 07:20:14', 'bb1a2725-6310-11e8-aaf5-0f254a0c7eae', 'COLA', null, null), ('bb215301-6310-11e8-aaf5-0f254a0c7eae', '60000', '1', null, '2018-05-29 07:20:14', '2018-05-29 07:20:14', 'bb1a2725-6310-11e8-aaf5-0f254a0c7eae', 'Meal', null, null), ('bb215302-6310-11e8-aaf5-0f254a0c7eae', '850000', '1', null, '2018-05-29 07:20:14', '2018-05-29 07:20:14', 'bb1a2726-6310-11e8-aaf5-0f254a0c7eae', 'Monthly Salary', null, null), ('bb215303-6310-11e8-aaf5-0f254a0c7eae', '0', '1', null, '2018-05-29 07:20:14', '2018-05-29 07:20:14', 'bb1a2726-6310-11e8-aaf5-0f254a0c7eae', 'COLA', null, null), ('bb215304-6310-11e8-aaf5-0f254a0c7eae', '60000', '1', null, '2018-05-29 07:20:14', '2018-05-29 07:20:14', 'bb1a2726-6310-11e8-aaf5-0f254a0c7eae', 'Meal', null, null), ('bb215305-6310-11e8-aaf5-0f254a0c7eae', '750000', '1', null, '2018-05-29 07:20:14', '2018-05-29 07:20:14', 'bb1a2727-6310-11e8-aaf5-0f254a0c7eae', 'Monthly Salary', null, null), ('bb215306-6310-11e8-aaf5-0f254a0c7eae', '0', '1', null, '2018-05-29 07:20:14', '2018-05-29 07:20:14', 'bb1a2727-6310-11e8-aaf5-0f254a0c7eae', 'COLA', null, null), ('bb215307-6310-11e8-aaf5-0f254a0c7eae', '60000', '1', null, '2018-05-29 07:20:14', '2018-05-29 07:20:14', 'bb1a2727-6310-11e8-aaf5-0f254a0c7eae', 'Meal', null, null), ('bb215308-6310-11e8-aaf5-0f254a0c7eae', '700000', '1', null, '2018-05-29 07:20:14', '2018-05-29 07:20:14', 'bb1a2728-6310-11e8-aaf5-0f254a0c7eae', 'Monthly Salary', null, null), ('bb215309-6310-11e8-aaf5-0f254a0c7eae', '0', '1', null, '2018-05-29 07:20:14', '2018-05-29 07:20:14', 'bb1a2728-6310-11e8-aaf5-0f254a0c7eae', 'COLA', null, null), ('bb21530a-6310-11e8-aaf5-0f254a0c7eae', '60000', '1', null, '2018-05-29 07:20:14', '2018-05-29 07:20:14', 'bb1a2728-6310-11e8-aaf5-0f254a0c7eae', 'Meal', null, null), ('bb21530b-6310-11e8-aaf5-0f254a0c7eae', '700000', '1', null, '2018-05-29 07:20:14', '2018-05-29 07:20:14', 'bb1a2729-6310-11e8-aaf5-0f254a0c7eae', 'Monthly Salary', null, null), ('bb21530c-6310-11e8-aaf5-0f254a0c7eae', '0', '1', null, '2018-05-29 07:20:14', '2018-05-29 07:20:14', 'bb1a2729-6310-11e8-aaf5-0f254a0c7eae', 'COLA', null, null), ('bb21530d-6310-11e8-aaf5-0f254a0c7eae', '60000', '1', null, '2018-05-29 07:20:14', '2018-05-29 07:20:14', 'bb1a2729-6310-11e8-aaf5-0f254a0c7eae', 'Meal', null, null), ('bb21530e-6310-11e8-aaf5-0f254a0c7eae', '750000', '1', null, '2018-05-29 07:20:14', '2018-05-29 07:20:14', 'bb1a272a-6310-11e8-aaf5-0f254a0c7eae', 'Monthly Salary', null, null), ('bb21530f-6310-11e8-aaf5-0f254a0c7eae', '0', '1', null, '2018-05-29 07:20:14', '2018-05-29 07:20:14', 'bb1a272a-6310-11e8-aaf5-0f254a0c7eae', 'COLA', null, null), ('bb215310-6310-11e8-aaf5-0f254a0c7eae', '60000', '1', null, '2018-05-29 07:20:14', '2018-05-29 07:20:14', 'bb1a272a-6310-11e8-aaf5-0f254a0c7eae', 'Meal', null, null), ('bb215311-6310-11e8-aaf5-0f254a0c7eae', '2800000', '1', null, '2018-05-29 07:20:14', '2018-05-29 07:20:14', 'bb1a272b-6310-11e8-aaf5-0f254a0c7eae', 'Monthly Salary', null, null), ('bb215312-6310-11e8-aaf5-0f254a0c7eae', '0', '1', null, '2018-05-29 07:20:14', '2018-05-29 07:20:14', 'bb1a272b-6310-11e8-aaf5-0f254a0c7eae', 'COLA', null, null), ('bb215313-6310-11e8-aaf5-0f254a0c7eae', '60000', '1', null, '2018-05-29 07:20:14', '2018-05-29 07:20:14', 'bb1a272b-6310-11e8-aaf5-0f254a0c7eae', 'Meal', null, null), ('bb215314-6310-11e8-aaf5-0f254a0c7eae', '3000000', '1', null, '2018-05-29 07:20:14', '2018-05-29 07:20:14', 'bb1a272c-6310-11e8-aaf5-0f254a0c7eae', 'Monthly Salary', null, null), ('bb215315-6310-11e8-aaf5-0f254a0c7eae', '0', '1', null, '2018-05-29 07:20:14', '2018-05-29 07:20:14', 'bb1a272c-6310-11e8-aaf5-0f254a0c7eae', 'COLA', null, null), ('bb215316-6310-11e8-aaf5-0f254a0c7eae', '60000', '1', null, '2018-05-29 07:20:14', '2018-05-29 07:20:14', 'bb1a272c-6310-11e8-aaf5-0f254a0c7eae', 'Meal', null, null), ('bb215317-6310-11e8-aaf5-0f254a0c7eae', '1100000', '1', null, '2018-05-29 07:20:14', '2018-05-29 07:20:14', 'bb1a272d-6310-11e8-aaf5-0f254a0c7eae', 'Monthly Salary', null, null), ('bb215318-6310-11e8-aaf5-0f254a0c7eae', '0', '1', null, '2018-05-29 07:20:14', '2018-05-29 07:20:14', 'bb1a272d-6310-11e8-aaf5-0f254a0c7eae', 'COLA', null, null), ('bb215319-6310-11e8-aaf5-0f254a0c7eae', '60000', '1', null, '2018-05-29 07:20:14', '2018-05-29 07:20:14', 'bb1a272d-6310-11e8-aaf5-0f254a0c7eae', 'Meal', null, null), ('bb21531a-6310-11e8-aaf5-0f254a0c7eae', '1300000', '1', null, '2018-05-29 07:20:14', '2018-05-29 07:20:14', 'bb1a272e-6310-11e8-aaf5-0f254a0c7eae', 'Monthly Salary', null, null), ('bb21531b-6310-11e8-aaf5-0f254a0c7eae', '0', '1', null, '2018-05-29 07:20:14', '2018-05-29 07:20:14', 'bb1a272e-6310-11e8-aaf5-0f254a0c7eae', 'COLA', null, null), ('bb21531c-6310-11e8-aaf5-0f254a0c7eae', '60000', '1', null, '2018-05-29 07:20:14', '2018-05-29 07:20:14', 'bb1a272e-6310-11e8-aaf5-0f254a0c7eae', 'Meal', null, null), ('bb21531d-6310-11e8-aaf5-0f254a0c7eae', '5000000', '1', null, '2018-05-29 07:20:14', '2018-05-29 07:20:14', 'bb1a272f-6310-11e8-aaf5-0f254a0c7eae', 'Monthly Salary', null, null), ('bb21531e-6310-11e8-aaf5-0f254a0c7eae', '0', '1', null, '2018-05-29 07:20:14', '2018-05-29 07:20:14', 'bb1a272f-6310-11e8-aaf5-0f254a0c7eae', 'COLA', null, null), ('bb21531f-6310-11e8-aaf5-0f254a0c7eae', '60000', '1', null, '2018-05-29 07:20:14', '2018-05-29 07:20:14', 'bb1a272f-6310-11e8-aaf5-0f254a0c7eae', 'Meal', null, null), ('bb215320-6310-11e8-aaf5-0f254a0c7eae', '4800000', '1', null, '2018-05-29 07:20:14', '2018-05-29 07:20:14', 'bb1a2730-6310-11e8-aaf5-0f254a0c7eae', 'Monthly Salary', null, null), ('bb215321-6310-11e8-aaf5-0f254a0c7eae', '0', '1', null, '2018-05-29 07:20:14', '2018-05-29 07:20:14', 'bb1a2730-6310-11e8-aaf5-0f254a0c7eae', 'COLA', null, null), ('bb215322-6310-11e8-aaf5-0f254a0c7eae', '60000', '1', null, '2018-05-29 07:20:14', '2018-05-29 07:20:14', 'bb1a2730-6310-11e8-aaf5-0f254a0c7eae', 'Meal', null, null), ('bb215323-6310-11e8-aaf5-0f254a0c7eae', '4500000', '1', null, '2018-05-29 07:20:14', '2018-05-29 07:20:14', 'bb1a2731-6310-11e8-aaf5-0f254a0c7eae', 'Monthly Salary', null, null), ('bb215324-6310-11e8-aaf5-0f254a0c7eae', '0', '1', null, '2018-05-29 07:20:14', '2018-05-29 07:20:14', 'bb1a2731-6310-11e8-aaf5-0f254a0c7eae', 'COLA', null, null), ('bb215325-6310-11e8-aaf5-0f254a0c7eae', '60000', '1', null, '2018-05-29 07:20:14', '2018-05-29 07:20:14', 'bb1a2731-6310-11e8-aaf5-0f254a0c7eae', 'Meal', null, null), ('bb215326-6310-11e8-aaf5-0f254a0c7eae', '3000000', '1', null, '2018-05-29 07:20:14', '2018-05-29 07:20:14', 'bb1a2732-6310-11e8-aaf5-0f254a0c7eae', 'Monthly Salary', null, null), ('bb215327-6310-11e8-aaf5-0f254a0c7eae', '0', '1', null, '2018-05-29 07:20:14', '2018-05-29 07:20:14', 'bb1a2732-6310-11e8-aaf5-0f254a0c7eae', 'COLA', null, null), ('bb215328-6310-11e8-aaf5-0f254a0c7eae', '60000', '1', null, '2018-05-29 07:20:14', '2018-05-29 07:20:14', 'bb1a2732-6310-11e8-aaf5-0f254a0c7eae', 'Meal', null, null), ('bb215329-6310-11e8-aaf5-0f254a0c7eae', '5500000', '1', null, '2018-05-29 07:20:14', '2018-05-29 07:20:14', 'bb1a2733-6310-11e8-aaf5-0f254a0c7eae', 'Monthly Salary', null, null), ('bb21532a-6310-11e8-aaf5-0f254a0c7eae', '300000', '1', null, '2018-05-29 07:20:14', '2018-05-29 07:20:14', 'bb1a2733-6310-11e8-aaf5-0f254a0c7eae', 'COLA', null, null), ('bb21532b-6310-11e8-aaf5-0f254a0c7eae', '0', '1', null, '2018-05-29 07:20:14', '2018-05-29 07:20:14', 'bb1a2733-6310-11e8-aaf5-0f254a0c7eae', 'Meal', null, null), ('bb21532c-6310-11e8-aaf5-0f254a0c7eae', '6000000', '1', null, '2018-05-29 07:20:14', '2018-05-29 07:20:14', 'bb1a2734-6310-11e8-aaf5-0f254a0c7eae', 'Monthly Salary', null, null), ('bb21532d-6310-11e8-aaf5-0f254a0c7eae', '200000', '1', null, '2018-05-29 07:20:14', '2018-05-29 07:20:14', 'bb1a2734-6310-11e8-aaf5-0f254a0c7eae', 'COLA', null, null), ('bb21532e-6310-11e8-aaf5-0f254a0c7eae', '0', '1', null, '2018-05-29 07:20:14', '2018-05-29 07:20:14', 'bb1a2734-6310-11e8-aaf5-0f254a0c7eae', 'Meal', null, null), ('bb21532f-6310-11e8-aaf5-0f254a0c7eae', '6000000', '1', null, '2018-05-29 07:20:14', '2018-05-29 07:20:14', 'bb1a2735-6310-11e8-aaf5-0f254a0c7eae', 'Monthly Salary', null, null), ('bb215330-6310-11e8-aaf5-0f254a0c7eae', '0', '1', null, '2018-05-29 07:20:14', '2018-05-29 07:20:14', 'bb1a2735-6310-11e8-aaf5-0f254a0c7eae', 'COLA', null, null), ('bb215331-6310-11e8-aaf5-0f254a0c7eae', '60000', '1', null, '2018-05-29 07:20:14', '2018-05-29 07:20:14', 'bb1a2735-6310-11e8-aaf5-0f254a0c7eae', 'Meal', null, null), ('bb215332-6310-11e8-aaf5-0f254a0c7eae', '5000000', '1', null, '2018-05-29 07:20:14', '2018-05-29 07:20:14', 'bb1a2736-6310-11e8-aaf5-0f254a0c7eae', 'Monthly Salary', null, null), ('bb215333-6310-11e8-aaf5-0f254a0c7eae', '0', '1', null, '2018-05-29 07:20:14', '2018-05-29 07:20:14', 'bb1a2736-6310-11e8-aaf5-0f254a0c7eae', 'COLA', null, null), ('bb215334-6310-11e8-aaf5-0f254a0c7eae', '60000', '1', null, '2018-05-29 07:20:14', '2018-05-29 07:20:14', 'bb1a2736-6310-11e8-aaf5-0f254a0c7eae', 'Meal', null, null), ('bb215335-6310-11e8-aaf5-0f254a0c7eae', '3000000', '1', null, '2018-05-29 07:20:14', '2018-05-29 07:20:14', 'bb1a2737-6310-11e8-aaf5-0f254a0c7eae', 'Monthly Salary', null, null), ('bb217a00-6310-11e8-aaf5-0f254a0c7eae', '0', '1', null, '2018-05-29 07:20:14', '2018-05-29 07:20:14', 'bb1a2737-6310-11e8-aaf5-0f254a0c7eae', 'COLA', null, null), ('bb217a01-6310-11e8-aaf5-0f254a0c7eae', '60000', '1', null, '2018-05-29 07:20:14', '2018-05-29 07:20:14', 'bb1a2737-6310-11e8-aaf5-0f254a0c7eae', 'Meal', null, null), ('bb217a02-6310-11e8-aaf5-0f254a0c7eae', '4500000', '1', null, '2018-05-29 07:20:14', '2018-05-29 07:20:14', 'bb1a2738-6310-11e8-aaf5-0f254a0c7eae', 'Monthly Salary', null, null), ('bb217a03-6310-11e8-aaf5-0f254a0c7eae', '0', '1', null, '2018-05-29 07:20:14', '2018-05-29 07:20:14', 'bb1a2738-6310-11e8-aaf5-0f254a0c7eae', 'COLA', null, null), ('bb217a04-6310-11e8-aaf5-0f254a0c7eae', '60000', '1', null, '2018-05-29 07:20:14', '2018-05-29 07:20:14', 'bb1a2738-6310-11e8-aaf5-0f254a0c7eae', 'Meal', null, null), ('bb217a05-6310-11e8-aaf5-0f254a0c7eae', '4000000', '1', null, '2018-05-29 07:20:14', '2018-05-29 07:20:14', 'bb1a2739-6310-11e8-aaf5-0f254a0c7eae', 'Monthly Salary', null, null), ('bb217a06-6310-11e8-aaf5-0f254a0c7eae', '0', '1', null, '2018-05-29 07:20:14', '2018-05-29 07:20:14', 'bb1a2739-6310-11e8-aaf5-0f254a0c7eae', 'COLA', null, null), ('bb217a07-6310-11e8-aaf5-0f254a0c7eae', '0', '1', null, '2018-05-29 07:20:14', '2018-05-29 07:20:14', 'bb1a2739-6310-11e8-aaf5-0f254a0c7eae', 'Meal', null, null), ('bb217a08-6310-11e8-aaf5-0f254a0c7eae', '4500000', '1', null, '2018-05-29 07:20:14', '2018-05-29 07:20:14', 'bb1a273a-6310-11e8-aaf5-0f254a0c7eae', 'Monthly Salary', null, null), ('bb217a09-6310-11e8-aaf5-0f254a0c7eae', '0', '1', null, '2018-05-29 07:20:14', '2018-05-29 07:20:14', 'bb1a273a-6310-11e8-aaf5-0f254a0c7eae', 'COLA', null, null), ('bb217a0a-6310-11e8-aaf5-0f254a0c7eae', '0', '1', null, '2018-05-29 07:20:14', '2018-05-29 07:20:14', 'bb1a273a-6310-11e8-aaf5-0f254a0c7eae', 'Meal', null, null), ('bb217a0b-6310-11e8-aaf5-0f254a0c7eae', '4500000', '1', null, '2018-05-29 07:20:14', '2018-05-29 07:20:14', 'bb1a273b-6310-11e8-aaf5-0f254a0c7eae', 'Monthly Salary', null, null), ('bb217a0c-6310-11e8-aaf5-0f254a0c7eae', '0', '1', null, '2018-05-29 07:20:14', '2018-05-29 07:20:14', 'bb1a273b-6310-11e8-aaf5-0f254a0c7eae', 'COLA', null, null), ('bb217a0d-6310-11e8-aaf5-0f254a0c7eae', '0', '1', null, '2018-05-29 07:20:14', '2018-05-29 07:20:14', 'bb1a273b-6310-11e8-aaf5-0f254a0c7eae', 'Meal', null, null), ('bb217a0e-6310-11e8-aaf5-0f254a0c7eae', '4000000', '1', null, '2018-05-29 07:20:14', '2018-05-29 07:20:14', 'bb1a273c-6310-11e8-aaf5-0f254a0c7eae', 'Monthly Salary', null, null), ('bb217a0f-6310-11e8-aaf5-0f254a0c7eae', '0', '1', null, '2018-05-29 07:20:14', '2018-05-29 07:20:14', 'bb1a273c-6310-11e8-aaf5-0f254a0c7eae', 'COLA', null, null), ('bb217a10-6310-11e8-aaf5-0f254a0c7eae', '0', '1', null, '2018-05-29 07:20:14', '2018-05-29 07:20:14', 'bb1a273c-6310-11e8-aaf5-0f254a0c7eae', 'Meal', null, null), ('bb217a11-6310-11e8-aaf5-0f254a0c7eae', '6000000', '1', null, '2018-05-29 07:20:14', '2018-05-29 07:20:14', 'bb1a273d-6310-11e8-aaf5-0f254a0c7eae', 'Monthly Salary', null, null), ('bb217a12-6310-11e8-aaf5-0f254a0c7eae', '0', '1', null, '2018-05-29 07:20:14', '2018-05-29 07:20:14', 'bb1a273d-6310-11e8-aaf5-0f254a0c7eae', 'COLA', null, null), ('bb217a13-6310-11e8-aaf5-0f254a0c7eae', '0', '1', null, '2018-05-29 07:20:14', '2018-05-29 07:20:14', 'bb1a273d-6310-11e8-aaf5-0f254a0c7eae', 'Meal', null, null), ('bb217a14-6310-11e8-aaf5-0f254a0c7eae', '2500000', '1', null, '2018-05-29 07:20:14', '2018-05-29 07:20:14', 'bb1a273e-6310-11e8-aaf5-0f254a0c7eae', 'Monthly Salary', null, null), ('bb217a15-6310-11e8-aaf5-0f254a0c7eae', '0', '1', null, '2018-05-29 07:20:14', '2018-05-29 07:20:14', 'bb1a273e-6310-11e8-aaf5-0f254a0c7eae', 'COLA', null, null), ('bb217a16-6310-11e8-aaf5-0f254a0c7eae', '0', '1', null, '2018-05-29 07:20:14', '2018-05-29 07:20:14', 'bb1a273e-6310-11e8-aaf5-0f254a0c7eae', 'Meal', null, null), ('bb217a17-6310-11e8-aaf5-0f254a0c7eae', '2200000', '1', null, '2018-05-29 07:20:14', '2018-05-29 07:20:14', 'bb1a273f-6310-11e8-aaf5-0f254a0c7eae', 'Monthly Salary', null, null), ('bb217a18-6310-11e8-aaf5-0f254a0c7eae', '0', '1', null, '2018-05-29 07:20:14', '2018-05-29 07:20:14', 'bb1a273f-6310-11e8-aaf5-0f254a0c7eae', 'COLA', null, null), ('bb217a19-6310-11e8-aaf5-0f254a0c7eae', '0', '1', null, '2018-05-29 07:20:14', '2018-05-29 07:20:14', 'bb1a273f-6310-11e8-aaf5-0f254a0c7eae', 'Meal', null, null), ('bb217a1a-6310-11e8-aaf5-0f254a0c7eae', '3500000', '1', null, '2018-05-29 07:20:14', '2018-05-29 07:20:14', 'bb1a2740-6310-11e8-aaf5-0f254a0c7eae', 'Monthly Salary', null, null), ('bb217a1b-6310-11e8-aaf5-0f254a0c7eae', '0', '1', null, '2018-05-29 07:20:14', '2018-05-29 07:20:14', 'bb1a2740-6310-11e8-aaf5-0f254a0c7eae', 'COLA', null, null), ('bb217a1c-6310-11e8-aaf5-0f254a0c7eae', '0', '1', null, '2018-05-29 07:20:14', '2018-05-29 07:20:14', 'bb1a2740-6310-11e8-aaf5-0f254a0c7eae', 'Meal', null, null), ('bb217a1d-6310-11e8-aaf5-0f254a0c7eae', '4000000', '1', null, '2018-05-29 07:20:14', '2018-05-29 07:20:14', 'bb1a2741-6310-11e8-aaf5-0f254a0c7eae', 'Monthly Salary', null, null), ('bb217a1e-6310-11e8-aaf5-0f254a0c7eae', '0', '1', null, '2018-05-29 07:20:14', '2018-05-29 07:20:14', 'bb1a2741-6310-11e8-aaf5-0f254a0c7eae', 'COLA', null, null), ('bb217a1f-6310-11e8-aaf5-0f254a0c7eae', '0', '1', null, '2018-05-29 07:20:14', '2018-05-29 07:20:14', 'bb1a2741-6310-11e8-aaf5-0f254a0c7eae', 'Meal', null, null), ('bb217a20-6310-11e8-aaf5-0f254a0c7eae', '4000000', '1', null, '2018-05-29 07:20:14', '2018-05-29 07:20:14', 'bb1a2742-6310-11e8-aaf5-0f254a0c7eae', 'Monthly Salary', null, null), ('bb217a21-6310-11e8-aaf5-0f254a0c7eae', '0', '1', null, '2018-05-29 07:20:14', '2018-05-29 07:20:14', 'bb1a2742-6310-11e8-aaf5-0f254a0c7eae', 'COLA', null, null), ('bb217a22-6310-11e8-aaf5-0f254a0c7eae', '0', '1', null, '2018-05-29 07:20:14', '2018-05-29 07:20:14', 'bb1a2742-6310-11e8-aaf5-0f254a0c7eae', 'Meal', null, null), ('bb217a23-6310-11e8-aaf5-0f254a0c7eae', '800000', '1', null, '2018-05-29 07:20:14', '2018-05-29 07:20:14', 'bb1a2743-6310-11e8-aaf5-0f254a0c7eae', 'Monthly Salary', null, null), ('bb217a24-6310-11e8-aaf5-0f254a0c7eae', '50000', '1', null, '2018-05-29 07:20:14', '2018-05-29 07:20:14', 'bb1a2743-6310-11e8-aaf5-0f254a0c7eae', 'COLA', null, null), ('bb217a25-6310-11e8-aaf5-0f254a0c7eae', '60000', '1', null, '2018-05-29 07:20:14', '2018-05-29 07:20:14', 'bb1a2743-6310-11e8-aaf5-0f254a0c7eae', 'Meal', null, null), ('bb217a26-6310-11e8-aaf5-0f254a0c7eae', '800000', '1', null, '2018-05-29 07:20:14', '2018-05-29 07:20:14', 'bb1a2744-6310-11e8-aaf5-0f254a0c7eae', 'Monthly Salary', null, null), ('bb217a27-6310-11e8-aaf5-0f254a0c7eae', '0', '1', null, '2018-05-29 07:20:14', '2018-05-29 07:20:14', 'bb1a2744-6310-11e8-aaf5-0f254a0c7eae', 'COLA', null, null), ('bb217a28-6310-11e8-aaf5-0f254a0c7eae', '60000', '1', null, '2018-05-29 07:20:14', '2018-05-29 07:20:14', 'bb1a2744-6310-11e8-aaf5-0f254a0c7eae', 'Meal', null, null), ('bb217a29-6310-11e8-aaf5-0f254a0c7eae', '800000', '1', null, '2018-05-29 07:20:14', '2018-05-29 07:20:14', 'bb1a2745-6310-11e8-aaf5-0f254a0c7eae', 'Monthly Salary', null, null), ('bb217a2a-6310-11e8-aaf5-0f254a0c7eae', '50000', '1', null, '2018-05-29 07:20:14', '2018-05-29 07:20:14', 'bb1a2745-6310-11e8-aaf5-0f254a0c7eae', 'COLA', null, null), ('bb217a2b-6310-11e8-aaf5-0f254a0c7eae', '60000', '1', null, '2018-05-29 07:20:14', '2018-05-29 07:20:14', 'bb1a2745-6310-11e8-aaf5-0f254a0c7eae', 'Meal', null, null), ('bb217a2c-6310-11e8-aaf5-0f254a0c7eae', '800000', '1', null, '2018-05-29 07:20:14', '2018-05-29 07:20:14', 'bb1a2746-6310-11e8-aaf5-0f254a0c7eae', 'Monthly Salary', null, null), ('bb217a2d-6310-11e8-aaf5-0f254a0c7eae', '0', '1', null, '2018-05-29 07:20:14', '2018-05-29 07:20:14', 'bb1a2746-6310-11e8-aaf5-0f254a0c7eae', 'COLA', null, null), ('bb217a2e-6310-11e8-aaf5-0f254a0c7eae', '60000', '1', null, '2018-05-29 07:20:14', '2018-05-29 07:20:14', 'bb1a2746-6310-11e8-aaf5-0f254a0c7eae', 'Meal', null, null), ('bb217a2f-6310-11e8-aaf5-0f254a0c7eae', '800000', '1', null, '2018-05-29 07:20:14', '2018-05-29 07:20:14', 'bb1a2747-6310-11e8-aaf5-0f254a0c7eae', 'Monthly Salary', null, null), ('bb217a30-6310-11e8-aaf5-0f254a0c7eae', '600000', '1', null, '2018-05-29 07:20:14', '2018-05-29 07:20:14', 'bb1a2747-6310-11e8-aaf5-0f254a0c7eae', 'COLA', null, null), ('bb217a31-6310-11e8-aaf5-0f254a0c7eae', '0', '1', null, '2018-05-29 07:20:14', '2018-05-29 07:20:14', 'bb1a2747-6310-11e8-aaf5-0f254a0c7eae', 'Meal', null, null), ('bb217a32-6310-11e8-aaf5-0f254a0c7eae', '800000', '1', null, '2018-05-29 07:20:14', '2018-05-29 07:20:14', 'bb1a2748-6310-11e8-aaf5-0f254a0c7eae', 'Monthly Salary', null, null), ('bb217a33-6310-11e8-aaf5-0f254a0c7eae', '400000', '1', null, '2018-05-29 07:20:14', '2018-05-29 07:20:14', 'bb1a2748-6310-11e8-aaf5-0f254a0c7eae', 'COLA', null, null), ('bb217a34-6310-11e8-aaf5-0f254a0c7eae', '0', '1', null, '2018-05-29 07:20:14', '2018-05-29 07:20:14', 'bb1a2748-6310-11e8-aaf5-0f254a0c7eae', 'Meal', null, null), ('bb217a35-6310-11e8-aaf5-0f254a0c7eae', '800000', '1', null, '2018-05-29 07:20:14', '2018-05-29 07:20:14', 'bb1a4e10-6310-11e8-aaf5-0f254a0c7eae', 'Monthly Salary', null, null), ('bb217a36-6310-11e8-aaf5-0f254a0c7eae', '0', '1', null, '2018-05-29 07:20:14', '2018-05-29 07:20:14', 'bb1a4e10-6310-11e8-aaf5-0f254a0c7eae', 'COLA', null, null), ('bb217a37-6310-11e8-aaf5-0f254a0c7eae', '60000', '1', null, '2018-05-29 07:20:14', '2018-05-29 07:20:14', 'bb1a4e10-6310-11e8-aaf5-0f254a0c7eae', 'Meal', null, null), ('bb217a38-6310-11e8-aaf5-0f254a0c7eae', '800000', '1', null, '2018-05-29 07:20:14', '2018-05-29 07:20:14', 'bb1a4e11-6310-11e8-aaf5-0f254a0c7eae', 'Monthly Salary', null, null), ('bb217a39-6310-11e8-aaf5-0f254a0c7eae', '0', '1', null, '2018-05-29 07:20:14', '2018-05-29 07:20:14', 'bb1a4e11-6310-11e8-aaf5-0f254a0c7eae', 'COLA', null, null), ('bb217a3a-6310-11e8-aaf5-0f254a0c7eae', '60000', '1', null, '2018-05-29 07:20:14', '2018-05-29 07:20:14', 'bb1a4e11-6310-11e8-aaf5-0f254a0c7eae', 'Meal', null, null), ('bb217a3b-6310-11e8-aaf5-0f254a0c7eae', '800000', '1', null, '2018-05-29 07:20:14', '2018-05-29 07:20:14', 'bb1a4e12-6310-11e8-aaf5-0f254a0c7eae', 'Monthly Salary', null, null), ('bb217a3c-6310-11e8-aaf5-0f254a0c7eae', '400000', '1', null, '2018-05-29 07:20:14', '2018-05-29 07:20:14', 'bb1a4e12-6310-11e8-aaf5-0f254a0c7eae', 'COLA', null, null), ('bb217a3d-6310-11e8-aaf5-0f254a0c7eae', '0', '1', null, '2018-05-29 07:20:14', '2018-05-29 07:20:14', 'bb1a4e12-6310-11e8-aaf5-0f254a0c7eae', 'Meal', null, null), ('bb217a3e-6310-11e8-aaf5-0f254a0c7eae', '800000', '1', null, '2018-05-29 07:20:14', '2018-05-29 07:20:14', 'bb1a4e13-6310-11e8-aaf5-0f254a0c7eae', 'Monthly Salary', null, null), ('bb217a3f-6310-11e8-aaf5-0f254a0c7eae', '600000', '1', null, '2018-05-29 07:20:14', '2018-05-29 07:20:14', 'bb1a4e13-6310-11e8-aaf5-0f254a0c7eae', 'COLA', null, null), ('bb217a40-6310-11e8-aaf5-0f254a0c7eae', '0', '1', null, '2018-05-29 07:20:14', '2018-05-29 07:20:14', 'bb1a4e13-6310-11e8-aaf5-0f254a0c7eae', 'Meal', null, null), ('bb21a110-6310-11e8-aaf5-0f254a0c7eae', '800000', '1', null, '2018-05-29 07:20:14', '2018-05-29 07:20:14', 'bb1a4e14-6310-11e8-aaf5-0f254a0c7eae', 'Monthly Salary', null, null), ('bb21a111-6310-11e8-aaf5-0f254a0c7eae', '400000', '1', null, '2018-05-29 07:20:14', '2018-05-29 07:20:14', 'bb1a4e14-6310-11e8-aaf5-0f254a0c7eae', 'COLA', null, null), ('bb21a112-6310-11e8-aaf5-0f254a0c7eae', '0', '1', null, '2018-05-29 07:20:14', '2018-05-29 07:20:14', 'bb1a4e14-6310-11e8-aaf5-0f254a0c7eae', 'Meal', null, null), ('bb21a113-6310-11e8-aaf5-0f254a0c7eae', '800000', '1', null, '2018-05-29 07:20:14', '2018-05-29 07:20:14', 'bb1a4e15-6310-11e8-aaf5-0f254a0c7eae', 'Monthly Salary', null, null), ('bb21a114-6310-11e8-aaf5-0f254a0c7eae', '400000', '1', null, '2018-05-29 07:20:14', '2018-05-29 07:20:14', 'bb1a4e15-6310-11e8-aaf5-0f254a0c7eae', 'COLA', null, null), ('bb21a115-6310-11e8-aaf5-0f254a0c7eae', '0', '1', null, '2018-05-29 07:20:14', '2018-05-29 07:20:14', 'bb1a4e15-6310-11e8-aaf5-0f254a0c7eae', 'Meal', null, null), ('bb21a116-6310-11e8-aaf5-0f254a0c7eae', '800000', '1', null, '2018-05-29 07:20:14', '2018-05-29 07:20:14', 'bb1a4e16-6310-11e8-aaf5-0f254a0c7eae', 'Monthly Salary', null, null), ('bb21a117-6310-11e8-aaf5-0f254a0c7eae', '600000', '1', null, '2018-05-29 07:20:14', '2018-05-29 07:20:14', 'bb1a4e16-6310-11e8-aaf5-0f254a0c7eae', 'COLA', null, null), ('bb21a118-6310-11e8-aaf5-0f254a0c7eae', '0', '1', null, '2018-05-29 07:20:14', '2018-05-29 07:20:14', 'bb1a4e16-6310-11e8-aaf5-0f254a0c7eae', 'Meal', null, null), ('bb21a119-6310-11e8-aaf5-0f254a0c7eae', '800000', '1', null, '2018-05-29 07:20:14', '2018-05-29 07:20:14', 'bb1a4e17-6310-11e8-aaf5-0f254a0c7eae', 'Monthly Salary', null, null), ('bb21a11a-6310-11e8-aaf5-0f254a0c7eae', '700000', '1', null, '2018-05-29 07:20:14', '2018-05-29 07:20:14', 'bb1a4e17-6310-11e8-aaf5-0f254a0c7eae', 'COLA', null, null), ('bb21a11b-6310-11e8-aaf5-0f254a0c7eae', '0', '1', null, '2018-05-29 07:20:14', '2018-05-29 07:20:14', 'bb1a4e17-6310-11e8-aaf5-0f254a0c7eae', 'Meal', null, null), ('bb21a11c-6310-11e8-aaf5-0f254a0c7eae', '4000000', '1', null, '2018-05-29 07:20:14', '2018-05-29 07:20:14', 'bb1a4e18-6310-11e8-aaf5-0f254a0c7eae', 'Monthly Salary', null, null), ('bb21a11d-6310-11e8-aaf5-0f254a0c7eae', '400000', '1', null, '2018-05-29 07:20:14', '2018-05-29 07:20:14', 'bb1a4e18-6310-11e8-aaf5-0f254a0c7eae', 'COLA', null, null), ('bb21a11e-6310-11e8-aaf5-0f254a0c7eae', '0', '1', null, '2018-05-29 07:20:14', '2018-05-29 07:20:14', 'bb1a4e18-6310-11e8-aaf5-0f254a0c7eae', 'Meal', null, null), ('bb21a11f-6310-11e8-aaf5-0f254a0c7eae', '5000000', '1', null, '2018-05-29 07:20:14', '2018-05-29 07:20:14', 'bb1a4e19-6310-11e8-aaf5-0f254a0c7eae', 'Monthly Salary', null, null), ('bb21a120-6310-11e8-aaf5-0f254a0c7eae', '300000', '1', null, '2018-05-29 07:20:14', '2018-05-29 07:20:14', 'bb1a4e19-6310-11e8-aaf5-0f254a0c7eae', 'COLA', null, null), ('bb21a121-6310-11e8-aaf5-0f254a0c7eae', '0', '1', null, '2018-05-29 07:20:14', '2018-05-29 07:20:14', 'bb1a4e19-6310-11e8-aaf5-0f254a0c7eae', 'Meal', null, null), ('bb21a122-6310-11e8-aaf5-0f254a0c7eae', '2400000', '1', null, '2018-05-29 07:20:14', '2018-05-29 07:20:14', 'bb1a4e1a-6310-11e8-aaf5-0f254a0c7eae', 'Monthly Salary', null, null), ('bb21a123-6310-11e8-aaf5-0f254a0c7eae', '0', '1', null, '2018-05-29 07:20:14', '2018-05-29 07:20:14', 'bb1a4e1a-6310-11e8-aaf5-0f254a0c7eae', 'COLA', null, null), ('bb21a124-6310-11e8-aaf5-0f254a0c7eae', '60000', '1', null, '2018-05-29 07:20:14', '2018-05-29 07:20:14', 'bb1a4e1a-6310-11e8-aaf5-0f254a0c7eae', 'Meal', null, null), ('bb21a125-6310-11e8-aaf5-0f254a0c7eae', '2300000', '1', null, '2018-05-29 07:20:14', '2018-05-29 07:20:14', 'bb1a4e1b-6310-11e8-aaf5-0f254a0c7eae', 'Monthly Salary', null, null), ('bb21a126-6310-11e8-aaf5-0f254a0c7eae', '0', '1', null, '2018-05-29 07:20:14', '2018-05-29 07:20:14', 'bb1a4e1b-6310-11e8-aaf5-0f254a0c7eae', 'COLA', null, null), ('bb21a127-6310-11e8-aaf5-0f254a0c7eae', '60000', '1', null, '2018-05-29 07:20:14', '2018-05-29 07:20:14', 'bb1a4e1b-6310-11e8-aaf5-0f254a0c7eae', 'Meal', null, null), ('bb21a128-6310-11e8-aaf5-0f254a0c7eae', '2200000', '1', null, '2018-05-29 07:20:14', '2018-05-29 07:20:14', 'bb1a4e1c-6310-11e8-aaf5-0f254a0c7eae', 'Monthly Salary', null, null), ('bb21a129-6310-11e8-aaf5-0f254a0c7eae', '0', '1', null, '2018-05-29 07:20:14', '2018-05-29 07:20:14', 'bb1a4e1c-6310-11e8-aaf5-0f254a0c7eae', 'COLA', null, null), ('bb21a12a-6310-11e8-aaf5-0f254a0c7eae', '60000', '1', null, '2018-05-29 07:20:14', '2018-05-29 07:20:14', 'bb1a4e1c-6310-11e8-aaf5-0f254a0c7eae', 'Meal', null, null), ('bb21a12b-6310-11e8-aaf5-0f254a0c7eae', '2500000', '1', null, '2018-05-29 07:20:14', '2018-05-29 07:20:14', 'bb1a4e1d-6310-11e8-aaf5-0f254a0c7eae', 'Monthly Salary', null, null), ('bb21a12c-6310-11e8-aaf5-0f254a0c7eae', '0', '1', null, '2018-05-29 07:20:14', '2018-05-29 07:20:14', 'bb1a4e1d-6310-11e8-aaf5-0f254a0c7eae', 'COLA', null, null), ('bb21a12d-6310-11e8-aaf5-0f254a0c7eae', '60000', '1', null, '2018-05-29 07:20:14', '2018-05-29 07:20:14', 'bb1a4e1d-6310-11e8-aaf5-0f254a0c7eae', 'Meal', null, null), ('bb21a12e-6310-11e8-aaf5-0f254a0c7eae', '1500000', '1', null, '2018-05-29 07:20:14', '2018-05-29 07:20:14', 'bb1a4e1e-6310-11e8-aaf5-0f254a0c7eae', 'Monthly Salary', null, null), ('bb21a12f-6310-11e8-aaf5-0f254a0c7eae', '500000', '1', null, '2018-05-29 07:20:14', '2018-05-29 07:20:14', 'bb1a4e1e-6310-11e8-aaf5-0f254a0c7eae', 'COLA', null, null), ('bb21a130-6310-11e8-aaf5-0f254a0c7eae', '0', '1', null, '2018-05-29 07:20:14', '2018-05-29 07:20:14', 'bb1a4e1e-6310-11e8-aaf5-0f254a0c7eae', 'Meal', null, null), ('bb21a131-6310-11e8-aaf5-0f254a0c7eae', '1700000', '1', null, '2018-05-29 07:20:14', '2018-05-29 07:20:14', 'bb1a4e1f-6310-11e8-aaf5-0f254a0c7eae', 'Monthly Salary', null, null), ('bb21a132-6310-11e8-aaf5-0f254a0c7eae', '300000', '1', null, '2018-05-29 07:20:14', '2018-05-29 07:20:14', 'bb1a4e1f-6310-11e8-aaf5-0f254a0c7eae', 'COLA', null, null), ('bb21a133-6310-11e8-aaf5-0f254a0c7eae', '0', '1', null, '2018-05-29 07:20:14', '2018-05-29 07:20:14', 'bb1a4e1f-6310-11e8-aaf5-0f254a0c7eae', 'Meal', null, null), ('bb21a134-6310-11e8-aaf5-0f254a0c7eae', '2000000', '1', null, '2018-05-29 07:20:14', '2018-05-29 07:20:14', 'bb1a4e20-6310-11e8-aaf5-0f254a0c7eae', 'Monthly Salary', null, null), ('bb21a135-6310-11e8-aaf5-0f254a0c7eae', '200000', '1', null, '2018-05-29 07:20:14', '2018-05-29 07:20:14', 'bb1a4e20-6310-11e8-aaf5-0f254a0c7eae', 'COLA', null, null), ('bb21a136-6310-11e8-aaf5-0f254a0c7eae', '0', '1', null, '2018-05-29 07:20:14', '2018-05-29 07:20:14', 'bb1a4e20-6310-11e8-aaf5-0f254a0c7eae', 'Meal', null, null), ('bb21a137-6310-11e8-aaf5-0f254a0c7eae', '1800000', '1', null, '2018-05-29 07:20:14', '2018-05-29 07:20:14', 'bb1a4e21-6310-11e8-aaf5-0f254a0c7eae', 'Monthly Salary', null, null), ('bb21a138-6310-11e8-aaf5-0f254a0c7eae', '300000', '1', null, '2018-05-29 07:20:14', '2018-05-29 07:20:14', 'bb1a4e21-6310-11e8-aaf5-0f254a0c7eae', 'COLA', null, null), ('bb21a139-6310-11e8-aaf5-0f254a0c7eae', '0', '1', null, '2018-05-29 07:20:14', '2018-05-29 07:20:14', 'bb1a4e21-6310-11e8-aaf5-0f254a0c7eae', 'Meal', null, null), ('bb21a13a-6310-11e8-aaf5-0f254a0c7eae', '2200000', '1', null, '2018-05-29 07:20:14', '2018-05-29 07:20:14', 'bb1a4e22-6310-11e8-aaf5-0f254a0c7eae', 'Monthly Salary', null, null), ('bb21a13b-6310-11e8-aaf5-0f254a0c7eae', '0', '1', null, '2018-05-29 07:20:14', '2018-05-29 07:20:14', 'bb1a4e22-6310-11e8-aaf5-0f254a0c7eae', 'COLA', null, null), ('bb21a13c-6310-11e8-aaf5-0f254a0c7eae', '60000', '1', null, '2018-05-29 07:20:14', '2018-05-29 07:20:14', 'bb1a4e22-6310-11e8-aaf5-0f254a0c7eae', 'Meal', null, null), ('bb21a13d-6310-11e8-aaf5-0f254a0c7eae', '2500000', '1', null, '2018-05-29 07:20:14', '2018-05-29 07:20:14', 'bb1a4e23-6310-11e8-aaf5-0f254a0c7eae', 'Monthly Salary', null, null), ('bb21a13e-6310-11e8-aaf5-0f254a0c7eae', '0', '1', null, '2018-05-29 07:20:14', '2018-05-29 07:20:14', 'bb1a4e23-6310-11e8-aaf5-0f254a0c7eae', 'COLA', null, null), ('bb21a13f-6310-11e8-aaf5-0f254a0c7eae', '60000', '1', null, '2018-05-29 07:20:14', '2018-05-29 07:20:14', 'bb1a4e23-6310-11e8-aaf5-0f254a0c7eae', 'Meal', null, null), ('bb21a140-6310-11e8-aaf5-0f254a0c7eae', '4000000', '1', null, '2018-05-29 07:20:14', '2018-05-29 07:20:14', 'bb1a4e24-6310-11e8-aaf5-0f254a0c7eae', 'Monthly Salary', null, null), ('bb21a141-6310-11e8-aaf5-0f254a0c7eae', '0', '1', null, '2018-05-29 07:20:14', '2018-05-29 07:20:14', 'bb1a4e24-6310-11e8-aaf5-0f254a0c7eae', 'COLA', null, null), ('bb21a142-6310-11e8-aaf5-0f254a0c7eae', '60000', '1', null, '2018-05-29 07:20:14', '2018-05-29 07:20:14', 'bb1a4e24-6310-11e8-aaf5-0f254a0c7eae', 'Meal', null, null), ('bb21a143-6310-11e8-aaf5-0f254a0c7eae', '4000000', '1', null, '2018-05-29 07:20:14', '2018-05-29 07:20:14', 'bb1a4e25-6310-11e8-aaf5-0f254a0c7eae', 'Monthly Salary', null, null);
INSERT INTO `stdPosPrice` VALUES ('bb21a144-6310-11e8-aaf5-0f254a0c7eae', '0', '1', null, '2018-05-29 07:20:14', '2018-05-29 07:20:14', 'bb1a4e25-6310-11e8-aaf5-0f254a0c7eae', 'COLA', null, null), ('bb21a145-6310-11e8-aaf5-0f254a0c7eae', '60000', '1', null, '2018-05-29 07:20:14', '2018-05-29 07:20:14', 'bb1a4e25-6310-11e8-aaf5-0f254a0c7eae', 'Meal', null, null), ('bb21a146-6310-11e8-aaf5-0f254a0c7eae', '4500000', '1', null, '2018-05-29 07:20:14', '2018-05-29 07:20:14', 'bb1a4e26-6310-11e8-aaf5-0f254a0c7eae', 'Monthly Salary', null, null), ('bb21a147-6310-11e8-aaf5-0f254a0c7eae', '0', '1', null, '2018-05-29 07:20:14', '2018-05-29 07:20:14', 'bb1a4e26-6310-11e8-aaf5-0f254a0c7eae', 'COLA', null, null), ('bb21a148-6310-11e8-aaf5-0f254a0c7eae', '60000', '1', null, '2018-05-29 07:20:14', '2018-05-29 07:20:14', 'bb1a4e26-6310-11e8-aaf5-0f254a0c7eae', 'Meal', null, null), ('bb21a149-6310-11e8-aaf5-0f254a0c7eae', '4300000', '1', null, '2018-05-29 07:20:14', '2018-05-29 07:20:14', 'bb1a4e27-6310-11e8-aaf5-0f254a0c7eae', 'Monthly Salary', null, null), ('bb21a14a-6310-11e8-aaf5-0f254a0c7eae', '0', '1', null, '2018-05-29 07:20:14', '2018-05-29 07:20:14', 'bb1a4e27-6310-11e8-aaf5-0f254a0c7eae', 'COLA', null, null), ('bb21a14b-6310-11e8-aaf5-0f254a0c7eae', '60000', '1', null, '2018-05-29 07:20:14', '2018-05-29 07:20:14', 'bb1a4e27-6310-11e8-aaf5-0f254a0c7eae', 'Meal', null, null), ('bb21a14c-6310-11e8-aaf5-0f254a0c7eae', '4200000', '1', null, '2018-05-29 07:20:14', '2018-05-29 07:20:14', 'bb1a4e28-6310-11e8-aaf5-0f254a0c7eae', 'Monthly Salary', null, null), ('bb21a14d-6310-11e8-aaf5-0f254a0c7eae', '0', '1', null, '2018-05-29 07:20:14', '2018-05-29 07:20:14', 'bb1a4e28-6310-11e8-aaf5-0f254a0c7eae', 'COLA', null, null), ('bb21a14e-6310-11e8-aaf5-0f254a0c7eae', '60000', '1', null, '2018-05-29 07:20:14', '2018-05-29 07:20:14', 'bb1a4e28-6310-11e8-aaf5-0f254a0c7eae', 'Meal', null, null), ('bb21a14f-6310-11e8-aaf5-0f254a0c7eae', '3000000', '1', null, '2018-05-29 07:20:14', '2018-05-29 07:20:14', 'bb1a4e29-6310-11e8-aaf5-0f254a0c7eae', 'Monthly Salary', null, null), ('bb21a150-6310-11e8-aaf5-0f254a0c7eae', '400000', '1', null, '2018-05-29 07:20:14', '2018-05-29 07:20:14', 'bb1a4e29-6310-11e8-aaf5-0f254a0c7eae', 'COLA', null, null), ('bb21c820-6310-11e8-aaf5-0f254a0c7eae', '0', '1', null, '2018-05-29 07:20:14', '2018-05-29 07:20:14', 'bb1a4e29-6310-11e8-aaf5-0f254a0c7eae', 'Meal', null, null), ('bb21c821-6310-11e8-aaf5-0f254a0c7eae', '3300000', '1', null, '2018-05-29 07:20:14', '2018-05-29 07:20:14', 'bb1a4e2a-6310-11e8-aaf5-0f254a0c7eae', 'Monthly Salary', null, null), ('bb21c822-6310-11e8-aaf5-0f254a0c7eae', '400000', '1', null, '2018-05-29 07:20:14', '2018-05-29 07:20:14', 'bb1a4e2a-6310-11e8-aaf5-0f254a0c7eae', 'COLA', null, null), ('bb21c823-6310-11e8-aaf5-0f254a0c7eae', '0', '1', null, '2018-05-29 07:20:14', '2018-05-29 07:20:14', 'bb1a4e2a-6310-11e8-aaf5-0f254a0c7eae', 'Meal', null, null), ('bb21c824-6310-11e8-aaf5-0f254a0c7eae', '5000000', '1', null, '2018-05-29 07:20:14', '2018-05-29 07:20:14', 'bb1a4e2b-6310-11e8-aaf5-0f254a0c7eae', 'Monthly Salary', null, null), ('bb21c825-6310-11e8-aaf5-0f254a0c7eae', '200000', '1', null, '2018-05-29 07:20:14', '2018-05-29 07:20:14', 'bb1a4e2b-6310-11e8-aaf5-0f254a0c7eae', 'COLA', null, null), ('bb21c826-6310-11e8-aaf5-0f254a0c7eae', '0', '1', null, '2018-05-29 07:20:14', '2018-05-29 07:20:14', 'bb1a4e2b-6310-11e8-aaf5-0f254a0c7eae', 'Meal', null, null), ('bb21c827-6310-11e8-aaf5-0f254a0c7eae', '4500000', '1', null, '2018-05-29 07:20:14', '2018-05-29 07:20:14', 'bb1a4e2c-6310-11e8-aaf5-0f254a0c7eae', 'Monthly Salary', null, null), ('bb21c828-6310-11e8-aaf5-0f254a0c7eae', '200000', '1', null, '2018-05-29 07:20:14', '2018-05-29 07:20:14', 'bb1a4e2c-6310-11e8-aaf5-0f254a0c7eae', 'COLA', null, null), ('bb21c829-6310-11e8-aaf5-0f254a0c7eae', '0', '1', null, '2018-05-29 07:20:14', '2018-05-29 07:20:14', 'bb1a4e2c-6310-11e8-aaf5-0f254a0c7eae', 'Meal', null, null), ('bb21c82a-6310-11e8-aaf5-0f254a0c7eae', '5000000', '1', null, '2018-05-29 07:20:14', '2018-05-29 07:20:14', 'bb1a4e2d-6310-11e8-aaf5-0f254a0c7eae', 'Monthly Salary', null, null), ('bb21c82b-6310-11e8-aaf5-0f254a0c7eae', '100000', '1', null, '2018-05-29 07:20:14', '2018-05-29 07:20:14', 'bb1a4e2d-6310-11e8-aaf5-0f254a0c7eae', 'COLA', null, null), ('bb21c82c-6310-11e8-aaf5-0f254a0c7eae', '0', '1', null, '2018-05-29 07:20:14', '2018-05-29 07:20:14', 'bb1a4e2d-6310-11e8-aaf5-0f254a0c7eae', 'Meal', null, null), ('bb21c82d-6310-11e8-aaf5-0f254a0c7eae', '6000000', '1', null, '2018-05-29 07:20:14', '2018-05-29 07:20:14', 'bb1a4e2e-6310-11e8-aaf5-0f254a0c7eae', 'Monthly Salary', null, null), ('bb21c82e-6310-11e8-aaf5-0f254a0c7eae', '400000', '1', null, '2018-05-29 07:20:14', '2018-05-29 07:20:14', 'bb1a4e2e-6310-11e8-aaf5-0f254a0c7eae', 'COLA', null, null), ('bb21c82f-6310-11e8-aaf5-0f254a0c7eae', '0', '1', null, '2018-05-29 07:20:14', '2018-05-29 07:20:14', 'bb1a4e2e-6310-11e8-aaf5-0f254a0c7eae', 'Meal', null, null), ('bb21c830-6310-11e8-aaf5-0f254a0c7eae', '5000000', '1', null, '2018-05-29 07:20:14', '2018-05-29 07:20:14', 'bb1a4e2f-6310-11e8-aaf5-0f254a0c7eae', 'Monthly Salary', null, null), ('bb21c831-6310-11e8-aaf5-0f254a0c7eae', '500000', '1', null, '2018-05-29 07:20:14', '2018-05-29 07:20:14', 'bb1a4e2f-6310-11e8-aaf5-0f254a0c7eae', 'COLA', null, null), ('bb21c832-6310-11e8-aaf5-0f254a0c7eae', '0', '1', null, '2018-05-29 07:20:14', '2018-05-29 07:20:14', 'bb1a4e2f-6310-11e8-aaf5-0f254a0c7eae', 'Meal', null, null), ('bb21c833-6310-11e8-aaf5-0f254a0c7eae', '4500000', '1', null, '2018-05-29 07:20:14', '2018-05-29 07:20:14', 'bb1a4e30-6310-11e8-aaf5-0f254a0c7eae', 'Monthly Salary', null, null), ('bb21c834-6310-11e8-aaf5-0f254a0c7eae', '700000', '1', null, '2018-05-29 07:20:14', '2018-05-29 07:20:14', 'bb1a4e30-6310-11e8-aaf5-0f254a0c7eae', 'COLA', null, null), ('bb21c835-6310-11e8-aaf5-0f254a0c7eae', '0', '1', null, '2018-05-29 07:20:14', '2018-05-29 07:20:14', 'bb1a4e30-6310-11e8-aaf5-0f254a0c7eae', 'Meal', null, null), ('bb21c836-6310-11e8-aaf5-0f254a0c7eae', '5000000', '1', null, '2018-05-29 07:20:14', '2018-05-29 07:20:14', 'bb1a4e31-6310-11e8-aaf5-0f254a0c7eae', 'Monthly Salary', null, null), ('bb21c837-6310-11e8-aaf5-0f254a0c7eae', '0', '1', null, '2018-05-29 07:20:14', '2018-05-29 07:20:14', 'bb1a4e31-6310-11e8-aaf5-0f254a0c7eae', 'COLA', null, null), ('bb21c838-6310-11e8-aaf5-0f254a0c7eae', '60000', '1', null, '2018-05-29 07:20:14', '2018-05-29 07:20:14', 'bb1a4e31-6310-11e8-aaf5-0f254a0c7eae', 'Meal', null, null), ('bb21c839-6310-11e8-aaf5-0f254a0c7eae', '5500000', '1', null, '2018-05-29 07:20:14', '2018-05-29 07:20:14', 'bb1a4e32-6310-11e8-aaf5-0f254a0c7eae', 'Monthly Salary', null, null), ('bb21c83a-6310-11e8-aaf5-0f254a0c7eae', '0', '1', null, '2018-05-29 07:20:14', '2018-05-29 07:20:14', 'bb1a4e32-6310-11e8-aaf5-0f254a0c7eae', 'COLA', null, null), ('bb21c83b-6310-11e8-aaf5-0f254a0c7eae', '60000', '1', null, '2018-05-29 07:20:14', '2018-05-29 07:20:14', 'bb1a4e32-6310-11e8-aaf5-0f254a0c7eae', 'Meal', null, null), ('bb21c83c-6310-11e8-aaf5-0f254a0c7eae', '5200000', '1', null, '2018-05-29 07:20:14', '2018-05-29 07:20:14', 'bb1a4e33-6310-11e8-aaf5-0f254a0c7eae', 'Monthly Salary', null, null), ('bb21c83d-6310-11e8-aaf5-0f254a0c7eae', '0', '1', null, '2018-05-29 07:20:14', '2018-05-29 07:20:14', 'bb1a4e33-6310-11e8-aaf5-0f254a0c7eae', 'COLA', null, null), ('bb21c83e-6310-11e8-aaf5-0f254a0c7eae', '60000', '1', null, '2018-05-29 07:20:14', '2018-05-29 07:20:14', 'bb1a4e33-6310-11e8-aaf5-0f254a0c7eae', 'Meal', null, null), ('bb21c83f-6310-11e8-aaf5-0f254a0c7eae', '5100000', '1', null, '2018-05-29 07:20:14', '2018-05-29 07:20:14', 'bb1a4e34-6310-11e8-aaf5-0f254a0c7eae', 'Monthly Salary', null, null), ('bb21c840-6310-11e8-aaf5-0f254a0c7eae', '0', '1', null, '2018-05-29 07:20:14', '2018-05-29 07:20:14', 'bb1a4e34-6310-11e8-aaf5-0f254a0c7eae', 'COLA', null, null), ('bb21c841-6310-11e8-aaf5-0f254a0c7eae', '60000', '1', null, '2018-05-29 07:20:14', '2018-05-29 07:20:14', 'bb1a4e34-6310-11e8-aaf5-0f254a0c7eae', 'Meal', null, null), ('bb21c842-6310-11e8-aaf5-0f254a0c7eae', '3500000', '1', null, '2018-05-29 07:20:14', '2018-05-29 07:20:14', 'bb1a4e35-6310-11e8-aaf5-0f254a0c7eae', 'Monthly Salary', null, null), ('bb21c843-6310-11e8-aaf5-0f254a0c7eae', '100000', '1', null, '2018-05-29 07:20:14', '2018-05-29 07:20:14', 'bb1a4e35-6310-11e8-aaf5-0f254a0c7eae', 'COLA', null, null), ('bb21c844-6310-11e8-aaf5-0f254a0c7eae', '0', '1', null, '2018-05-29 07:20:14', '2018-05-29 07:20:14', 'bb1a4e35-6310-11e8-aaf5-0f254a0c7eae', 'Meal', null, null), ('bb21c845-6310-11e8-aaf5-0f254a0c7eae', '2500000', '1', null, '2018-05-29 07:20:14', '2018-05-29 07:20:14', 'bb1a4e36-6310-11e8-aaf5-0f254a0c7eae', 'Monthly Salary', null, null), ('bb21c846-6310-11e8-aaf5-0f254a0c7eae', '500000', '1', null, '2018-05-29 07:20:14', '2018-05-29 07:20:14', 'bb1a4e36-6310-11e8-aaf5-0f254a0c7eae', 'COLA', null, null), ('bb21c847-6310-11e8-aaf5-0f254a0c7eae', '0', '1', null, '2018-05-29 07:20:14', '2018-05-29 07:20:14', 'bb1a4e36-6310-11e8-aaf5-0f254a0c7eae', 'Meal', null, null), ('bb21c848-6310-11e8-aaf5-0f254a0c7eae', '3000000', '1', null, '2018-05-29 07:20:14', '2018-05-29 07:20:14', 'bb1a4e37-6310-11e8-aaf5-0f254a0c7eae', 'Monthly Salary', null, null), ('bb21c849-6310-11e8-aaf5-0f254a0c7eae', '0', '1', null, '2018-05-29 07:20:14', '2018-05-29 07:20:14', 'bb1a4e37-6310-11e8-aaf5-0f254a0c7eae', 'COLA', null, null), ('bb21c84a-6310-11e8-aaf5-0f254a0c7eae', '60000', '1', null, '2018-05-29 07:20:14', '2018-05-29 07:20:14', 'bb1a4e37-6310-11e8-aaf5-0f254a0c7eae', 'Meal', null, null), ('bb21c84b-6310-11e8-aaf5-0f254a0c7eae', '2800000', '1', null, '2018-05-29 07:20:14', '2018-05-29 07:20:14', 'bb1a4e38-6310-11e8-aaf5-0f254a0c7eae', 'Monthly Salary', null, null), ('bb21c84c-6310-11e8-aaf5-0f254a0c7eae', '0', '1', null, '2018-05-29 07:20:14', '2018-05-29 07:20:14', 'bb1a4e38-6310-11e8-aaf5-0f254a0c7eae', 'COLA', null, null), ('bb21c84d-6310-11e8-aaf5-0f254a0c7eae', '60000', '1', null, '2018-05-29 07:20:14', '2018-05-29 07:20:14', 'bb1a4e38-6310-11e8-aaf5-0f254a0c7eae', 'Meal', null, null), ('bb21c84e-6310-11e8-aaf5-0f254a0c7eae', '2700000', '1', null, '2018-05-29 07:20:14', '2018-05-29 07:20:14', 'bb1a4e39-6310-11e8-aaf5-0f254a0c7eae', 'Monthly Salary', null, null), ('bb21c84f-6310-11e8-aaf5-0f254a0c7eae', '0', '1', null, '2018-05-29 07:20:14', '2018-05-29 07:20:14', 'bb1a4e39-6310-11e8-aaf5-0f254a0c7eae', 'COLA', null, null), ('bb21c850-6310-11e8-aaf5-0f254a0c7eae', '60000', '1', null, '2018-05-29 07:20:14', '2018-05-29 07:20:14', 'bb1a4e39-6310-11e8-aaf5-0f254a0c7eae', 'Meal', null, null), ('bb21c851-6310-11e8-aaf5-0f254a0c7eae', '2600000', '1', null, '2018-05-29 07:20:14', '2018-05-29 07:20:14', 'bb1a4e3a-6310-11e8-aaf5-0f254a0c7eae', 'Monthly Salary', null, null), ('bb21c852-6310-11e8-aaf5-0f254a0c7eae', '0', '1', null, '2018-05-29 07:20:14', '2018-05-29 07:20:14', 'bb1a4e3a-6310-11e8-aaf5-0f254a0c7eae', 'COLA', null, null), ('bb21c853-6310-11e8-aaf5-0f254a0c7eae', '60000', '1', null, '2018-05-29 07:20:14', '2018-05-29 07:20:14', 'bb1a4e3a-6310-11e8-aaf5-0f254a0c7eae', 'Meal', null, null), ('bb21c854-6310-11e8-aaf5-0f254a0c7eae', '4500000', '1', null, '2018-05-29 07:20:14', '2018-05-29 07:20:14', 'bb1a7520-6310-11e8-aaf5-0f254a0c7eae', 'Monthly Salary', null, null), ('bb21c855-6310-11e8-aaf5-0f254a0c7eae', '0', '1', null, '2018-05-29 07:20:14', '2018-05-29 07:20:14', 'bb1a7520-6310-11e8-aaf5-0f254a0c7eae', 'COLA', null, null), ('bb21c856-6310-11e8-aaf5-0f254a0c7eae', '60000', '1', null, '2018-05-29 07:20:14', '2018-05-29 07:20:14', 'bb1a7520-6310-11e8-aaf5-0f254a0c7eae', 'Meal', null, null), ('bb21c857-6310-11e8-aaf5-0f254a0c7eae', '4200000', '1', null, '2018-05-29 07:20:14', '2018-05-29 07:20:14', 'bb1a7521-6310-11e8-aaf5-0f254a0c7eae', 'Monthly Salary', null, null), ('bb21c858-6310-11e8-aaf5-0f254a0c7eae', '0', '1', null, '2018-05-29 07:20:14', '2018-05-29 07:20:14', 'bb1a7521-6310-11e8-aaf5-0f254a0c7eae', 'COLA', null, null), ('bb21c859-6310-11e8-aaf5-0f254a0c7eae', '60000', '1', null, '2018-05-29 07:20:14', '2018-05-29 07:20:14', 'bb1a7521-6310-11e8-aaf5-0f254a0c7eae', 'Meal', null, null), ('bb21c85a-6310-11e8-aaf5-0f254a0c7eae', '5000000', '1', null, '2018-05-29 07:20:14', '2018-05-29 07:20:14', 'bb1a7522-6310-11e8-aaf5-0f254a0c7eae', 'Monthly Salary', null, null), ('bb21c85b-6310-11e8-aaf5-0f254a0c7eae', '0', '1', null, '2018-05-29 07:20:14', '2018-05-29 07:20:14', 'bb1a7522-6310-11e8-aaf5-0f254a0c7eae', 'COLA', null, null), ('bb21ef30-6310-11e8-aaf5-0f254a0c7eae', '60000', '1', null, '2018-05-29 07:20:14', '2018-05-29 07:20:14', 'bb1a7522-6310-11e8-aaf5-0f254a0c7eae', 'Meal', null, null), ('bb21ef31-6310-11e8-aaf5-0f254a0c7eae', '4800000', '1', null, '2018-05-29 07:20:14', '2018-05-29 07:20:14', 'bb1a7523-6310-11e8-aaf5-0f254a0c7eae', 'Monthly Salary', null, null), ('bb21ef32-6310-11e8-aaf5-0f254a0c7eae', '0', '1', null, '2018-05-29 07:20:14', '2018-05-29 07:20:14', 'bb1a7523-6310-11e8-aaf5-0f254a0c7eae', 'COLA', null, null), ('bb21ef33-6310-11e8-aaf5-0f254a0c7eae', '60000', '1', null, '2018-05-29 07:20:14', '2018-05-29 07:20:14', 'bb1a7523-6310-11e8-aaf5-0f254a0c7eae', 'Meal', null, null), ('bb21ef34-6310-11e8-aaf5-0f254a0c7eae', '5500000', '1', null, '2018-05-29 07:20:14', '2018-05-29 07:20:14', 'bb1a7524-6310-11e8-aaf5-0f254a0c7eae', 'Monthly Salary', null, null), ('bb21ef35-6310-11e8-aaf5-0f254a0c7eae', '400000', '1', null, '2018-05-29 07:20:14', '2018-05-29 07:20:14', 'bb1a7524-6310-11e8-aaf5-0f254a0c7eae', 'COLA', null, null), ('bb21ef36-6310-11e8-aaf5-0f254a0c7eae', '0', '1', null, '2018-05-29 07:20:14', '2018-05-29 07:20:14', 'bb1a7524-6310-11e8-aaf5-0f254a0c7eae', 'Meal', null, null), ('bb21ef37-6310-11e8-aaf5-0f254a0c7eae', '5700000', '1', null, '2018-05-29 07:20:14', '2018-05-29 07:20:14', 'bb1a7525-6310-11e8-aaf5-0f254a0c7eae', 'Monthly Salary', null, null), ('bb21ef38-6310-11e8-aaf5-0f254a0c7eae', '600000', '1', null, '2018-05-29 07:20:14', '2018-05-29 07:20:14', 'bb1a7525-6310-11e8-aaf5-0f254a0c7eae', 'COLA', null, null), ('bb21ef39-6310-11e8-aaf5-0f254a0c7eae', '0', '1', null, '2018-05-29 07:20:14', '2018-05-29 07:20:14', 'bb1a7525-6310-11e8-aaf5-0f254a0c7eae', 'Meal', null, null), ('bb21ef3a-6310-11e8-aaf5-0f254a0c7eae', '3000000', '1', null, '2018-05-29 07:20:14', '2018-05-29 07:20:14', 'bb1a7526-6310-11e8-aaf5-0f254a0c7eae', 'Monthly Salary', null, null), ('bb21ef3b-6310-11e8-aaf5-0f254a0c7eae', '600000', '1', null, '2018-05-29 07:20:14', '2018-05-29 07:20:14', 'bb1a7526-6310-11e8-aaf5-0f254a0c7eae', 'COLA', null, null), ('bb21ef3c-6310-11e8-aaf5-0f254a0c7eae', '0', '1', null, '2018-05-29 07:20:14', '2018-05-29 07:20:14', 'bb1a7526-6310-11e8-aaf5-0f254a0c7eae', 'Meal', null, null), ('bb21ef3d-6310-11e8-aaf5-0f254a0c7eae', '2700000', '1', null, '2018-05-29 07:20:14', '2018-05-29 07:20:14', 'bb1a7527-6310-11e8-aaf5-0f254a0c7eae', 'Monthly Salary', null, null), ('bb221640-6310-11e8-aaf5-0f254a0c7eae', '400000', '1', null, '2018-05-29 07:20:14', '2018-05-29 07:20:14', 'bb1a7527-6310-11e8-aaf5-0f254a0c7eae', 'COLA', null, null), ('bb221641-6310-11e8-aaf5-0f254a0c7eae', '0', '1', null, '2018-05-29 07:20:14', '2018-05-29 07:20:14', 'bb1a7527-6310-11e8-aaf5-0f254a0c7eae', 'Meal', null, null), ('bb221642-6310-11e8-aaf5-0f254a0c7eae', '4500000', '1', null, '2018-05-29 07:20:14', '2018-05-29 07:20:14', 'bb1a7528-6310-11e8-aaf5-0f254a0c7eae', 'Monthly Salary', null, null), ('bb221643-6310-11e8-aaf5-0f254a0c7eae', '0', '1', null, '2018-05-29 07:20:14', '2018-05-29 07:20:14', 'bb1a7528-6310-11e8-aaf5-0f254a0c7eae', 'COLA', null, null), ('bb221644-6310-11e8-aaf5-0f254a0c7eae', '60000', '1', null, '2018-05-29 07:20:14', '2018-05-29 07:20:14', 'bb1a7528-6310-11e8-aaf5-0f254a0c7eae', 'Meal', null, null), ('bb221645-6310-11e8-aaf5-0f254a0c7eae', '4600000', '1', null, '2018-05-29 07:20:14', '2018-05-29 07:20:14', 'bb1a7529-6310-11e8-aaf5-0f254a0c7eae', 'Monthly Salary', null, null), ('bb221646-6310-11e8-aaf5-0f254a0c7eae', '0', '1', null, '2018-05-29 07:20:14', '2018-05-29 07:20:14', 'bb1a7529-6310-11e8-aaf5-0f254a0c7eae', 'COLA', null, null), ('bb221647-6310-11e8-aaf5-0f254a0c7eae', '60000', '1', null, '2018-05-29 07:20:14', '2018-05-29 07:20:14', 'bb1a7529-6310-11e8-aaf5-0f254a0c7eae', 'Meal', null, null), ('bb221648-6310-11e8-aaf5-0f254a0c7eae', '4500000', '1', null, '2018-05-29 07:20:14', '2018-05-29 07:20:14', 'bb1a752a-6310-11e8-aaf5-0f254a0c7eae', 'Monthly Salary', null, null), ('bb221649-6310-11e8-aaf5-0f254a0c7eae', '0', '1', null, '2018-05-29 07:20:14', '2018-05-29 07:20:14', 'bb1a752a-6310-11e8-aaf5-0f254a0c7eae', 'COLA', null, null), ('bb22164a-6310-11e8-aaf5-0f254a0c7eae', '60000', '1', null, '2018-05-29 07:20:14', '2018-05-29 07:20:14', 'bb1a752a-6310-11e8-aaf5-0f254a0c7eae', 'Meal', null, null), ('bb22164b-6310-11e8-aaf5-0f254a0c7eae', '4600000', '1', null, '2018-05-29 07:20:14', '2018-05-29 07:20:14', 'bb1a752b-6310-11e8-aaf5-0f254a0c7eae', 'Monthly Salary', null, null), ('bb22164c-6310-11e8-aaf5-0f254a0c7eae', '0', '1', null, '2018-05-29 07:20:14', '2018-05-29 07:20:14', 'bb1a752b-6310-11e8-aaf5-0f254a0c7eae', 'COLA', null, null), ('bb22164d-6310-11e8-aaf5-0f254a0c7eae', '60000', '1', null, '2018-05-29 07:20:14', '2018-05-29 07:20:14', 'bb1a752b-6310-11e8-aaf5-0f254a0c7eae', 'Meal', null, null), ('bb22164e-6310-11e8-aaf5-0f254a0c7eae', '4000000', '1', null, '2018-05-29 07:20:14', '2018-05-29 07:20:14', 'bb1a752c-6310-11e8-aaf5-0f254a0c7eae', 'Monthly Salary', null, null), ('bb22164f-6310-11e8-aaf5-0f254a0c7eae', '400000', '1', null, '2018-05-29 07:20:14', '2018-05-29 07:20:14', 'bb1a752c-6310-11e8-aaf5-0f254a0c7eae', 'COLA', null, null), ('bb221650-6310-11e8-aaf5-0f254a0c7eae', '0', '1', null, '2018-05-29 07:20:14', '2018-05-29 07:20:14', 'bb1a752c-6310-11e8-aaf5-0f254a0c7eae', 'Meal', null, null), ('bb221651-6310-11e8-aaf5-0f254a0c7eae', '4200000', '1', null, '2018-05-29 07:20:14', '2018-05-29 07:20:14', 'bb1a752d-6310-11e8-aaf5-0f254a0c7eae', 'Monthly Salary', null, null), ('bb221652-6310-11e8-aaf5-0f254a0c7eae', '600000', '1', null, '2018-05-29 07:20:14', '2018-05-29 07:20:14', 'bb1a752d-6310-11e8-aaf5-0f254a0c7eae', 'COLA', null, null), ('bb221653-6310-11e8-aaf5-0f254a0c7eae', '0', '1', null, '2018-05-29 07:20:14', '2018-05-29 07:20:14', 'bb1a752d-6310-11e8-aaf5-0f254a0c7eae', 'Meal', null, null), ('bb221654-6310-11e8-aaf5-0f254a0c7eae', '2200000', '1', null, '2018-05-29 07:20:14', '2018-05-29 07:20:14', 'bb1a752e-6310-11e8-aaf5-0f254a0c7eae', 'Monthly Salary', null, null), ('bb221655-6310-11e8-aaf5-0f254a0c7eae', '0', '1', null, '2018-05-29 07:20:14', '2018-05-29 07:20:14', 'bb1a752e-6310-11e8-aaf5-0f254a0c7eae', 'COLA', null, null), ('bb221656-6310-11e8-aaf5-0f254a0c7eae', '60000', '1', null, '2018-05-29 07:20:14', '2018-05-29 07:20:14', 'bb1a752e-6310-11e8-aaf5-0f254a0c7eae', 'Meal', null, null), ('bb221657-6310-11e8-aaf5-0f254a0c7eae', '2500000', '1', null, '2018-05-29 07:20:14', '2018-05-29 07:20:14', 'bb1a752f-6310-11e8-aaf5-0f254a0c7eae', 'Monthly Salary', null, null), ('bb221658-6310-11e8-aaf5-0f254a0c7eae', '0', '1', null, '2018-05-29 07:20:14', '2018-05-29 07:20:14', 'bb1a752f-6310-11e8-aaf5-0f254a0c7eae', 'COLA', null, null), ('bb221659-6310-11e8-aaf5-0f254a0c7eae', '60000', '1', null, '2018-05-29 07:20:14', '2018-05-29 07:20:14', 'bb1a752f-6310-11e8-aaf5-0f254a0c7eae', 'Meal', null, null), ('bb22165a-6310-11e8-aaf5-0f254a0c7eae', '1800000', '1', null, '2018-05-29 07:20:14', '2018-05-29 07:20:14', 'bb1a7530-6310-11e8-aaf5-0f254a0c7eae', 'Monthly Salary', null, null), ('bb22165b-6310-11e8-aaf5-0f254a0c7eae', '0', '1', null, '2018-05-29 07:20:14', '2018-05-29 07:20:14', 'bb1a7530-6310-11e8-aaf5-0f254a0c7eae', 'COLA', null, null), ('bb22165c-6310-11e8-aaf5-0f254a0c7eae', '60000', '1', null, '2018-05-29 07:20:14', '2018-05-29 07:20:14', 'bb1a7530-6310-11e8-aaf5-0f254a0c7eae', 'Meal', null, null), ('bb22165d-6310-11e8-aaf5-0f254a0c7eae', '1700000', '1', null, '2018-05-29 07:20:14', '2018-05-29 07:20:14', 'bb1a7531-6310-11e8-aaf5-0f254a0c7eae', 'Monthly Salary', null, null), ('bb22165e-6310-11e8-aaf5-0f254a0c7eae', '0', '1', null, '2018-05-29 07:20:14', '2018-05-29 07:20:14', 'bb1a7531-6310-11e8-aaf5-0f254a0c7eae', 'COLA', null, null), ('bb22165f-6310-11e8-aaf5-0f254a0c7eae', '60000', '1', null, '2018-05-29 07:20:14', '2018-05-29 07:20:14', 'bb1a7531-6310-11e8-aaf5-0f254a0c7eae', 'Meal', null, null), ('bb221660-6310-11e8-aaf5-0f254a0c7eae', '6500000', '1', null, '2018-05-29 07:20:14', '2018-05-29 07:20:14', 'bb1a7532-6310-11e8-aaf5-0f254a0c7eae', 'Monthly Salary', null, null), ('bb221661-6310-11e8-aaf5-0f254a0c7eae', '0', '1', null, '2018-05-29 07:20:14', '2018-05-29 07:20:14', 'bb1a7532-6310-11e8-aaf5-0f254a0c7eae', 'COLA', null, null), ('bb221662-6310-11e8-aaf5-0f254a0c7eae', '60000', '1', null, '2018-05-29 07:20:14', '2018-05-29 07:20:14', 'bb1a7532-6310-11e8-aaf5-0f254a0c7eae', 'Meal', null, null), ('bb221663-6310-11e8-aaf5-0f254a0c7eae', '7000000', '1', null, '2018-05-29 07:20:14', '2018-05-29 07:20:14', 'bb1a7533-6310-11e8-aaf5-0f254a0c7eae', 'Monthly Salary', null, null), ('bb221664-6310-11e8-aaf5-0f254a0c7eae', '0', '1', null, '2018-05-29 07:20:14', '2018-05-29 07:20:14', 'bb1a7533-6310-11e8-aaf5-0f254a0c7eae', 'COLA', null, null), ('bb221665-6310-11e8-aaf5-0f254a0c7eae', '60000', '1', null, '2018-05-29 07:20:14', '2018-05-29 07:20:14', 'bb1a7533-6310-11e8-aaf5-0f254a0c7eae', 'Meal', null, null), ('bb221666-6310-11e8-aaf5-0f254a0c7eae', '4000000', '1', null, '2018-05-29 07:20:14', '2018-05-29 07:20:14', 'bb1a7534-6310-11e8-aaf5-0f254a0c7eae', 'Monthly Salary', null, null), ('bb221667-6310-11e8-aaf5-0f254a0c7eae', '0', '1', null, '2018-05-29 07:20:14', '2018-05-29 07:20:14', 'bb1a7534-6310-11e8-aaf5-0f254a0c7eae', 'COLA', null, null), ('bb221668-6310-11e8-aaf5-0f254a0c7eae', '60000', '1', null, '2018-05-29 07:20:14', '2018-05-29 07:20:14', 'bb1a7534-6310-11e8-aaf5-0f254a0c7eae', 'Meal', null, null), ('bb221669-6310-11e8-aaf5-0f254a0c7eae', '3800000', '1', null, '2018-05-29 07:20:14', '2018-05-29 07:20:14', 'bb1a7535-6310-11e8-aaf5-0f254a0c7eae', 'Monthly Salary', null, null), ('bb22166a-6310-11e8-aaf5-0f254a0c7eae', '0', '1', null, '2018-05-29 07:20:14', '2018-05-29 07:20:14', 'bb1a7535-6310-11e8-aaf5-0f254a0c7eae', 'COLA', null, null), ('bb22166b-6310-11e8-aaf5-0f254a0c7eae', '60000', '1', null, '2018-05-29 07:20:14', '2018-05-29 07:20:14', 'bb1a7535-6310-11e8-aaf5-0f254a0c7eae', 'Meal', null, null), ('bb22166c-6310-11e8-aaf5-0f254a0c7eae', '700000', '1', null, '2018-05-29 07:20:14', '2018-05-29 07:20:14', 'bb1a7536-6310-11e8-aaf5-0f254a0c7eae', 'Monthly Salary', null, null), ('bb22166d-6310-11e8-aaf5-0f254a0c7eae', '0', '1', null, '2018-05-29 07:20:14', '2018-05-29 07:20:14', 'bb1a7536-6310-11e8-aaf5-0f254a0c7eae', 'COLA', null, null), ('bb22166e-6310-11e8-aaf5-0f254a0c7eae', '60000', '1', null, '2018-05-29 07:20:14', '2018-05-29 07:20:14', 'bb1a7536-6310-11e8-aaf5-0f254a0c7eae', 'Meal', null, null), ('bb22166f-6310-11e8-aaf5-0f254a0c7eae', '850000', '1', null, '2018-05-29 07:20:14', '2018-05-29 07:20:14', 'bb1a7537-6310-11e8-aaf5-0f254a0c7eae', 'Monthly Salary', null, null), ('bb221670-6310-11e8-aaf5-0f254a0c7eae', '0', '1', null, '2018-05-29 07:20:14', '2018-05-29 07:20:14', 'bb1a7537-6310-11e8-aaf5-0f254a0c7eae', 'COLA', null, null), ('bb221671-6310-11e8-aaf5-0f254a0c7eae', '60000', '1', null, '2018-05-29 07:20:14', '2018-05-29 07:20:14', 'bb1a7537-6310-11e8-aaf5-0f254a0c7eae', 'Meal', null, null), ('bb221672-6310-11e8-aaf5-0f254a0c7eae', '750000', '1', null, '2018-05-29 07:20:14', '2018-05-29 07:20:14', 'bb1a7538-6310-11e8-aaf5-0f254a0c7eae', 'Monthly Salary', null, null), ('bb221673-6310-11e8-aaf5-0f254a0c7eae', '0', '1', null, '2018-05-29 07:20:14', '2018-05-29 07:20:14', 'bb1a7538-6310-11e8-aaf5-0f254a0c7eae', 'COLA', null, null), ('bb221674-6310-11e8-aaf5-0f254a0c7eae', '60000', '1', null, '2018-05-29 07:20:14', '2018-05-29 07:20:14', 'bb1a7538-6310-11e8-aaf5-0f254a0c7eae', 'Meal', null, null), ('bb221675-6310-11e8-aaf5-0f254a0c7eae', '700000', '1', null, '2018-05-29 07:20:14', '2018-05-29 07:20:14', 'bb1a7539-6310-11e8-aaf5-0f254a0c7eae', 'Monthly Salary', null, null), ('bb221676-6310-11e8-aaf5-0f254a0c7eae', '0', '1', null, '2018-05-29 07:20:14', '2018-05-29 07:20:14', 'bb1a7539-6310-11e8-aaf5-0f254a0c7eae', 'COLA', null, null), ('bb221677-6310-11e8-aaf5-0f254a0c7eae', '60000', '1', null, '2018-05-29 07:20:14', '2018-05-29 07:20:14', 'bb1a7539-6310-11e8-aaf5-0f254a0c7eae', 'Meal', null, null), ('bb221678-6310-11e8-aaf5-0f254a0c7eae', '700000', '1', null, '2018-05-29 07:20:14', '2018-05-29 07:20:14', 'bb1a753a-6310-11e8-aaf5-0f254a0c7eae', 'Monthly Salary', null, null), ('bb221679-6310-11e8-aaf5-0f254a0c7eae', '0', '1', null, '2018-05-29 07:20:14', '2018-05-29 07:20:14', 'bb1a753a-6310-11e8-aaf5-0f254a0c7eae', 'COLA', null, null), ('bb22167a-6310-11e8-aaf5-0f254a0c7eae', '60000', '1', null, '2018-05-29 07:20:14', '2018-05-29 07:20:14', 'bb1a753a-6310-11e8-aaf5-0f254a0c7eae', 'Meal', null, null), ('bb22167b-6310-11e8-aaf5-0f254a0c7eae', '750000', '1', null, '2018-05-29 07:20:14', '2018-05-29 07:20:14', 'bb1a753b-6310-11e8-aaf5-0f254a0c7eae', 'Monthly Salary', null, null), ('bb22167c-6310-11e8-aaf5-0f254a0c7eae', '0', '1', null, '2018-05-29 07:20:14', '2018-05-29 07:20:14', 'bb1a753b-6310-11e8-aaf5-0f254a0c7eae', 'COLA', null, null), ('bb22167d-6310-11e8-aaf5-0f254a0c7eae', '60000', '1', null, '2018-05-29 07:20:14', '2018-05-29 07:20:14', 'bb1a753b-6310-11e8-aaf5-0f254a0c7eae', 'Meal', null, null), ('bb22167e-6310-11e8-aaf5-0f254a0c7eae', '2800000', '1', null, '2018-05-29 07:20:14', '2018-05-29 07:20:14', 'bb1a753c-6310-11e8-aaf5-0f254a0c7eae', 'Monthly Salary', null, null), ('bb22167f-6310-11e8-aaf5-0f254a0c7eae', '0', '1', null, '2018-05-29 07:20:14', '2018-05-29 07:20:14', 'bb1a753c-6310-11e8-aaf5-0f254a0c7eae', 'COLA', null, null), ('bb223d50-6310-11e8-aaf5-0f254a0c7eae', '60000', '1', null, '2018-05-29 07:20:14', '2018-05-29 07:20:14', 'bb1a753c-6310-11e8-aaf5-0f254a0c7eae', 'Meal', null, null), ('bb223d51-6310-11e8-aaf5-0f254a0c7eae', '3000000', '1', null, '2018-05-29 07:20:14', '2018-05-29 07:20:14', 'bb1a753d-6310-11e8-aaf5-0f254a0c7eae', 'Monthly Salary', null, null), ('bb223d52-6310-11e8-aaf5-0f254a0c7eae', '0', '1', null, '2018-05-29 07:20:14', '2018-05-29 07:20:14', 'bb1a753d-6310-11e8-aaf5-0f254a0c7eae', 'COLA', null, null), ('bb223d53-6310-11e8-aaf5-0f254a0c7eae', '60000', '1', null, '2018-05-29 07:20:14', '2018-05-29 07:20:14', 'bb1a753d-6310-11e8-aaf5-0f254a0c7eae', 'Meal', null, null), ('bb223d54-6310-11e8-aaf5-0f254a0c7eae', '1100000', '1', null, '2018-05-29 07:20:14', '2018-05-29 07:20:14', 'bb1a753e-6310-11e8-aaf5-0f254a0c7eae', 'Monthly Salary', null, null), ('bb223d55-6310-11e8-aaf5-0f254a0c7eae', '0', '1', null, '2018-05-29 07:20:14', '2018-05-29 07:20:14', 'bb1a753e-6310-11e8-aaf5-0f254a0c7eae', 'COLA', null, null), ('bb223d56-6310-11e8-aaf5-0f254a0c7eae', '60000', '1', null, '2018-05-29 07:20:14', '2018-05-29 07:20:14', 'bb1a753e-6310-11e8-aaf5-0f254a0c7eae', 'Meal', null, null), ('bb223d57-6310-11e8-aaf5-0f254a0c7eae', '1300000', '1', null, '2018-05-29 07:20:14', '2018-05-29 07:20:14', 'bb1a753f-6310-11e8-aaf5-0f254a0c7eae', 'Monthly Salary', null, null), ('bb223d58-6310-11e8-aaf5-0f254a0c7eae', '0', '1', null, '2018-05-29 07:20:14', '2018-05-29 07:20:14', 'bb1a753f-6310-11e8-aaf5-0f254a0c7eae', 'COLA', null, null), ('bb223d59-6310-11e8-aaf5-0f254a0c7eae', '60000', '1', null, '2018-05-29 07:20:14', '2018-05-29 07:20:14', 'bb1a753f-6310-11e8-aaf5-0f254a0c7eae', 'Meal', null, null), ('bb223d5a-6310-11e8-aaf5-0f254a0c7eae', '5000000', '1', null, '2018-05-29 07:20:14', '2018-05-29 07:20:14', 'bb1a7540-6310-11e8-aaf5-0f254a0c7eae', 'Monthly Salary', null, null), ('bb223d5b-6310-11e8-aaf5-0f254a0c7eae', '0', '1', null, '2018-05-29 07:20:14', '2018-05-29 07:20:14', 'bb1a7540-6310-11e8-aaf5-0f254a0c7eae', 'COLA', null, null), ('bb223d5c-6310-11e8-aaf5-0f254a0c7eae', '60000', '1', null, '2018-05-29 07:20:14', '2018-05-29 07:20:14', 'bb1a7540-6310-11e8-aaf5-0f254a0c7eae', 'Meal', null, null), ('bb223d5d-6310-11e8-aaf5-0f254a0c7eae', '4800000', '1', null, '2018-05-29 07:20:14', '2018-05-29 07:20:14', 'bb1a7541-6310-11e8-aaf5-0f254a0c7eae', 'Monthly Salary', null, null), ('bb223d5e-6310-11e8-aaf5-0f254a0c7eae', '0', '1', null, '2018-05-29 07:20:14', '2018-05-29 07:20:14', 'bb1a7541-6310-11e8-aaf5-0f254a0c7eae', 'COLA', null, null), ('bb223d5f-6310-11e8-aaf5-0f254a0c7eae', '60000', '1', null, '2018-05-29 07:20:14', '2018-05-29 07:20:14', 'bb1a7541-6310-11e8-aaf5-0f254a0c7eae', 'Meal', null, null), ('bb223d60-6310-11e8-aaf5-0f254a0c7eae', '4500000', '1', null, '2018-05-29 07:20:14', '2018-05-29 07:20:14', 'bb1a7542-6310-11e8-aaf5-0f254a0c7eae', 'Monthly Salary', null, null), ('bb223d61-6310-11e8-aaf5-0f254a0c7eae', '0', '1', null, '2018-05-29 07:20:14', '2018-05-29 07:20:14', 'bb1a7542-6310-11e8-aaf5-0f254a0c7eae', 'COLA', null, null), ('bb223d62-6310-11e8-aaf5-0f254a0c7eae', '60000', '1', null, '2018-05-29 07:20:14', '2018-05-29 07:20:14', 'bb1a7542-6310-11e8-aaf5-0f254a0c7eae', 'Meal', null, null), ('bb223d63-6310-11e8-aaf5-0f254a0c7eae', '3000000', '1', null, '2018-05-29 07:20:14', '2018-05-29 07:20:14', 'bb1a7543-6310-11e8-aaf5-0f254a0c7eae', 'Monthly Salary', null, null), ('bb226460-6310-11e8-aaf5-0f254a0c7eae', '0', '1', null, '2018-05-29 07:20:14', '2018-05-29 07:20:14', 'bb1a7543-6310-11e8-aaf5-0f254a0c7eae', 'COLA', null, null), ('bb226461-6310-11e8-aaf5-0f254a0c7eae', '60000', '1', null, '2018-05-29 07:20:14', '2018-05-29 07:20:14', 'bb1a7543-6310-11e8-aaf5-0f254a0c7eae', 'Meal', null, null), ('bb226462-6310-11e8-aaf5-0f254a0c7eae', '5500000', '1', null, '2018-05-29 07:20:14', '2018-05-29 07:20:14', 'bb1a7544-6310-11e8-aaf5-0f254a0c7eae', 'Monthly Salary', null, null), ('bb226463-6310-11e8-aaf5-0f254a0c7eae', '300000', '1', null, '2018-05-29 07:20:14', '2018-05-29 07:20:14', 'bb1a7544-6310-11e8-aaf5-0f254a0c7eae', 'COLA', null, null), ('bb226464-6310-11e8-aaf5-0f254a0c7eae', '0', '1', null, '2018-05-29 07:20:14', '2018-05-29 07:20:14', 'bb1a7544-6310-11e8-aaf5-0f254a0c7eae', 'Meal', null, null), ('bb226465-6310-11e8-aaf5-0f254a0c7eae', '6000000', '1', null, '2018-05-29 07:20:14', '2018-05-29 07:20:14', 'bb1a7545-6310-11e8-aaf5-0f254a0c7eae', 'Monthly Salary', null, null), ('bb226466-6310-11e8-aaf5-0f254a0c7eae', '200000', '1', null, '2018-05-29 07:20:14', '2018-05-29 07:20:14', 'bb1a7545-6310-11e8-aaf5-0f254a0c7eae', 'COLA', null, null), ('bb226467-6310-11e8-aaf5-0f254a0c7eae', '0', '1', null, '2018-05-29 07:20:14', '2018-05-29 07:20:14', 'bb1a7545-6310-11e8-aaf5-0f254a0c7eae', 'Meal', null, null), ('bb226468-6310-11e8-aaf5-0f254a0c7eae', '6000000', '1', null, '2018-05-29 07:20:14', '2018-05-29 07:20:14', 'bb1a7546-6310-11e8-aaf5-0f254a0c7eae', 'Monthly Salary', null, null), ('bb226469-6310-11e8-aaf5-0f254a0c7eae', '0', '1', null, '2018-05-29 07:20:14', '2018-05-29 07:20:14', 'bb1a7546-6310-11e8-aaf5-0f254a0c7eae', 'COLA', null, null), ('bb22646a-6310-11e8-aaf5-0f254a0c7eae', '60000', '1', null, '2018-05-29 07:20:14', '2018-05-29 07:20:14', 'bb1a7546-6310-11e8-aaf5-0f254a0c7eae', 'Meal', null, null), ('bb22646b-6310-11e8-aaf5-0f254a0c7eae', '5000000', '1', null, '2018-05-29 07:20:14', '2018-05-29 07:20:14', 'bb1a7547-6310-11e8-aaf5-0f254a0c7eae', 'Monthly Salary', null, null), ('bb22646c-6310-11e8-aaf5-0f254a0c7eae', '0', '1', null, '2018-05-29 07:20:14', '2018-05-29 07:20:14', 'bb1a7547-6310-11e8-aaf5-0f254a0c7eae', 'COLA', null, null), ('bb22646d-6310-11e8-aaf5-0f254a0c7eae', '60000', '1', null, '2018-05-29 07:20:14', '2018-05-29 07:20:14', 'bb1a7547-6310-11e8-aaf5-0f254a0c7eae', 'Meal', null, null), ('bb22646e-6310-11e8-aaf5-0f254a0c7eae', '3000000', '1', null, '2018-05-29 07:20:14', '2018-05-29 07:20:14', 'bb1a7548-6310-11e8-aaf5-0f254a0c7eae', 'Monthly Salary', null, null), ('bb22646f-6310-11e8-aaf5-0f254a0c7eae', '0', '1', null, '2018-05-29 07:20:14', '2018-05-29 07:20:14', 'bb1a7548-6310-11e8-aaf5-0f254a0c7eae', 'COLA', null, null), ('bb226470-6310-11e8-aaf5-0f254a0c7eae', '60000', '1', null, '2018-05-29 07:20:14', '2018-05-29 07:20:14', 'bb1a7548-6310-11e8-aaf5-0f254a0c7eae', 'Meal', null, null), ('bb226471-6310-11e8-aaf5-0f254a0c7eae', '4500000', '1', null, '2018-05-29 07:20:14', '2018-05-29 07:20:14', 'bb1a9c30-6310-11e8-aaf5-0f254a0c7eae', 'Monthly Salary', null, null), ('bb226472-6310-11e8-aaf5-0f254a0c7eae', '0', '1', null, '2018-05-29 07:20:14', '2018-05-29 07:20:14', 'bb1a9c30-6310-11e8-aaf5-0f254a0c7eae', 'COLA', null, null), ('bb226473-6310-11e8-aaf5-0f254a0c7eae', '60000', '1', null, '2018-05-29 07:20:14', '2018-05-29 07:20:14', 'bb1a9c30-6310-11e8-aaf5-0f254a0c7eae', 'Meal', null, null), ('bb226474-6310-11e8-aaf5-0f254a0c7eae', '4000000', '1', null, '2018-05-29 07:20:14', '2018-05-29 07:20:14', 'bb1a9c31-6310-11e8-aaf5-0f254a0c7eae', 'Monthly Salary', null, null), ('bb226475-6310-11e8-aaf5-0f254a0c7eae', '0', '1', null, '2018-05-29 07:20:14', '2018-05-29 07:20:14', 'bb1a9c31-6310-11e8-aaf5-0f254a0c7eae', 'COLA', null, null), ('bb226476-6310-11e8-aaf5-0f254a0c7eae', '0', '1', null, '2018-05-29 07:20:14', '2018-05-29 07:20:14', 'bb1a9c31-6310-11e8-aaf5-0f254a0c7eae', 'Meal', null, null), ('bb226477-6310-11e8-aaf5-0f254a0c7eae', '4500000', '1', null, '2018-05-29 07:20:14', '2018-05-29 07:20:14', 'bb1a9c32-6310-11e8-aaf5-0f254a0c7eae', 'Monthly Salary', null, null), ('bb226478-6310-11e8-aaf5-0f254a0c7eae', '0', '1', null, '2018-05-29 07:20:14', '2018-05-29 07:20:14', 'bb1a9c32-6310-11e8-aaf5-0f254a0c7eae', 'COLA', null, null), ('bb226479-6310-11e8-aaf5-0f254a0c7eae', '0', '1', null, '2018-05-29 07:20:14', '2018-05-29 07:20:14', 'bb1a9c32-6310-11e8-aaf5-0f254a0c7eae', 'Meal', null, null), ('bb22647a-6310-11e8-aaf5-0f254a0c7eae', '4500000', '1', null, '2018-05-29 07:20:14', '2018-05-29 07:20:14', 'bb1a9c33-6310-11e8-aaf5-0f254a0c7eae', 'Monthly Salary', null, null), ('bb22647b-6310-11e8-aaf5-0f254a0c7eae', '0', '1', null, '2018-05-29 07:20:14', '2018-05-29 07:20:14', 'bb1a9c33-6310-11e8-aaf5-0f254a0c7eae', 'COLA', null, null), ('bb228b70-6310-11e8-aaf5-0f254a0c7eae', '0', '1', null, '2018-05-29 07:20:14', '2018-05-29 07:20:14', 'bb1a9c33-6310-11e8-aaf5-0f254a0c7eae', 'Meal', null, null), ('bb228b71-6310-11e8-aaf5-0f254a0c7eae', '4000000', '1', null, '2018-05-29 07:20:14', '2018-05-29 07:20:14', 'bb1a9c34-6310-11e8-aaf5-0f254a0c7eae', 'Monthly Salary', null, null), ('bb228b72-6310-11e8-aaf5-0f254a0c7eae', '0', '1', null, '2018-05-29 07:20:14', '2018-05-29 07:20:14', 'bb1a9c34-6310-11e8-aaf5-0f254a0c7eae', 'COLA', null, null), ('bb228b73-6310-11e8-aaf5-0f254a0c7eae', '0', '1', null, '2018-05-29 07:20:14', '2018-05-29 07:20:14', 'bb1a9c34-6310-11e8-aaf5-0f254a0c7eae', 'Meal', null, null), ('bb228b74-6310-11e8-aaf5-0f254a0c7eae', '6000000', '1', null, '2018-05-29 07:20:14', '2018-05-29 07:20:14', 'bb1a9c35-6310-11e8-aaf5-0f254a0c7eae', 'Monthly Salary', null, null), ('bb228b75-6310-11e8-aaf5-0f254a0c7eae', '0', '1', null, '2018-05-29 07:20:14', '2018-05-29 07:20:14', 'bb1a9c35-6310-11e8-aaf5-0f254a0c7eae', 'COLA', null, null), ('bb228b76-6310-11e8-aaf5-0f254a0c7eae', '0', '1', null, '2018-05-29 07:20:14', '2018-05-29 07:20:14', 'bb1a9c35-6310-11e8-aaf5-0f254a0c7eae', 'Meal', null, null), ('bb228b77-6310-11e8-aaf5-0f254a0c7eae', '2500000', '1', null, '2018-05-29 07:20:14', '2018-05-29 07:20:14', 'bb1a9c36-6310-11e8-aaf5-0f254a0c7eae', 'Monthly Salary', null, null), ('bb228b78-6310-11e8-aaf5-0f254a0c7eae', '0', '1', null, '2018-05-29 07:20:14', '2018-05-29 07:20:14', 'bb1a9c36-6310-11e8-aaf5-0f254a0c7eae', 'COLA', null, null), ('bb228b79-6310-11e8-aaf5-0f254a0c7eae', '0', '1', null, '2018-05-29 07:20:14', '2018-05-29 07:20:14', 'bb1a9c36-6310-11e8-aaf5-0f254a0c7eae', 'Meal', null, null), ('bb228b7a-6310-11e8-aaf5-0f254a0c7eae', '2200000', '1', null, '2018-05-29 07:20:14', '2018-05-29 07:20:14', 'bb1a9c37-6310-11e8-aaf5-0f254a0c7eae', 'Monthly Salary', null, null), ('bb228b7b-6310-11e8-aaf5-0f254a0c7eae', '0', '1', null, '2018-05-29 07:20:14', '2018-05-29 07:20:14', 'bb1a9c37-6310-11e8-aaf5-0f254a0c7eae', 'COLA', null, null), ('bb228b7c-6310-11e8-aaf5-0f254a0c7eae', '0', '1', null, '2018-05-29 07:20:14', '2018-05-29 07:20:14', 'bb1a9c37-6310-11e8-aaf5-0f254a0c7eae', 'Meal', null, null), ('bb228b7d-6310-11e8-aaf5-0f254a0c7eae', '3500000', '1', null, '2018-05-29 07:20:14', '2018-05-29 07:20:14', 'bb1a9c38-6310-11e8-aaf5-0f254a0c7eae', 'Monthly Salary', null, null), ('bb228b7e-6310-11e8-aaf5-0f254a0c7eae', '0', '1', null, '2018-05-29 07:20:14', '2018-05-29 07:20:14', 'bb1a9c38-6310-11e8-aaf5-0f254a0c7eae', 'COLA', null, null), ('bb228b7f-6310-11e8-aaf5-0f254a0c7eae', '0', '1', null, '2018-05-29 07:20:14', '2018-05-29 07:20:14', 'bb1a9c38-6310-11e8-aaf5-0f254a0c7eae', 'Meal', null, null), ('bb228b80-6310-11e8-aaf5-0f254a0c7eae', '4000000', '1', null, '2018-05-29 07:20:14', '2018-05-29 07:20:14', 'bb1a9c39-6310-11e8-aaf5-0f254a0c7eae', 'Monthly Salary', null, null), ('bb228b81-6310-11e8-aaf5-0f254a0c7eae', '0', '1', null, '2018-05-29 07:20:14', '2018-05-29 07:20:14', 'bb1a9c39-6310-11e8-aaf5-0f254a0c7eae', 'COLA', null, null), ('bb228b82-6310-11e8-aaf5-0f254a0c7eae', '0', '1', null, '2018-05-29 07:20:14', '2018-05-29 07:20:14', 'bb1a9c39-6310-11e8-aaf5-0f254a0c7eae', 'Meal', null, null), ('bb228b83-6310-11e8-aaf5-0f254a0c7eae', '4000000', '1', null, '2018-05-29 07:20:14', '2018-05-29 07:20:14', 'bb1a9c3a-6310-11e8-aaf5-0f254a0c7eae', 'Monthly Salary', null, null), ('bb228b84-6310-11e8-aaf5-0f254a0c7eae', '0', '1', null, '2018-05-29 07:20:14', '2018-05-29 07:20:14', 'bb1a9c3a-6310-11e8-aaf5-0f254a0c7eae', 'COLA', null, null), ('bb228b85-6310-11e8-aaf5-0f254a0c7eae', '0', '1', null, '2018-05-29 07:20:14', '2018-05-29 07:20:14', 'bb1a9c3a-6310-11e8-aaf5-0f254a0c7eae', 'Meal', null, null), ('bb228b86-6310-11e8-aaf5-0f254a0c7eae', '800000', '1', null, '2018-05-29 07:20:14', '2018-05-29 07:20:14', 'bb1a9c3b-6310-11e8-aaf5-0f254a0c7eae', 'Monthly Salary', null, null), ('bb228b87-6310-11e8-aaf5-0f254a0c7eae', '50000', '1', null, '2018-05-29 07:20:14', '2018-05-29 07:20:14', 'bb1a9c3b-6310-11e8-aaf5-0f254a0c7eae', 'COLA', null, null), ('bb228b88-6310-11e8-aaf5-0f254a0c7eae', '60000', '1', null, '2018-05-29 07:20:14', '2018-05-29 07:20:14', 'bb1a9c3b-6310-11e8-aaf5-0f254a0c7eae', 'Meal', null, null), ('bb228b89-6310-11e8-aaf5-0f254a0c7eae', '800000', '1', null, '2018-05-29 07:20:14', '2018-05-29 07:20:14', 'bb1a9c3c-6310-11e8-aaf5-0f254a0c7eae', 'Monthly Salary', null, null), ('bb228b8a-6310-11e8-aaf5-0f254a0c7eae', '0', '1', null, '2018-05-29 07:20:14', '2018-05-29 07:20:14', 'bb1a9c3c-6310-11e8-aaf5-0f254a0c7eae', 'COLA', null, null), ('bb228b8b-6310-11e8-aaf5-0f254a0c7eae', '60000', '1', null, '2018-05-29 07:20:14', '2018-05-29 07:20:14', 'bb1a9c3c-6310-11e8-aaf5-0f254a0c7eae', 'Meal', null, null), ('bb22b280-6310-11e8-aaf5-0f254a0c7eae', '800000', '1', null, '2018-05-29 07:20:14', '2018-05-29 07:20:14', 'bb1a9c3d-6310-11e8-aaf5-0f254a0c7eae', 'Monthly Salary', null, null), ('bb22b281-6310-11e8-aaf5-0f254a0c7eae', '50000', '1', null, '2018-05-29 07:20:14', '2018-05-29 07:20:14', 'bb1a9c3d-6310-11e8-aaf5-0f254a0c7eae', 'COLA', null, null), ('bb22b282-6310-11e8-aaf5-0f254a0c7eae', '60000', '1', null, '2018-05-29 07:20:14', '2018-05-29 07:20:14', 'bb1a9c3d-6310-11e8-aaf5-0f254a0c7eae', 'Meal', null, null), ('bb22b283-6310-11e8-aaf5-0f254a0c7eae', '800000', '1', null, '2018-05-29 07:20:14', '2018-05-29 07:20:14', 'bb1a9c3e-6310-11e8-aaf5-0f254a0c7eae', 'Monthly Salary', null, null), ('bb22b284-6310-11e8-aaf5-0f254a0c7eae', '0', '1', null, '2018-05-29 07:20:14', '2018-05-29 07:20:14', 'bb1a9c3e-6310-11e8-aaf5-0f254a0c7eae', 'COLA', null, null), ('bb22b285-6310-11e8-aaf5-0f254a0c7eae', '60000', '1', null, '2018-05-29 07:20:14', '2018-05-29 07:20:14', 'bb1a9c3e-6310-11e8-aaf5-0f254a0c7eae', 'Meal', null, null), ('bb22b286-6310-11e8-aaf5-0f254a0c7eae', '800000', '1', null, '2018-05-29 07:20:14', '2018-05-29 07:20:14', 'bb1a9c3f-6310-11e8-aaf5-0f254a0c7eae', 'Monthly Salary', null, null), ('bb22b287-6310-11e8-aaf5-0f254a0c7eae', '600000', '1', null, '2018-05-29 07:20:14', '2018-05-29 07:20:14', 'bb1a9c3f-6310-11e8-aaf5-0f254a0c7eae', 'COLA', null, null), ('bb22b288-6310-11e8-aaf5-0f254a0c7eae', '0', '1', null, '2018-05-29 07:20:14', '2018-05-29 07:20:14', 'bb1a9c3f-6310-11e8-aaf5-0f254a0c7eae', 'Meal', null, null), ('bb22b289-6310-11e8-aaf5-0f254a0c7eae', '800000', '1', null, '2018-05-29 07:20:14', '2018-05-29 07:20:14', 'bb1a9c40-6310-11e8-aaf5-0f254a0c7eae', 'Monthly Salary', null, null), ('bb22b28a-6310-11e8-aaf5-0f254a0c7eae', '400000', '1', null, '2018-05-29 07:20:14', '2018-05-29 07:20:14', 'bb1a9c40-6310-11e8-aaf5-0f254a0c7eae', 'COLA', null, null), ('bb22b28b-6310-11e8-aaf5-0f254a0c7eae', '0', '1', null, '2018-05-29 07:20:14', '2018-05-29 07:20:14', 'bb1a9c40-6310-11e8-aaf5-0f254a0c7eae', 'Meal', null, null), ('bb22b28c-6310-11e8-aaf5-0f254a0c7eae', '800000', '1', null, '2018-05-29 07:20:14', '2018-05-29 07:20:14', 'bb1a9c41-6310-11e8-aaf5-0f254a0c7eae', 'Monthly Salary', null, null), ('bb22b28d-6310-11e8-aaf5-0f254a0c7eae', '0', '1', null, '2018-05-29 07:20:14', '2018-05-29 07:20:14', 'bb1a9c41-6310-11e8-aaf5-0f254a0c7eae', 'COLA', null, null), ('bb22b28e-6310-11e8-aaf5-0f254a0c7eae', '60000', '1', null, '2018-05-29 07:20:14', '2018-05-29 07:20:14', 'bb1a9c41-6310-11e8-aaf5-0f254a0c7eae', 'Meal', null, null), ('bb22b28f-6310-11e8-aaf5-0f254a0c7eae', '800000', '1', null, '2018-05-29 07:20:14', '2018-05-29 07:20:14', 'bb1a9c42-6310-11e8-aaf5-0f254a0c7eae', 'Monthly Salary', null, null), ('bb22b290-6310-11e8-aaf5-0f254a0c7eae', '0', '1', null, '2018-05-29 07:20:14', '2018-05-29 07:20:14', 'bb1a9c42-6310-11e8-aaf5-0f254a0c7eae', 'COLA', null, null), ('bb22b291-6310-11e8-aaf5-0f254a0c7eae', '60000', '1', null, '2018-05-29 07:20:14', '2018-05-29 07:20:14', 'bb1a9c42-6310-11e8-aaf5-0f254a0c7eae', 'Meal', null, null), ('bb22b292-6310-11e8-aaf5-0f254a0c7eae', '800000', '1', null, '2018-05-29 07:20:14', '2018-05-29 07:20:14', 'bb1a9c43-6310-11e8-aaf5-0f254a0c7eae', 'Monthly Salary', null, null), ('bb22b293-6310-11e8-aaf5-0f254a0c7eae', '400000', '1', null, '2018-05-29 07:20:14', '2018-05-29 07:20:14', 'bb1a9c43-6310-11e8-aaf5-0f254a0c7eae', 'COLA', null, null), ('bb22b294-6310-11e8-aaf5-0f254a0c7eae', '0', '1', null, '2018-05-29 07:20:14', '2018-05-29 07:20:14', 'bb1a9c43-6310-11e8-aaf5-0f254a0c7eae', 'Meal', null, null), ('bb22b295-6310-11e8-aaf5-0f254a0c7eae', '800000', '1', null, '2018-05-29 07:20:14', '2018-05-29 07:20:14', 'bb1a9c44-6310-11e8-aaf5-0f254a0c7eae', 'Monthly Salary', null, null), ('bb22b296-6310-11e8-aaf5-0f254a0c7eae', '600000', '1', null, '2018-05-29 07:20:14', '2018-05-29 07:20:14', 'bb1a9c44-6310-11e8-aaf5-0f254a0c7eae', 'COLA', null, null), ('bb22b297-6310-11e8-aaf5-0f254a0c7eae', '0', '1', null, '2018-05-29 07:20:14', '2018-05-29 07:20:14', 'bb1a9c44-6310-11e8-aaf5-0f254a0c7eae', 'Meal', null, null), ('bb22b298-6310-11e8-aaf5-0f254a0c7eae', '800000', '1', null, '2018-05-29 07:20:14', '2018-05-29 07:20:14', 'bb1a9c45-6310-11e8-aaf5-0f254a0c7eae', 'Monthly Salary', null, null), ('bb22b299-6310-11e8-aaf5-0f254a0c7eae', '400000', '1', null, '2018-05-29 07:20:14', '2018-05-29 07:20:14', 'bb1a9c45-6310-11e8-aaf5-0f254a0c7eae', 'COLA', null, null), ('bb22b29a-6310-11e8-aaf5-0f254a0c7eae', '0', '1', null, '2018-05-29 07:20:14', '2018-05-29 07:20:14', 'bb1a9c45-6310-11e8-aaf5-0f254a0c7eae', 'Meal', null, null), ('bb22b29b-6310-11e8-aaf5-0f254a0c7eae', '800000', '1', null, '2018-05-29 07:20:14', '2018-05-29 07:20:14', 'bb1a9c46-6310-11e8-aaf5-0f254a0c7eae', 'Monthly Salary', null, null), ('bb22b29c-6310-11e8-aaf5-0f254a0c7eae', '400000', '1', null, '2018-05-29 07:20:14', '2018-05-29 07:20:14', 'bb1a9c46-6310-11e8-aaf5-0f254a0c7eae', 'COLA', null, null), ('bb22d990-6310-11e8-aaf5-0f254a0c7eae', '0', '1', null, '2018-05-29 07:20:14', '2018-05-29 07:20:14', 'bb1a9c46-6310-11e8-aaf5-0f254a0c7eae', 'Meal', null, null), ('bb22d991-6310-11e8-aaf5-0f254a0c7eae', '800000', '1', null, '2018-05-29 07:20:14', '2018-05-29 07:20:14', 'bb1a9c47-6310-11e8-aaf5-0f254a0c7eae', 'Monthly Salary', null, null), ('bb22d992-6310-11e8-aaf5-0f254a0c7eae', '600000', '1', null, '2018-05-29 07:20:14', '2018-05-29 07:20:14', 'bb1a9c47-6310-11e8-aaf5-0f254a0c7eae', 'COLA', null, null), ('bb22d993-6310-11e8-aaf5-0f254a0c7eae', '0', '1', null, '2018-05-29 07:20:14', '2018-05-29 07:20:14', 'bb1a9c47-6310-11e8-aaf5-0f254a0c7eae', 'Meal', null, null), ('bb22d994-6310-11e8-aaf5-0f254a0c7eae', '800000', '1', null, '2018-05-29 07:20:14', '2018-05-29 07:20:14', 'bb1a9c48-6310-11e8-aaf5-0f254a0c7eae', 'Monthly Salary', null, null), ('bb22d995-6310-11e8-aaf5-0f254a0c7eae', '700000', '1', null, '2018-05-29 07:20:14', '2018-05-29 07:20:14', 'bb1a9c48-6310-11e8-aaf5-0f254a0c7eae', 'COLA', null, null), ('bb22d996-6310-11e8-aaf5-0f254a0c7eae', '0', '1', null, '2018-05-29 07:20:14', '2018-05-29 07:20:14', 'bb1a9c48-6310-11e8-aaf5-0f254a0c7eae', 'Meal', null, null), ('bb22d997-6310-11e8-aaf5-0f254a0c7eae', '4000000', '1', null, '2018-05-29 07:20:14', '2018-05-29 07:20:14', 'bb1a9c49-6310-11e8-aaf5-0f254a0c7eae', 'Monthly Salary', null, null), ('bb22d998-6310-11e8-aaf5-0f254a0c7eae', '400000', '1', null, '2018-05-29 07:20:14', '2018-05-29 07:20:14', 'bb1a9c49-6310-11e8-aaf5-0f254a0c7eae', 'COLA', null, null), ('bb22d999-6310-11e8-aaf5-0f254a0c7eae', '0', '1', null, '2018-05-29 07:20:14', '2018-05-29 07:20:14', 'bb1a9c49-6310-11e8-aaf5-0f254a0c7eae', 'Meal', null, null), ('bb22d99a-6310-11e8-aaf5-0f254a0c7eae', '5000000', '1', null, '2018-05-29 07:20:14', '2018-05-29 07:20:14', 'bb1a9c4a-6310-11e8-aaf5-0f254a0c7eae', 'Monthly Salary', null, null), ('bb22d99b-6310-11e8-aaf5-0f254a0c7eae', '300000', '1', null, '2018-05-29 07:20:14', '2018-05-29 07:20:14', 'bb1a9c4a-6310-11e8-aaf5-0f254a0c7eae', 'COLA', null, null), ('bb22d99c-6310-11e8-aaf5-0f254a0c7eae', '0', '1', null, '2018-05-29 07:20:14', '2018-05-29 07:20:14', 'bb1a9c4a-6310-11e8-aaf5-0f254a0c7eae', 'Meal', null, null), ('bb22d99d-6310-11e8-aaf5-0f254a0c7eae', '2400000', '1', null, '2018-05-29 07:20:14', '2018-05-29 07:20:14', 'bb1a9c4b-6310-11e8-aaf5-0f254a0c7eae', 'Monthly Salary', null, null), ('bb22d99e-6310-11e8-aaf5-0f254a0c7eae', '0', '1', null, '2018-05-29 07:20:14', '2018-05-29 07:20:14', 'bb1a9c4b-6310-11e8-aaf5-0f254a0c7eae', 'COLA', null, null), ('bb22d99f-6310-11e8-aaf5-0f254a0c7eae', '60000', '1', null, '2018-05-29 07:20:14', '2018-05-29 07:20:14', 'bb1a9c4b-6310-11e8-aaf5-0f254a0c7eae', 'Meal', null, null), ('bb22d9a0-6310-11e8-aaf5-0f254a0c7eae', '2300000', '1', null, '2018-05-29 07:20:14', '2018-05-29 07:20:14', 'bb1a9c4c-6310-11e8-aaf5-0f254a0c7eae', 'Monthly Salary', null, null), ('bb22d9a1-6310-11e8-aaf5-0f254a0c7eae', '0', '1', null, '2018-05-29 07:20:14', '2018-05-29 07:20:14', 'bb1a9c4c-6310-11e8-aaf5-0f254a0c7eae', 'COLA', null, null), ('bb22d9a2-6310-11e8-aaf5-0f254a0c7eae', '60000', '1', null, '2018-05-29 07:20:14', '2018-05-29 07:20:14', 'bb1a9c4c-6310-11e8-aaf5-0f254a0c7eae', 'Meal', null, null), ('bb22d9a3-6310-11e8-aaf5-0f254a0c7eae', '2200000', '1', null, '2018-05-29 07:20:14', '2018-05-29 07:20:14', 'bb1a9c4d-6310-11e8-aaf5-0f254a0c7eae', 'Monthly Salary', null, null), ('bb22d9a4-6310-11e8-aaf5-0f254a0c7eae', '0', '1', null, '2018-05-29 07:20:14', '2018-05-29 07:20:14', 'bb1a9c4d-6310-11e8-aaf5-0f254a0c7eae', 'COLA', null, null), ('bb22d9a5-6310-11e8-aaf5-0f254a0c7eae', '60000', '1', null, '2018-05-29 07:20:14', '2018-05-29 07:20:14', 'bb1a9c4d-6310-11e8-aaf5-0f254a0c7eae', 'Meal', null, null), ('bb22d9a6-6310-11e8-aaf5-0f254a0c7eae', '2500000', '1', null, '2018-05-29 07:20:14', '2018-05-29 07:20:14', 'bb1a9c4e-6310-11e8-aaf5-0f254a0c7eae', 'Monthly Salary', null, null), ('bb22d9a7-6310-11e8-aaf5-0f254a0c7eae', '0', '1', null, '2018-05-29 07:20:14', '2018-05-29 07:20:14', 'bb1a9c4e-6310-11e8-aaf5-0f254a0c7eae', 'COLA', null, null), ('bb22d9a8-6310-11e8-aaf5-0f254a0c7eae', '60000', '1', null, '2018-05-29 07:20:14', '2018-05-29 07:20:14', 'bb1a9c4e-6310-11e8-aaf5-0f254a0c7eae', 'Meal', null, null), ('bb22d9a9-6310-11e8-aaf5-0f254a0c7eae', '1500000', '1', null, '2018-05-29 07:20:14', '2018-05-29 07:20:14', 'bb1a9c4f-6310-11e8-aaf5-0f254a0c7eae', 'Monthly Salary', null, null), ('bb22d9aa-6310-11e8-aaf5-0f254a0c7eae', '500000', '1', null, '2018-05-29 07:20:14', '2018-05-29 07:20:14', 'bb1a9c4f-6310-11e8-aaf5-0f254a0c7eae', 'COLA', null, null), ('bb22d9ab-6310-11e8-aaf5-0f254a0c7eae', '0', '1', null, '2018-05-29 07:20:14', '2018-05-29 07:20:14', 'bb1a9c4f-6310-11e8-aaf5-0f254a0c7eae', 'Meal', null, null), ('bb22d9ac-6310-11e8-aaf5-0f254a0c7eae', '1700000', '1', null, '2018-05-29 07:20:14', '2018-05-29 07:20:14', 'bb1a9c50-6310-11e8-aaf5-0f254a0c7eae', 'Monthly Salary', null, null), ('bb22d9ad-6310-11e8-aaf5-0f254a0c7eae', '300000', '1', null, '2018-05-29 07:20:14', '2018-05-29 07:20:14', 'bb1a9c50-6310-11e8-aaf5-0f254a0c7eae', 'COLA', null, null), ('bb22d9ae-6310-11e8-aaf5-0f254a0c7eae', '0', '1', null, '2018-05-29 07:20:14', '2018-05-29 07:20:14', 'bb1a9c50-6310-11e8-aaf5-0f254a0c7eae', 'Meal', null, null), ('bb22d9af-6310-11e8-aaf5-0f254a0c7eae', '2000000', '1', null, '2018-05-29 07:20:14', '2018-05-29 07:20:14', 'bb1a9c51-6310-11e8-aaf5-0f254a0c7eae', 'Monthly Salary', null, null), ('bb22d9b0-6310-11e8-aaf5-0f254a0c7eae', '200000', '1', null, '2018-05-29 07:20:14', '2018-05-29 07:20:14', 'bb1a9c51-6310-11e8-aaf5-0f254a0c7eae', 'COLA', null, null), ('bb22d9b1-6310-11e8-aaf5-0f254a0c7eae', '0', '1', null, '2018-05-29 07:20:14', '2018-05-29 07:20:14', 'bb1a9c51-6310-11e8-aaf5-0f254a0c7eae', 'Meal', null, null), ('bb22d9b2-6310-11e8-aaf5-0f254a0c7eae', '1800000', '1', null, '2018-05-29 07:20:14', '2018-05-29 07:20:14', 'bb1a9c52-6310-11e8-aaf5-0f254a0c7eae', 'Monthly Salary', null, null), ('bb22d9b3-6310-11e8-aaf5-0f254a0c7eae', '300000', '1', null, '2018-05-29 07:20:14', '2018-05-29 07:20:14', 'bb1a9c52-6310-11e8-aaf5-0f254a0c7eae', 'COLA', null, null), ('bb22d9b4-6310-11e8-aaf5-0f254a0c7eae', '0', '1', null, '2018-05-29 07:20:14', '2018-05-29 07:20:14', 'bb1a9c52-6310-11e8-aaf5-0f254a0c7eae', 'Meal', null, null), ('bb22d9b5-6310-11e8-aaf5-0f254a0c7eae', '2200000', '1', null, '2018-05-29 07:20:14', '2018-05-29 07:20:14', 'bb1a9c53-6310-11e8-aaf5-0f254a0c7eae', 'Monthly Salary', null, null), ('bb22d9b6-6310-11e8-aaf5-0f254a0c7eae', '0', '1', null, '2018-05-29 07:20:14', '2018-05-29 07:20:14', 'bb1a9c53-6310-11e8-aaf5-0f254a0c7eae', 'COLA', null, null), ('bb22d9b7-6310-11e8-aaf5-0f254a0c7eae', '60000', '1', null, '2018-05-29 07:20:14', '2018-05-29 07:20:14', 'bb1a9c53-6310-11e8-aaf5-0f254a0c7eae', 'Meal', null, null), ('bb22d9b8-6310-11e8-aaf5-0f254a0c7eae', '2500000', '1', null, '2018-05-29 07:20:14', '2018-05-29 07:20:14', 'bb1a9c54-6310-11e8-aaf5-0f254a0c7eae', 'Monthly Salary', null, null), ('bb22d9b9-6310-11e8-aaf5-0f254a0c7eae', '0', '1', null, '2018-05-29 07:20:14', '2018-05-29 07:20:14', 'bb1a9c54-6310-11e8-aaf5-0f254a0c7eae', 'COLA', null, null), ('bb22d9ba-6310-11e8-aaf5-0f254a0c7eae', '60000', '1', null, '2018-05-29 07:20:14', '2018-05-29 07:20:14', 'bb1a9c54-6310-11e8-aaf5-0f254a0c7eae', 'Meal', null, null), ('bb2300a0-6310-11e8-aaf5-0f254a0c7eae', '4000000', '1', null, '2018-05-29 07:20:14', '2018-05-29 07:20:14', 'bb1a9c55-6310-11e8-aaf5-0f254a0c7eae', 'Monthly Salary', null, null), ('bb2300a1-6310-11e8-aaf5-0f254a0c7eae', '0', '1', null, '2018-05-29 07:20:14', '2018-05-29 07:20:14', 'bb1a9c55-6310-11e8-aaf5-0f254a0c7eae', 'COLA', null, null), ('bb2300a2-6310-11e8-aaf5-0f254a0c7eae', '60000', '1', null, '2018-05-29 07:20:14', '2018-05-29 07:20:14', 'bb1a9c55-6310-11e8-aaf5-0f254a0c7eae', 'Meal', null, null), ('bb2300a3-6310-11e8-aaf5-0f254a0c7eae', '4000000', '1', null, '2018-05-29 07:20:14', '2018-05-29 07:20:14', 'bb1a9c56-6310-11e8-aaf5-0f254a0c7eae', 'Monthly Salary', null, null), ('bb2300a4-6310-11e8-aaf5-0f254a0c7eae', '0', '1', null, '2018-05-29 07:20:14', '2018-05-29 07:20:14', 'bb1a9c56-6310-11e8-aaf5-0f254a0c7eae', 'COLA', null, null), ('bb2300a5-6310-11e8-aaf5-0f254a0c7eae', '60000', '1', null, '2018-05-29 07:20:14', '2018-05-29 07:20:14', 'bb1a9c56-6310-11e8-aaf5-0f254a0c7eae', 'Meal', null, null), ('bb2300a6-6310-11e8-aaf5-0f254a0c7eae', '4500000', '1', null, '2018-05-29 07:20:14', '2018-05-29 07:20:14', 'bb1a9c57-6310-11e8-aaf5-0f254a0c7eae', 'Monthly Salary', null, null), ('bb2300a7-6310-11e8-aaf5-0f254a0c7eae', '0', '1', null, '2018-05-29 07:20:14', '2018-05-29 07:20:14', 'bb1a9c57-6310-11e8-aaf5-0f254a0c7eae', 'COLA', null, null), ('bb2300a8-6310-11e8-aaf5-0f254a0c7eae', '60000', '1', null, '2018-05-29 07:20:14', '2018-05-29 07:20:14', 'bb1a9c57-6310-11e8-aaf5-0f254a0c7eae', 'Meal', null, null), ('bb2300a9-6310-11e8-aaf5-0f254a0c7eae', '4300000', '1', null, '2018-05-29 07:20:14', '2018-05-29 07:20:14', 'bb1a9c58-6310-11e8-aaf5-0f254a0c7eae', 'Monthly Salary', null, null), ('bb2300aa-6310-11e8-aaf5-0f254a0c7eae', '0', '1', null, '2018-05-29 07:20:14', '2018-05-29 07:20:14', 'bb1a9c58-6310-11e8-aaf5-0f254a0c7eae', 'COLA', null, null), ('bb2300ab-6310-11e8-aaf5-0f254a0c7eae', '60000', '1', null, '2018-05-29 07:20:14', '2018-05-29 07:20:14', 'bb1a9c58-6310-11e8-aaf5-0f254a0c7eae', 'Meal', null, null), ('bb2300ac-6310-11e8-aaf5-0f254a0c7eae', '4200000', '1', null, '2018-05-29 07:20:14', '2018-05-29 07:20:14', 'bb1a9c59-6310-11e8-aaf5-0f254a0c7eae', 'Monthly Salary', null, null), ('bb2300ad-6310-11e8-aaf5-0f254a0c7eae', '0', '1', null, '2018-05-29 07:20:14', '2018-05-29 07:20:14', 'bb1a9c59-6310-11e8-aaf5-0f254a0c7eae', 'COLA', null, null), ('bb2300ae-6310-11e8-aaf5-0f254a0c7eae', '60000', '1', null, '2018-05-29 07:20:14', '2018-05-29 07:20:14', 'bb1a9c59-6310-11e8-aaf5-0f254a0c7eae', 'Meal', null, null), ('bb2300af-6310-11e8-aaf5-0f254a0c7eae', '3000000', '1', null, '2018-05-29 07:20:14', '2018-05-29 07:20:14', 'bb1a9c5a-6310-11e8-aaf5-0f254a0c7eae', 'Monthly Salary', null, null), ('bb2300b0-6310-11e8-aaf5-0f254a0c7eae', '400000', '1', null, '2018-05-29 07:20:14', '2018-05-29 07:20:14', 'bb1a9c5a-6310-11e8-aaf5-0f254a0c7eae', 'COLA', null, null), ('bb2300b1-6310-11e8-aaf5-0f254a0c7eae', '0', '1', null, '2018-05-29 07:20:14', '2018-05-29 07:20:14', 'bb1a9c5a-6310-11e8-aaf5-0f254a0c7eae', 'Meal', null, null), ('bb2300b2-6310-11e8-aaf5-0f254a0c7eae', '3300000', '1', null, '2018-05-29 07:20:14', '2018-05-29 07:20:14', 'bb1a9c5b-6310-11e8-aaf5-0f254a0c7eae', 'Monthly Salary', null, null), ('bb2300b3-6310-11e8-aaf5-0f254a0c7eae', '400000', '1', null, '2018-05-29 07:20:14', '2018-05-29 07:20:14', 'bb1a9c5b-6310-11e8-aaf5-0f254a0c7eae', 'COLA', null, null), ('bb2300b4-6310-11e8-aaf5-0f254a0c7eae', '0', '1', null, '2018-05-29 07:20:14', '2018-05-29 07:20:14', 'bb1a9c5b-6310-11e8-aaf5-0f254a0c7eae', 'Meal', null, null), ('bb2300b5-6310-11e8-aaf5-0f254a0c7eae', '5000000', '1', null, '2018-05-29 07:20:14', '2018-05-29 07:20:14', 'bb1a9c5c-6310-11e8-aaf5-0f254a0c7eae', 'Monthly Salary', null, null), ('bb2300b6-6310-11e8-aaf5-0f254a0c7eae', '200000', '1', null, '2018-05-29 07:20:14', '2018-05-29 07:20:14', 'bb1a9c5c-6310-11e8-aaf5-0f254a0c7eae', 'COLA', null, null), ('bb2300b7-6310-11e8-aaf5-0f254a0c7eae', '0', '1', null, '2018-05-29 07:20:14', '2018-05-29 07:20:14', 'bb1a9c5c-6310-11e8-aaf5-0f254a0c7eae', 'Meal', null, null), ('bb2300b8-6310-11e8-aaf5-0f254a0c7eae', '4500000', '1', null, '2018-05-29 07:20:14', '2018-05-29 07:20:14', 'bb1a9c5d-6310-11e8-aaf5-0f254a0c7eae', 'Monthly Salary', null, null), ('bb2300b9-6310-11e8-aaf5-0f254a0c7eae', '200000', '1', null, '2018-05-29 07:20:14', '2018-05-29 07:20:14', 'bb1a9c5d-6310-11e8-aaf5-0f254a0c7eae', 'COLA', null, null), ('bb2300ba-6310-11e8-aaf5-0f254a0c7eae', '0', '1', null, '2018-05-29 07:20:14', '2018-05-29 07:20:14', 'bb1a9c5d-6310-11e8-aaf5-0f254a0c7eae', 'Meal', null, null), ('bb2300bb-6310-11e8-aaf5-0f254a0c7eae', '5000000', '1', null, '2018-05-29 07:20:14', '2018-05-29 07:20:14', 'bb1a9c5e-6310-11e8-aaf5-0f254a0c7eae', 'Monthly Salary', null, null), ('bb2300bc-6310-11e8-aaf5-0f254a0c7eae', '100000', '1', null, '2018-05-29 07:20:14', '2018-05-29 07:20:14', 'bb1a9c5e-6310-11e8-aaf5-0f254a0c7eae', 'COLA', null, null), ('bb2300bd-6310-11e8-aaf5-0f254a0c7eae', '0', '1', null, '2018-05-29 07:20:14', '2018-05-29 07:20:14', 'bb1a9c5e-6310-11e8-aaf5-0f254a0c7eae', 'Meal', null, null), ('bb2300be-6310-11e8-aaf5-0f254a0c7eae', '6000000', '1', null, '2018-05-29 07:20:14', '2018-05-29 07:20:14', 'bb1a9c5f-6310-11e8-aaf5-0f254a0c7eae', 'Monthly Salary', null, null), ('bb2300bf-6310-11e8-aaf5-0f254a0c7eae', '400000', '1', null, '2018-05-29 07:20:14', '2018-05-29 07:20:14', 'bb1a9c5f-6310-11e8-aaf5-0f254a0c7eae', 'COLA', null, null), ('bb2300c0-6310-11e8-aaf5-0f254a0c7eae', '0', '1', null, '2018-05-29 07:20:14', '2018-05-29 07:20:14', 'bb1a9c5f-6310-11e8-aaf5-0f254a0c7eae', 'Meal', null, null), ('bb2300c1-6310-11e8-aaf5-0f254a0c7eae', '5000000', '1', null, '2018-05-29 07:20:14', '2018-05-29 07:20:14', 'bb1a9c60-6310-11e8-aaf5-0f254a0c7eae', 'Monthly Salary', null, null), ('bb2300c2-6310-11e8-aaf5-0f254a0c7eae', '500000', '1', null, '2018-05-29 07:20:14', '2018-05-29 07:20:14', 'bb1a9c60-6310-11e8-aaf5-0f254a0c7eae', 'COLA', null, null), ('bb2300c3-6310-11e8-aaf5-0f254a0c7eae', '0', '1', null, '2018-05-29 07:20:14', '2018-05-29 07:20:14', 'bb1a9c60-6310-11e8-aaf5-0f254a0c7eae', 'Meal', null, null), ('bb2300c4-6310-11e8-aaf5-0f254a0c7eae', '4500000', '1', null, '2018-05-29 07:20:14', '2018-05-29 07:20:14', 'bb1a9c61-6310-11e8-aaf5-0f254a0c7eae', 'Monthly Salary', null, null), ('bb2300c5-6310-11e8-aaf5-0f254a0c7eae', '700000', '1', null, '2018-05-29 07:20:14', '2018-05-29 07:20:14', 'bb1a9c61-6310-11e8-aaf5-0f254a0c7eae', 'COLA', null, null), ('bb2300c6-6310-11e8-aaf5-0f254a0c7eae', '0', '1', null, '2018-05-29 07:20:14', '2018-05-29 07:20:14', 'bb1a9c61-6310-11e8-aaf5-0f254a0c7eae', 'Meal', null, null), ('bb2300c7-6310-11e8-aaf5-0f254a0c7eae', '5000000', '1', null, '2018-05-29 07:20:14', '2018-05-29 07:20:14', 'bb1a9c62-6310-11e8-aaf5-0f254a0c7eae', 'Monthly Salary', null, null), ('bb2300c8-6310-11e8-aaf5-0f254a0c7eae', '0', '1', null, '2018-05-29 07:20:14', '2018-05-29 07:20:14', 'bb1a9c62-6310-11e8-aaf5-0f254a0c7eae', 'COLA', null, null), ('bb2300c9-6310-11e8-aaf5-0f254a0c7eae', '60000', '1', null, '2018-05-29 07:20:14', '2018-05-29 07:20:14', 'bb1a9c62-6310-11e8-aaf5-0f254a0c7eae', 'Meal', null, null), ('bb2300ca-6310-11e8-aaf5-0f254a0c7eae', '5500000', '1', null, '2018-05-29 07:20:14', '2018-05-29 07:20:14', 'bb1a9c63-6310-11e8-aaf5-0f254a0c7eae', 'Monthly Salary', null, null), ('bb2300cb-6310-11e8-aaf5-0f254a0c7eae', '0', '1', null, '2018-05-29 07:20:14', '2018-05-29 07:20:14', 'bb1a9c63-6310-11e8-aaf5-0f254a0c7eae', 'COLA', null, null), ('bb2300cc-6310-11e8-aaf5-0f254a0c7eae', '60000', '1', null, '2018-05-29 07:20:14', '2018-05-29 07:20:14', 'bb1a9c63-6310-11e8-aaf5-0f254a0c7eae', 'Meal', null, null), ('bb2300cd-6310-11e8-aaf5-0f254a0c7eae', '5200000', '1', null, '2018-05-29 07:20:14', '2018-05-29 07:20:14', 'bb1a9c64-6310-11e8-aaf5-0f254a0c7eae', 'Monthly Salary', null, null), ('bb2300ce-6310-11e8-aaf5-0f254a0c7eae', '0', '1', null, '2018-05-29 07:20:14', '2018-05-29 07:20:14', 'bb1a9c64-6310-11e8-aaf5-0f254a0c7eae', 'COLA', null, null), ('bb2300cf-6310-11e8-aaf5-0f254a0c7eae', '60000', '1', null, '2018-05-29 07:20:14', '2018-05-29 07:20:14', 'bb1a9c64-6310-11e8-aaf5-0f254a0c7eae', 'Meal', null, null), ('bb2300d0-6310-11e8-aaf5-0f254a0c7eae', '5100000', '1', null, '2018-05-29 07:20:14', '2018-05-29 07:20:14', 'bb1a9c65-6310-11e8-aaf5-0f254a0c7eae', 'Monthly Salary', null, null), ('bb2300d1-6310-11e8-aaf5-0f254a0c7eae', '0', '1', null, '2018-05-29 07:20:14', '2018-05-29 07:20:14', 'bb1a9c65-6310-11e8-aaf5-0f254a0c7eae', 'COLA', null, null), ('bb2300d2-6310-11e8-aaf5-0f254a0c7eae', '60000', '1', null, '2018-05-29 07:20:14', '2018-05-29 07:20:14', 'bb1a9c65-6310-11e8-aaf5-0f254a0c7eae', 'Meal', null, null), ('bb2300d3-6310-11e8-aaf5-0f254a0c7eae', '3500000', '1', null, '2018-05-29 07:20:14', '2018-05-29 07:20:14', 'bb1a9c66-6310-11e8-aaf5-0f254a0c7eae', 'Monthly Salary', null, null), ('bb2300d4-6310-11e8-aaf5-0f254a0c7eae', '100000', '1', null, '2018-05-29 07:20:14', '2018-05-29 07:20:14', 'bb1a9c66-6310-11e8-aaf5-0f254a0c7eae', 'COLA', null, null), ('bb2300d5-6310-11e8-aaf5-0f254a0c7eae', '0', '1', null, '2018-05-29 07:20:14', '2018-05-29 07:20:14', 'bb1a9c66-6310-11e8-aaf5-0f254a0c7eae', 'Meal', null, null), ('bb2300d6-6310-11e8-aaf5-0f254a0c7eae', '2500000', '1', null, '2018-05-29 07:20:14', '2018-05-29 07:20:14', 'bb1a9c67-6310-11e8-aaf5-0f254a0c7eae', 'Monthly Salary', null, null), ('bb2300d7-6310-11e8-aaf5-0f254a0c7eae', '500000', '1', null, '2018-05-29 07:20:14', '2018-05-29 07:20:14', 'bb1a9c67-6310-11e8-aaf5-0f254a0c7eae', 'COLA', null, null), ('bb2300d8-6310-11e8-aaf5-0f254a0c7eae', '0', '1', null, '2018-05-29 07:20:14', '2018-05-29 07:20:14', 'bb1a9c67-6310-11e8-aaf5-0f254a0c7eae', 'Meal', null, null), ('bb2300d9-6310-11e8-aaf5-0f254a0c7eae', '3000000', '1', null, '2018-05-29 07:20:14', '2018-05-29 07:20:14', 'bb1a9c68-6310-11e8-aaf5-0f254a0c7eae', 'Monthly Salary', null, null), ('bb2300da-6310-11e8-aaf5-0f254a0c7eae', '0', '1', null, '2018-05-29 07:20:14', '2018-05-29 07:20:14', 'bb1a9c68-6310-11e8-aaf5-0f254a0c7eae', 'COLA', null, null), ('bb2300db-6310-11e8-aaf5-0f254a0c7eae', '60000', '1', null, '2018-05-29 07:20:14', '2018-05-29 07:20:14', 'bb1a9c68-6310-11e8-aaf5-0f254a0c7eae', 'Meal', null, null), ('bb2300dc-6310-11e8-aaf5-0f254a0c7eae', '2800000', '1', null, '2018-05-29 07:20:14', '2018-05-29 07:20:14', 'bb1a9c69-6310-11e8-aaf5-0f254a0c7eae', 'Monthly Salary', null, null), ('bb2300dd-6310-11e8-aaf5-0f254a0c7eae', '0', '1', null, '2018-05-29 07:20:14', '2018-05-29 07:20:14', 'bb1a9c69-6310-11e8-aaf5-0f254a0c7eae', 'COLA', null, null), ('bb2300de-6310-11e8-aaf5-0f254a0c7eae', '60000', '1', null, '2018-05-29 07:20:14', '2018-05-29 07:20:14', 'bb1a9c69-6310-11e8-aaf5-0f254a0c7eae', 'Meal', null, null), ('bb2300df-6310-11e8-aaf5-0f254a0c7eae', '2700000', '1', null, '2018-05-29 07:20:14', '2018-05-29 07:20:14', 'bb1a9c6a-6310-11e8-aaf5-0f254a0c7eae', 'Monthly Salary', null, null), ('bb2300e0-6310-11e8-aaf5-0f254a0c7eae', '0', '1', null, '2018-05-29 07:20:14', '2018-05-29 07:20:14', 'bb1a9c6a-6310-11e8-aaf5-0f254a0c7eae', 'COLA', null, null), ('bb2300e1-6310-11e8-aaf5-0f254a0c7eae', '60000', '1', null, '2018-05-29 07:20:14', '2018-05-29 07:20:14', 'bb1a9c6a-6310-11e8-aaf5-0f254a0c7eae', 'Meal', null, null), ('bb2327b0-6310-11e8-aaf5-0f254a0c7eae', '2600000', '1', null, '2018-05-29 07:20:14', '2018-05-29 07:20:14', 'bb1a9c6b-6310-11e8-aaf5-0f254a0c7eae', 'Monthly Salary', null, null), ('bb2327b1-6310-11e8-aaf5-0f254a0c7eae', '0', '1', null, '2018-05-29 07:20:14', '2018-05-29 07:20:14', 'bb1a9c6b-6310-11e8-aaf5-0f254a0c7eae', 'COLA', null, null), ('bb2327b2-6310-11e8-aaf5-0f254a0c7eae', '60000', '1', null, '2018-05-29 07:20:14', '2018-05-29 07:20:14', 'bb1a9c6b-6310-11e8-aaf5-0f254a0c7eae', 'Meal', null, null), ('bb2327b3-6310-11e8-aaf5-0f254a0c7eae', '4500000', '1', null, '2018-05-29 07:20:14', '2018-05-29 07:20:14', 'bb1a9c6c-6310-11e8-aaf5-0f254a0c7eae', 'Monthly Salary', null, null), ('bb2327b4-6310-11e8-aaf5-0f254a0c7eae', '0', '1', null, '2018-05-29 07:20:14', '2018-05-29 07:20:14', 'bb1a9c6c-6310-11e8-aaf5-0f254a0c7eae', 'COLA', null, null), ('bb2327b5-6310-11e8-aaf5-0f254a0c7eae', '60000', '1', null, '2018-05-29 07:20:14', '2018-05-29 07:20:14', 'bb1a9c6c-6310-11e8-aaf5-0f254a0c7eae', 'Meal', null, null), ('bb2327b6-6310-11e8-aaf5-0f254a0c7eae', '4200000', '1', null, '2018-05-29 07:20:14', '2018-05-29 07:20:14', 'bb1a9c6d-6310-11e8-aaf5-0f254a0c7eae', 'Monthly Salary', null, null), ('bb2327b7-6310-11e8-aaf5-0f254a0c7eae', '0', '1', null, '2018-05-29 07:20:14', '2018-05-29 07:20:14', 'bb1a9c6d-6310-11e8-aaf5-0f254a0c7eae', 'COLA', null, null), ('bb2327b8-6310-11e8-aaf5-0f254a0c7eae', '60000', '1', null, '2018-05-29 07:20:14', '2018-05-29 07:20:14', 'bb1a9c6d-6310-11e8-aaf5-0f254a0c7eae', 'Meal', null, null), ('bb2327b9-6310-11e8-aaf5-0f254a0c7eae', '5000000', '1', null, '2018-05-29 07:20:14', '2018-05-29 07:20:14', 'bb1a9c6e-6310-11e8-aaf5-0f254a0c7eae', 'Monthly Salary', null, null), ('bb2327ba-6310-11e8-aaf5-0f254a0c7eae', '0', '1', null, '2018-05-29 07:20:14', '2018-05-29 07:20:14', 'bb1a9c6e-6310-11e8-aaf5-0f254a0c7eae', 'COLA', null, null), ('bb2327bb-6310-11e8-aaf5-0f254a0c7eae', '60000', '1', null, '2018-05-29 07:20:14', '2018-05-29 07:20:14', 'bb1a9c6e-6310-11e8-aaf5-0f254a0c7eae', 'Meal', null, null), ('bb2327bc-6310-11e8-aaf5-0f254a0c7eae', '4800000', '1', null, '2018-05-29 07:20:14', '2018-05-29 07:20:14', 'bb1a9c6f-6310-11e8-aaf5-0f254a0c7eae', 'Monthly Salary', null, null), ('bb2327bd-6310-11e8-aaf5-0f254a0c7eae', '0', '1', null, '2018-05-29 07:20:14', '2018-05-29 07:20:14', 'bb1a9c6f-6310-11e8-aaf5-0f254a0c7eae', 'COLA', null, null), ('bb2327be-6310-11e8-aaf5-0f254a0c7eae', '60000', '1', null, '2018-05-29 07:20:14', '2018-05-29 07:20:14', 'bb1a9c6f-6310-11e8-aaf5-0f254a0c7eae', 'Meal', null, null), ('bb2327bf-6310-11e8-aaf5-0f254a0c7eae', '5500000', '1', null, '2018-05-29 07:20:14', '2018-05-29 07:20:14', 'bb1a9c70-6310-11e8-aaf5-0f254a0c7eae', 'Monthly Salary', null, null), ('bb2327c0-6310-11e8-aaf5-0f254a0c7eae', '400000', '1', null, '2018-05-29 07:20:14', '2018-05-29 07:20:14', 'bb1a9c70-6310-11e8-aaf5-0f254a0c7eae', 'COLA', null, null), ('bb2327c1-6310-11e8-aaf5-0f254a0c7eae', '0', '1', null, '2018-05-29 07:20:14', '2018-05-29 07:20:14', 'bb1a9c70-6310-11e8-aaf5-0f254a0c7eae', 'Meal', null, null), ('bb2327c2-6310-11e8-aaf5-0f254a0c7eae', '5700000', '1', null, '2018-05-29 07:20:14', '2018-05-29 07:20:14', 'bb1a9c71-6310-11e8-aaf5-0f254a0c7eae', 'Monthly Salary', null, null), ('bb2327c3-6310-11e8-aaf5-0f254a0c7eae', '600000', '1', null, '2018-05-29 07:20:14', '2018-05-29 07:20:14', 'bb1a9c71-6310-11e8-aaf5-0f254a0c7eae', 'COLA', null, null);
INSERT INTO `stdPosPrice` VALUES ('bb2327c4-6310-11e8-aaf5-0f254a0c7eae', '0', '1', null, '2018-05-29 07:20:14', '2018-05-29 07:20:14', 'bb1a9c71-6310-11e8-aaf5-0f254a0c7eae', 'Meal', null, null), ('bb2327c5-6310-11e8-aaf5-0f254a0c7eae', '3000000', '1', null, '2018-05-29 07:20:14', '2018-05-29 07:20:14', 'bb1a9c72-6310-11e8-aaf5-0f254a0c7eae', 'Monthly Salary', null, null), ('bb2327c6-6310-11e8-aaf5-0f254a0c7eae', '600000', '1', null, '2018-05-29 07:20:14', '2018-05-29 07:20:14', 'bb1a9c72-6310-11e8-aaf5-0f254a0c7eae', 'COLA', null, null), ('bb2327c7-6310-11e8-aaf5-0f254a0c7eae', '0', '1', null, '2018-05-29 07:20:14', '2018-05-29 07:20:14', 'bb1a9c72-6310-11e8-aaf5-0f254a0c7eae', 'Meal', null, null), ('bb2327c8-6310-11e8-aaf5-0f254a0c7eae', '2700000', '1', null, '2018-05-29 07:20:14', '2018-05-29 07:20:14', 'bb1a9c73-6310-11e8-aaf5-0f254a0c7eae', 'Monthly Salary', null, null), ('bb2327c9-6310-11e8-aaf5-0f254a0c7eae', '400000', '1', null, '2018-05-29 07:20:14', '2018-05-29 07:20:14', 'bb1a9c73-6310-11e8-aaf5-0f254a0c7eae', 'COLA', null, null), ('bb2327ca-6310-11e8-aaf5-0f254a0c7eae', '0', '1', null, '2018-05-29 07:20:14', '2018-05-29 07:20:14', 'bb1a9c73-6310-11e8-aaf5-0f254a0c7eae', 'Meal', null, null), ('bb2327cb-6310-11e8-aaf5-0f254a0c7eae', '4500000', '1', null, '2018-05-29 07:20:14', '2018-05-29 07:20:14', 'bb1a9c74-6310-11e8-aaf5-0f254a0c7eae', 'Monthly Salary', null, null), ('bb2327cc-6310-11e8-aaf5-0f254a0c7eae', '0', '1', null, '2018-05-29 07:20:14', '2018-05-29 07:20:14', 'bb1a9c74-6310-11e8-aaf5-0f254a0c7eae', 'COLA', null, null), ('bb2327cd-6310-11e8-aaf5-0f254a0c7eae', '60000', '1', null, '2018-05-29 07:20:14', '2018-05-29 07:20:14', 'bb1a9c74-6310-11e8-aaf5-0f254a0c7eae', 'Meal', null, null), ('bb2327ce-6310-11e8-aaf5-0f254a0c7eae', '4600000', '1', null, '2018-05-29 07:20:14', '2018-05-29 07:20:14', 'bb1a9c75-6310-11e8-aaf5-0f254a0c7eae', 'Monthly Salary', null, null), ('bb2327cf-6310-11e8-aaf5-0f254a0c7eae', '0', '1', null, '2018-05-29 07:20:14', '2018-05-29 07:20:14', 'bb1a9c75-6310-11e8-aaf5-0f254a0c7eae', 'COLA', null, null), ('bb2327d0-6310-11e8-aaf5-0f254a0c7eae', '60000', '1', null, '2018-05-29 07:20:14', '2018-05-29 07:20:14', 'bb1a9c75-6310-11e8-aaf5-0f254a0c7eae', 'Meal', null, null), ('bb2327d1-6310-11e8-aaf5-0f254a0c7eae', '4500000', '1', null, '2018-05-29 07:20:14', '2018-05-29 07:20:14', 'bb1ac340-6310-11e8-aaf5-0f254a0c7eae', 'Monthly Salary', null, null), ('bb2327d2-6310-11e8-aaf5-0f254a0c7eae', '0', '1', null, '2018-05-29 07:20:14', '2018-05-29 07:20:14', 'bb1ac340-6310-11e8-aaf5-0f254a0c7eae', 'COLA', null, null), ('bb2327d3-6310-11e8-aaf5-0f254a0c7eae', '60000', '1', null, '2018-05-29 07:20:14', '2018-05-29 07:20:14', 'bb1ac340-6310-11e8-aaf5-0f254a0c7eae', 'Meal', null, null), ('bb2327d4-6310-11e8-aaf5-0f254a0c7eae', '4600000', '1', null, '2018-05-29 07:20:14', '2018-05-29 07:20:14', 'bb1ac341-6310-11e8-aaf5-0f254a0c7eae', 'Monthly Salary', null, null), ('bb2327d5-6310-11e8-aaf5-0f254a0c7eae', '0', '1', null, '2018-05-29 07:20:14', '2018-05-29 07:20:14', 'bb1ac341-6310-11e8-aaf5-0f254a0c7eae', 'COLA', null, null), ('bb2327d6-6310-11e8-aaf5-0f254a0c7eae', '60000', '1', null, '2018-05-29 07:20:14', '2018-05-29 07:20:14', 'bb1ac341-6310-11e8-aaf5-0f254a0c7eae', 'Meal', null, null), ('bb2327d7-6310-11e8-aaf5-0f254a0c7eae', '4000000', '1', null, '2018-05-29 07:20:14', '2018-05-29 07:20:14', 'bb1ac342-6310-11e8-aaf5-0f254a0c7eae', 'Monthly Salary', null, null), ('bb2327d8-6310-11e8-aaf5-0f254a0c7eae', '400000', '1', null, '2018-05-29 07:20:14', '2018-05-29 07:20:14', 'bb1ac342-6310-11e8-aaf5-0f254a0c7eae', 'COLA', null, null), ('bb2327d9-6310-11e8-aaf5-0f254a0c7eae', '0', '1', null, '2018-05-29 07:20:14', '2018-05-29 07:20:14', 'bb1ac342-6310-11e8-aaf5-0f254a0c7eae', 'Meal', null, null), ('bb2327da-6310-11e8-aaf5-0f254a0c7eae', '4200000', '1', null, '2018-05-29 07:20:14', '2018-05-29 07:20:14', 'bb1ac343-6310-11e8-aaf5-0f254a0c7eae', 'Monthly Salary', null, null), ('bb2327db-6310-11e8-aaf5-0f254a0c7eae', '600000', '1', null, '2018-05-29 07:20:14', '2018-05-29 07:20:14', 'bb1ac343-6310-11e8-aaf5-0f254a0c7eae', 'COLA', null, null), ('bb2327dc-6310-11e8-aaf5-0f254a0c7eae', '0', '1', null, '2018-05-29 07:20:14', '2018-05-29 07:20:14', 'bb1ac343-6310-11e8-aaf5-0f254a0c7eae', 'Meal', null, null), ('bb2327dd-6310-11e8-aaf5-0f254a0c7eae', '2200000', '1', null, '2018-05-29 07:20:14', '2018-05-29 07:20:14', 'bb1ac344-6310-11e8-aaf5-0f254a0c7eae', 'Monthly Salary', null, null), ('bb2327de-6310-11e8-aaf5-0f254a0c7eae', '0', '1', null, '2018-05-29 07:20:14', '2018-05-29 07:20:14', 'bb1ac344-6310-11e8-aaf5-0f254a0c7eae', 'COLA', null, null), ('bb2327df-6310-11e8-aaf5-0f254a0c7eae', '60000', '1', null, '2018-05-29 07:20:14', '2018-05-29 07:20:14', 'bb1ac344-6310-11e8-aaf5-0f254a0c7eae', 'Meal', null, null), ('bb2327e0-6310-11e8-aaf5-0f254a0c7eae', '2500000', '1', null, '2018-05-29 07:20:14', '2018-05-29 07:20:14', 'bb1ac345-6310-11e8-aaf5-0f254a0c7eae', 'Monthly Salary', null, null), ('bb2327e1-6310-11e8-aaf5-0f254a0c7eae', '0', '1', null, '2018-05-29 07:20:14', '2018-05-29 07:20:14', 'bb1ac345-6310-11e8-aaf5-0f254a0c7eae', 'COLA', null, null), ('bb2327e2-6310-11e8-aaf5-0f254a0c7eae', '60000', '1', null, '2018-05-29 07:20:14', '2018-05-29 07:20:14', 'bb1ac345-6310-11e8-aaf5-0f254a0c7eae', 'Meal', null, null), ('bb2327e3-6310-11e8-aaf5-0f254a0c7eae', '1800000', '1', null, '2018-05-29 07:20:14', '2018-05-29 07:20:14', 'bb1ac346-6310-11e8-aaf5-0f254a0c7eae', 'Monthly Salary', null, null), ('bb2327e4-6310-11e8-aaf5-0f254a0c7eae', '0', '1', null, '2018-05-29 07:20:14', '2018-05-29 07:20:14', 'bb1ac346-6310-11e8-aaf5-0f254a0c7eae', 'COLA', null, null), ('bb2327e5-6310-11e8-aaf5-0f254a0c7eae', '60000', '1', null, '2018-05-29 07:20:14', '2018-05-29 07:20:14', 'bb1ac346-6310-11e8-aaf5-0f254a0c7eae', 'Meal', null, null), ('bb2327e6-6310-11e8-aaf5-0f254a0c7eae', '1700000', '1', null, '2018-05-29 07:20:14', '2018-05-29 07:20:14', 'bb1ac347-6310-11e8-aaf5-0f254a0c7eae', 'Monthly Salary', null, null), ('bb2327e7-6310-11e8-aaf5-0f254a0c7eae', '0', '1', null, '2018-05-29 07:20:14', '2018-05-29 07:20:14', 'bb1ac347-6310-11e8-aaf5-0f254a0c7eae', 'COLA', null, null), ('bb2327e8-6310-11e8-aaf5-0f254a0c7eae', '60000', '1', null, '2018-05-29 07:20:14', '2018-05-29 07:20:14', 'bb1ac347-6310-11e8-aaf5-0f254a0c7eae', 'Meal', null, null), ('bb2327e9-6310-11e8-aaf5-0f254a0c7eae', '6500000', '1', null, '2018-05-29 07:20:14', '2018-05-29 07:20:14', 'bb1ac348-6310-11e8-aaf5-0f254a0c7eae', 'Monthly Salary', null, null), ('bb2327ea-6310-11e8-aaf5-0f254a0c7eae', '0', '1', null, '2018-05-29 07:20:14', '2018-05-29 07:20:14', 'bb1ac348-6310-11e8-aaf5-0f254a0c7eae', 'COLA', null, null), ('bb2327eb-6310-11e8-aaf5-0f254a0c7eae', '60000', '1', null, '2018-05-29 07:20:14', '2018-05-29 07:20:14', 'bb1ac348-6310-11e8-aaf5-0f254a0c7eae', 'Meal', null, null), ('bb2327ec-6310-11e8-aaf5-0f254a0c7eae', '7000000', '1', null, '2018-05-29 07:20:14', '2018-05-29 07:20:14', 'bb1ac349-6310-11e8-aaf5-0f254a0c7eae', 'Monthly Salary', null, null), ('bb2327ed-6310-11e8-aaf5-0f254a0c7eae', '0', '1', null, '2018-05-29 07:20:14', '2018-05-29 07:20:14', 'bb1ac349-6310-11e8-aaf5-0f254a0c7eae', 'COLA', null, null), ('bb2327ee-6310-11e8-aaf5-0f254a0c7eae', '60000', '1', null, '2018-05-29 07:20:14', '2018-05-29 07:20:14', 'bb1ac349-6310-11e8-aaf5-0f254a0c7eae', 'Meal', null, null), ('bb2327ef-6310-11e8-aaf5-0f254a0c7eae', '4000000', '1', null, '2018-05-29 07:20:14', '2018-05-29 07:20:14', 'bb1ac34a-6310-11e8-aaf5-0f254a0c7eae', 'Monthly Salary', null, null), ('bb2327f0-6310-11e8-aaf5-0f254a0c7eae', '0', '1', null, '2018-05-29 07:20:14', '2018-05-29 07:20:14', 'bb1ac34a-6310-11e8-aaf5-0f254a0c7eae', 'COLA', null, null), ('bb2327f1-6310-11e8-aaf5-0f254a0c7eae', '60000', '1', null, '2018-05-29 07:20:14', '2018-05-29 07:20:14', 'bb1ac34a-6310-11e8-aaf5-0f254a0c7eae', 'Meal', null, null), ('bb2327f2-6310-11e8-aaf5-0f254a0c7eae', '3800000', '1', null, '2018-05-29 07:20:14', '2018-05-29 07:20:14', 'bb1ac34b-6310-11e8-aaf5-0f254a0c7eae', 'Monthly Salary', null, null), ('bb2327f3-6310-11e8-aaf5-0f254a0c7eae', '0', '1', null, '2018-05-29 07:20:14', '2018-05-29 07:20:14', 'bb1ac34b-6310-11e8-aaf5-0f254a0c7eae', 'COLA', null, null), ('bb234ec0-6310-11e8-aaf5-0f254a0c7eae', '60000', '1', null, '2018-05-29 07:20:14', '2018-05-29 07:20:14', 'bb1ac34b-6310-11e8-aaf5-0f254a0c7eae', 'Meal', null, null), ('bb234ec1-6310-11e8-aaf5-0f254a0c7eae', '700000', '1', null, '2018-05-29 07:20:14', '2018-05-29 07:20:14', 'bb1ac34c-6310-11e8-aaf5-0f254a0c7eae', 'Monthly Salary', null, null), ('bb234ec2-6310-11e8-aaf5-0f254a0c7eae', '0', '1', null, '2018-05-29 07:20:14', '2018-05-29 07:20:14', 'bb1ac34c-6310-11e8-aaf5-0f254a0c7eae', 'COLA', null, null), ('bb234ec3-6310-11e8-aaf5-0f254a0c7eae', '60000', '1', null, '2018-05-29 07:20:14', '2018-05-29 07:20:14', 'bb1ac34c-6310-11e8-aaf5-0f254a0c7eae', 'Meal', null, null), ('bb234ec4-6310-11e8-aaf5-0f254a0c7eae', '850000', '1', null, '2018-05-29 07:20:14', '2018-05-29 07:20:14', 'bb1ac34d-6310-11e8-aaf5-0f254a0c7eae', 'Monthly Salary', null, null), ('bb234ec5-6310-11e8-aaf5-0f254a0c7eae', '0', '1', null, '2018-05-29 07:20:14', '2018-05-29 07:20:14', 'bb1ac34d-6310-11e8-aaf5-0f254a0c7eae', 'COLA', null, null), ('bb234ec6-6310-11e8-aaf5-0f254a0c7eae', '60000', '1', null, '2018-05-29 07:20:14', '2018-05-29 07:20:14', 'bb1ac34d-6310-11e8-aaf5-0f254a0c7eae', 'Meal', null, null), ('bb234ec7-6310-11e8-aaf5-0f254a0c7eae', '750000', '1', null, '2018-05-29 07:20:14', '2018-05-29 07:20:14', 'bb1ac34e-6310-11e8-aaf5-0f254a0c7eae', 'Monthly Salary', null, null), ('bb234ec8-6310-11e8-aaf5-0f254a0c7eae', '0', '1', null, '2018-05-29 07:20:14', '2018-05-29 07:20:14', 'bb1ac34e-6310-11e8-aaf5-0f254a0c7eae', 'COLA', null, null), ('bb234ec9-6310-11e8-aaf5-0f254a0c7eae', '60000', '1', null, '2018-05-29 07:20:14', '2018-05-29 07:20:14', 'bb1ac34e-6310-11e8-aaf5-0f254a0c7eae', 'Meal', null, null), ('bb234eca-6310-11e8-aaf5-0f254a0c7eae', '700000', '1', null, '2018-05-29 07:20:14', '2018-05-29 07:20:14', 'bb1ac34f-6310-11e8-aaf5-0f254a0c7eae', 'Monthly Salary', null, null), ('bb234ecb-6310-11e8-aaf5-0f254a0c7eae', '0', '1', null, '2018-05-29 07:20:14', '2018-05-29 07:20:14', 'bb1ac34f-6310-11e8-aaf5-0f254a0c7eae', 'COLA', null, null), ('bb234ecc-6310-11e8-aaf5-0f254a0c7eae', '60000', '1', null, '2018-05-29 07:20:14', '2018-05-29 07:20:14', 'bb1ac34f-6310-11e8-aaf5-0f254a0c7eae', 'Meal', null, null), ('bb234ecd-6310-11e8-aaf5-0f254a0c7eae', '700000', '1', null, '2018-05-29 07:20:14', '2018-05-29 07:20:14', 'bb1ac350-6310-11e8-aaf5-0f254a0c7eae', 'Monthly Salary', null, null), ('bb234ece-6310-11e8-aaf5-0f254a0c7eae', '0', '1', null, '2018-05-29 07:20:14', '2018-05-29 07:20:14', 'bb1ac350-6310-11e8-aaf5-0f254a0c7eae', 'COLA', null, null), ('bb234ecf-6310-11e8-aaf5-0f254a0c7eae', '60000', '1', null, '2018-05-29 07:20:14', '2018-05-29 07:20:14', 'bb1ac350-6310-11e8-aaf5-0f254a0c7eae', 'Meal', null, null), ('bb234ed0-6310-11e8-aaf5-0f254a0c7eae', '750000', '1', null, '2018-05-29 07:20:14', '2018-05-29 07:20:14', 'bb1aea50-6310-11e8-aaf5-0f254a0c7eae', 'Monthly Salary', null, null), ('bb234ed1-6310-11e8-aaf5-0f254a0c7eae', '0', '1', null, '2018-05-29 07:20:14', '2018-05-29 07:20:14', 'bb1aea50-6310-11e8-aaf5-0f254a0c7eae', 'COLA', null, null), ('bb234ed2-6310-11e8-aaf5-0f254a0c7eae', '60000', '1', null, '2018-05-29 07:20:14', '2018-05-29 07:20:14', 'bb1aea50-6310-11e8-aaf5-0f254a0c7eae', 'Meal', null, null), ('bb234ed3-6310-11e8-aaf5-0f254a0c7eae', '2800000', '1', null, '2018-05-29 07:20:14', '2018-05-29 07:20:14', 'bb1aea51-6310-11e8-aaf5-0f254a0c7eae', 'Monthly Salary', null, null), ('bb234ed4-6310-11e8-aaf5-0f254a0c7eae', '0', '1', null, '2018-05-29 07:20:14', '2018-05-29 07:20:14', 'bb1aea51-6310-11e8-aaf5-0f254a0c7eae', 'COLA', null, null), ('bb234ed5-6310-11e8-aaf5-0f254a0c7eae', '60000', '1', null, '2018-05-29 07:20:14', '2018-05-29 07:20:14', 'bb1aea51-6310-11e8-aaf5-0f254a0c7eae', 'Meal', null, null), ('bb234ed6-6310-11e8-aaf5-0f254a0c7eae', '3000000', '1', null, '2018-05-29 07:20:14', '2018-05-29 07:20:14', 'bb1aea52-6310-11e8-aaf5-0f254a0c7eae', 'Monthly Salary', null, null), ('bb234ed7-6310-11e8-aaf5-0f254a0c7eae', '0', '1', null, '2018-05-29 07:20:14', '2018-05-29 07:20:14', 'bb1aea52-6310-11e8-aaf5-0f254a0c7eae', 'COLA', null, null), ('bb234ed8-6310-11e8-aaf5-0f254a0c7eae', '60000', '1', null, '2018-05-29 07:20:14', '2018-05-29 07:20:14', 'bb1aea52-6310-11e8-aaf5-0f254a0c7eae', 'Meal', null, null), ('bb234ed9-6310-11e8-aaf5-0f254a0c7eae', '1100000', '1', null, '2018-05-29 07:20:14', '2018-05-29 07:20:14', 'bb1aea53-6310-11e8-aaf5-0f254a0c7eae', 'Monthly Salary', null, null), ('bb234eda-6310-11e8-aaf5-0f254a0c7eae', '0', '1', null, '2018-05-29 07:20:14', '2018-05-29 07:20:14', 'bb1aea53-6310-11e8-aaf5-0f254a0c7eae', 'COLA', null, null), ('bb234edb-6310-11e8-aaf5-0f254a0c7eae', '60000', '1', null, '2018-05-29 07:20:14', '2018-05-29 07:20:14', 'bb1aea53-6310-11e8-aaf5-0f254a0c7eae', 'Meal', null, null), ('bb234edc-6310-11e8-aaf5-0f254a0c7eae', '1300000', '1', null, '2018-05-29 07:20:14', '2018-05-29 07:20:14', 'bb1aea54-6310-11e8-aaf5-0f254a0c7eae', 'Monthly Salary', null, null), ('bb234edd-6310-11e8-aaf5-0f254a0c7eae', '0', '1', null, '2018-05-29 07:20:14', '2018-05-29 07:20:14', 'bb1aea54-6310-11e8-aaf5-0f254a0c7eae', 'COLA', null, null), ('bb234ede-6310-11e8-aaf5-0f254a0c7eae', '60000', '1', null, '2018-05-29 07:20:14', '2018-05-29 07:20:14', 'bb1aea54-6310-11e8-aaf5-0f254a0c7eae', 'Meal', null, null), ('bb234edf-6310-11e8-aaf5-0f254a0c7eae', '5000000', '1', null, '2018-05-29 07:20:14', '2018-05-29 07:20:14', 'bb1aea55-6310-11e8-aaf5-0f254a0c7eae', 'Monthly Salary', null, null), ('bb234ee0-6310-11e8-aaf5-0f254a0c7eae', '0', '1', null, '2018-05-29 07:20:14', '2018-05-29 07:20:14', 'bb1aea55-6310-11e8-aaf5-0f254a0c7eae', 'COLA', null, null), ('bb234ee1-6310-11e8-aaf5-0f254a0c7eae', '60000', '1', null, '2018-05-29 07:20:14', '2018-05-29 07:20:14', 'bb1aea55-6310-11e8-aaf5-0f254a0c7eae', 'Meal', null, null), ('bb234ee2-6310-11e8-aaf5-0f254a0c7eae', '4800000', '1', null, '2018-05-29 07:20:14', '2018-05-29 07:20:14', 'bb1aea56-6310-11e8-aaf5-0f254a0c7eae', 'Monthly Salary', null, null), ('bb234ee3-6310-11e8-aaf5-0f254a0c7eae', '0', '1', null, '2018-05-29 07:20:14', '2018-05-29 07:20:14', 'bb1aea56-6310-11e8-aaf5-0f254a0c7eae', 'COLA', null, null), ('bb234ee4-6310-11e8-aaf5-0f254a0c7eae', '60000', '1', null, '2018-05-29 07:20:14', '2018-05-29 07:20:14', 'bb1aea56-6310-11e8-aaf5-0f254a0c7eae', 'Meal', null, null), ('bb234ee5-6310-11e8-aaf5-0f254a0c7eae', '4500000', '1', null, '2018-05-29 07:20:14', '2018-05-29 07:20:14', 'bb1aea57-6310-11e8-aaf5-0f254a0c7eae', 'Monthly Salary', null, null), ('bb234ee6-6310-11e8-aaf5-0f254a0c7eae', '0', '1', null, '2018-05-29 07:20:14', '2018-05-29 07:20:14', 'bb1aea57-6310-11e8-aaf5-0f254a0c7eae', 'COLA', null, null), ('bb234ee7-6310-11e8-aaf5-0f254a0c7eae', '60000', '1', null, '2018-05-29 07:20:14', '2018-05-29 07:20:14', 'bb1aea57-6310-11e8-aaf5-0f254a0c7eae', 'Meal', null, null), ('bb234ee8-6310-11e8-aaf5-0f254a0c7eae', '3000000', '1', null, '2018-05-29 07:20:14', '2018-05-29 07:20:14', 'bb1aea58-6310-11e8-aaf5-0f254a0c7eae', 'Monthly Salary', null, null), ('bb234ee9-6310-11e8-aaf5-0f254a0c7eae', '0', '1', null, '2018-05-29 07:20:14', '2018-05-29 07:20:14', 'bb1aea58-6310-11e8-aaf5-0f254a0c7eae', 'COLA', null, null), ('bb234eea-6310-11e8-aaf5-0f254a0c7eae', '60000', '1', null, '2018-05-29 07:20:14', '2018-05-29 07:20:14', 'bb1aea58-6310-11e8-aaf5-0f254a0c7eae', 'Meal', null, null), ('bb234eeb-6310-11e8-aaf5-0f254a0c7eae', '5500000', '1', null, '2018-05-29 07:20:14', '2018-05-29 07:20:14', 'bb1aea59-6310-11e8-aaf5-0f254a0c7eae', 'Monthly Salary', null, null), ('bb234eec-6310-11e8-aaf5-0f254a0c7eae', '300000', '1', null, '2018-05-29 07:20:14', '2018-05-29 07:20:14', 'bb1aea59-6310-11e8-aaf5-0f254a0c7eae', 'COLA', null, null), ('bb234eed-6310-11e8-aaf5-0f254a0c7eae', '0', '1', null, '2018-05-29 07:20:14', '2018-05-29 07:20:14', 'bb1aea59-6310-11e8-aaf5-0f254a0c7eae', 'Meal', null, null), ('bb234eee-6310-11e8-aaf5-0f254a0c7eae', '6000000', '1', null, '2018-05-29 07:20:14', '2018-05-29 07:20:14', 'bb1aea5a-6310-11e8-aaf5-0f254a0c7eae', 'Monthly Salary', null, null), ('bb234eef-6310-11e8-aaf5-0f254a0c7eae', '200000', '1', null, '2018-05-29 07:20:14', '2018-05-29 07:20:14', 'bb1aea5a-6310-11e8-aaf5-0f254a0c7eae', 'COLA', null, null), ('bb234ef0-6310-11e8-aaf5-0f254a0c7eae', '0', '1', null, '2018-05-29 07:20:14', '2018-05-29 07:20:14', 'bb1aea5a-6310-11e8-aaf5-0f254a0c7eae', 'Meal', null, null), ('bb234ef1-6310-11e8-aaf5-0f254a0c7eae', '6000000', '1', null, '2018-05-29 07:20:14', '2018-05-29 07:20:14', 'bb1aea5b-6310-11e8-aaf5-0f254a0c7eae', 'Monthly Salary', null, null), ('bb234ef2-6310-11e8-aaf5-0f254a0c7eae', '0', '1', null, '2018-05-29 07:20:14', '2018-05-29 07:20:14', 'bb1aea5b-6310-11e8-aaf5-0f254a0c7eae', 'COLA', null, null), ('bb234ef3-6310-11e8-aaf5-0f254a0c7eae', '60000', '1', null, '2018-05-29 07:20:14', '2018-05-29 07:20:14', 'bb1aea5b-6310-11e8-aaf5-0f254a0c7eae', 'Meal', null, null), ('bb234ef4-6310-11e8-aaf5-0f254a0c7eae', '5000000', '1', null, '2018-05-29 07:20:14', '2018-05-29 07:20:14', 'bb1aea5c-6310-11e8-aaf5-0f254a0c7eae', 'Monthly Salary', null, null), ('bb234ef5-6310-11e8-aaf5-0f254a0c7eae', '0', '1', null, '2018-05-29 07:20:14', '2018-05-29 07:20:14', 'bb1aea5c-6310-11e8-aaf5-0f254a0c7eae', 'COLA', null, null), ('bb234ef6-6310-11e8-aaf5-0f254a0c7eae', '60000', '1', null, '2018-05-29 07:20:14', '2018-05-29 07:20:14', 'bb1aea5c-6310-11e8-aaf5-0f254a0c7eae', 'Meal', null, null), ('bb234ef7-6310-11e8-aaf5-0f254a0c7eae', '3000000', '1', null, '2018-05-29 07:20:14', '2018-05-29 07:20:14', 'bb1aea5d-6310-11e8-aaf5-0f254a0c7eae', 'Monthly Salary', null, null), ('bb2375d0-6310-11e8-aaf5-0f254a0c7eae', '0', '1', null, '2018-05-29 07:20:14', '2018-05-29 07:20:14', 'bb1aea5d-6310-11e8-aaf5-0f254a0c7eae', 'COLA', null, null), ('bb2375d1-6310-11e8-aaf5-0f254a0c7eae', '60000', '1', null, '2018-05-29 07:20:14', '2018-05-29 07:20:14', 'bb1aea5d-6310-11e8-aaf5-0f254a0c7eae', 'Meal', null, null), ('bb2375d2-6310-11e8-aaf5-0f254a0c7eae', '4500000', '1', null, '2018-05-29 07:20:14', '2018-05-29 07:20:14', 'bb1aea5e-6310-11e8-aaf5-0f254a0c7eae', 'Monthly Salary', null, null), ('bb2375d3-6310-11e8-aaf5-0f254a0c7eae', '0', '1', null, '2018-05-29 07:20:14', '2018-05-29 07:20:14', 'bb1aea5e-6310-11e8-aaf5-0f254a0c7eae', 'COLA', null, null), ('bb2375d4-6310-11e8-aaf5-0f254a0c7eae', '60000', '1', null, '2018-05-29 07:20:14', '2018-05-29 07:20:14', 'bb1aea5e-6310-11e8-aaf5-0f254a0c7eae', 'Meal', null, null), ('bb2375d5-6310-11e8-aaf5-0f254a0c7eae', '4000000', '1', null, '2018-05-29 07:20:14', '2018-05-29 07:20:14', 'bb1aea5f-6310-11e8-aaf5-0f254a0c7eae', 'Monthly Salary', null, null), ('bb2375d6-6310-11e8-aaf5-0f254a0c7eae', '0', '1', null, '2018-05-29 07:20:14', '2018-05-29 07:20:14', 'bb1aea5f-6310-11e8-aaf5-0f254a0c7eae', 'COLA', null, null), ('bb2375d7-6310-11e8-aaf5-0f254a0c7eae', '0', '1', null, '2018-05-29 07:20:14', '2018-05-29 07:20:14', 'bb1aea5f-6310-11e8-aaf5-0f254a0c7eae', 'Meal', null, null), ('bb2375d8-6310-11e8-aaf5-0f254a0c7eae', '4500000', '1', null, '2018-05-29 07:20:14', '2018-05-29 07:20:14', 'bb1aea60-6310-11e8-aaf5-0f254a0c7eae', 'Monthly Salary', null, null), ('bb2375d9-6310-11e8-aaf5-0f254a0c7eae', '0', '1', null, '2018-05-29 07:20:14', '2018-05-29 07:20:14', 'bb1aea60-6310-11e8-aaf5-0f254a0c7eae', 'COLA', null, null), ('bb2375da-6310-11e8-aaf5-0f254a0c7eae', '0', '1', null, '2018-05-29 07:20:14', '2018-05-29 07:20:14', 'bb1aea60-6310-11e8-aaf5-0f254a0c7eae', 'Meal', null, null), ('bb2375db-6310-11e8-aaf5-0f254a0c7eae', '4500000', '1', null, '2018-05-29 07:20:14', '2018-05-29 07:20:14', 'bb1aea61-6310-11e8-aaf5-0f254a0c7eae', 'Monthly Salary', null, null), ('bb2375dc-6310-11e8-aaf5-0f254a0c7eae', '0', '1', null, '2018-05-29 07:20:14', '2018-05-29 07:20:14', 'bb1aea61-6310-11e8-aaf5-0f254a0c7eae', 'COLA', null, null), ('bb2375dd-6310-11e8-aaf5-0f254a0c7eae', '0', '1', null, '2018-05-29 07:20:14', '2018-05-29 07:20:14', 'bb1aea61-6310-11e8-aaf5-0f254a0c7eae', 'Meal', null, null), ('bb2375de-6310-11e8-aaf5-0f254a0c7eae', '4000000', '1', null, '2018-05-29 07:20:14', '2018-05-29 07:20:14', 'bb1aea62-6310-11e8-aaf5-0f254a0c7eae', 'Monthly Salary', null, null), ('bb2375df-6310-11e8-aaf5-0f254a0c7eae', '0', '1', null, '2018-05-29 07:20:14', '2018-05-29 07:20:14', 'bb1aea62-6310-11e8-aaf5-0f254a0c7eae', 'COLA', null, null), ('bb2375e0-6310-11e8-aaf5-0f254a0c7eae', '0', '1', null, '2018-05-29 07:20:14', '2018-05-29 07:20:14', 'bb1aea62-6310-11e8-aaf5-0f254a0c7eae', 'Meal', null, null), ('bb2375e1-6310-11e8-aaf5-0f254a0c7eae', '6000000', '1', null, '2018-05-29 07:20:14', '2018-05-29 07:20:14', 'bb1aea63-6310-11e8-aaf5-0f254a0c7eae', 'Monthly Salary', null, null), ('bb2375e2-6310-11e8-aaf5-0f254a0c7eae', '0', '1', null, '2018-05-29 07:20:14', '2018-05-29 07:20:14', 'bb1aea63-6310-11e8-aaf5-0f254a0c7eae', 'COLA', null, null), ('bb2375e3-6310-11e8-aaf5-0f254a0c7eae', '0', '1', null, '2018-05-29 07:20:14', '2018-05-29 07:20:14', 'bb1aea63-6310-11e8-aaf5-0f254a0c7eae', 'Meal', null, null), ('bb2375e4-6310-11e8-aaf5-0f254a0c7eae', '2500000', '1', null, '2018-05-29 07:20:14', '2018-05-29 07:20:14', 'bb1aea64-6310-11e8-aaf5-0f254a0c7eae', 'Monthly Salary', null, null), ('bb2375e5-6310-11e8-aaf5-0f254a0c7eae', '0', '1', null, '2018-05-29 07:20:14', '2018-05-29 07:20:14', 'bb1aea64-6310-11e8-aaf5-0f254a0c7eae', 'COLA', null, null), ('bb2375e6-6310-11e8-aaf5-0f254a0c7eae', '0', '1', null, '2018-05-29 07:20:14', '2018-05-29 07:20:14', 'bb1aea64-6310-11e8-aaf5-0f254a0c7eae', 'Meal', null, null), ('bb2375e7-6310-11e8-aaf5-0f254a0c7eae', '2200000', '1', null, '2018-05-29 07:20:14', '2018-05-29 07:20:14', 'bb1aea65-6310-11e8-aaf5-0f254a0c7eae', 'Monthly Salary', null, null), ('bb2375e8-6310-11e8-aaf5-0f254a0c7eae', '0', '1', null, '2018-05-29 07:20:14', '2018-05-29 07:20:14', 'bb1aea65-6310-11e8-aaf5-0f254a0c7eae', 'COLA', null, null), ('bb2375e9-6310-11e8-aaf5-0f254a0c7eae', '0', '1', null, '2018-05-29 07:20:14', '2018-05-29 07:20:14', 'bb1aea65-6310-11e8-aaf5-0f254a0c7eae', 'Meal', null, null), ('bb239ce0-6310-11e8-aaf5-0f254a0c7eae', '3500000', '1', null, '2018-05-29 07:20:14', '2018-05-29 07:20:14', 'bb1aea66-6310-11e8-aaf5-0f254a0c7eae', 'Monthly Salary', null, null), ('bb239ce1-6310-11e8-aaf5-0f254a0c7eae', '0', '1', null, '2018-05-29 07:20:14', '2018-05-29 07:20:14', 'bb1aea66-6310-11e8-aaf5-0f254a0c7eae', 'COLA', null, null), ('bb239ce2-6310-11e8-aaf5-0f254a0c7eae', '0', '1', null, '2018-05-29 07:20:14', '2018-05-29 07:20:14', 'bb1aea66-6310-11e8-aaf5-0f254a0c7eae', 'Meal', null, null), ('bb239ce3-6310-11e8-aaf5-0f254a0c7eae', '4000000', '1', null, '2018-05-29 07:20:14', '2018-05-29 07:20:14', 'bb1aea67-6310-11e8-aaf5-0f254a0c7eae', 'Monthly Salary', null, null), ('bb239ce4-6310-11e8-aaf5-0f254a0c7eae', '0', '1', null, '2018-05-29 07:20:14', '2018-05-29 07:20:14', 'bb1aea67-6310-11e8-aaf5-0f254a0c7eae', 'COLA', null, null), ('bb239ce5-6310-11e8-aaf5-0f254a0c7eae', '0', '1', null, '2018-05-29 07:20:14', '2018-05-29 07:20:14', 'bb1aea67-6310-11e8-aaf5-0f254a0c7eae', 'Meal', null, null), ('bb239ce6-6310-11e8-aaf5-0f254a0c7eae', '4000000', '1', null, '2018-05-29 07:20:14', '2018-05-29 07:20:14', 'bb1aea68-6310-11e8-aaf5-0f254a0c7eae', 'Monthly Salary', null, null), ('bb239ce7-6310-11e8-aaf5-0f254a0c7eae', '0', '1', null, '2018-05-29 07:20:14', '2018-05-29 07:20:14', 'bb1aea68-6310-11e8-aaf5-0f254a0c7eae', 'COLA', null, null), ('bb239ce8-6310-11e8-aaf5-0f254a0c7eae', '0', '1', null, '2018-05-29 07:20:14', '2018-05-29 07:20:14', 'bb1aea68-6310-11e8-aaf5-0f254a0c7eae', 'Meal', null, null);
COMMIT;

-- ----------------------------
--  Table structure for `team`
-- ----------------------------
DROP TABLE IF EXISTS `team`;
CREATE TABLE `team` (
  `id` char(36) CHARACTER SET utf8 COLLATE utf8_bin NOT NULL,
  `name` varchar(255) COLLATE utf8_unicode_ci NOT NULL,
  `brief` varchar(255) COLLATE utf8_unicode_ci NOT NULL,
  `status` int(11) DEFAULT '1',
  `remark` varchar(255) COLLATE utf8_unicode_ci DEFAULT NULL,
  `createdAt` datetime NOT NULL,
  `updatedAt` datetime NOT NULL,
  PRIMARY KEY (`id`),
  UNIQUE KEY `name` (`name`),
  UNIQUE KEY `brief` (`brief`),
  UNIQUE KEY `team_name_unique` (`name`),
  UNIQUE KEY `team_brief_unique` (`brief`),
  KEY `team_name` (`name`) USING BTREE,
  KEY `team_brief` (`brief`) USING BTREE,
  KEY `team_status` (`status`) USING BTREE
) ENGINE=InnoDB DEFAULT CHARSET=utf8 COLLATE=utf8_unicode_ci;

-- ----------------------------
--  Records of `team`
-- ----------------------------
BEGIN;
INSERT INTO `team` VALUES ('bb078960-6310-11e8-aaf5-0f254a0c7eae', 'Management', 'MAN3', '1', null, '2018-05-29 07:20:14', '2018-05-29 07:20:14'), ('bb078961-6310-11e8-aaf5-0f254a0c7eae', 'Carline', 'CAR3', '1', null, '2018-05-29 07:20:14', '2018-05-29 07:20:14'), ('bb078962-6310-11e8-aaf5-0f254a0c7eae', 'Digital Engagement', 'DIG3', '1', null, '2018-05-29 07:20:14', '2018-05-29 07:20:14'), ('bb078963-6310-11e8-aaf5-0f254a0c7eae', 'CRM', 'CRM4', '1', null, '2018-05-29 07:20:14', '2018-05-29 07:20:14'), ('bb078964-6310-11e8-aaf5-0f254a0c7eae', 'Fleet', 'FLE3', '1', null, '2018-05-29 07:20:14', '2018-05-29 07:20:14'), ('bb078965-6310-11e8-aaf5-0f254a0c7eae', 'Creative', 'CRE5', '1', null, '2018-05-29 07:20:14', '2018-05-29 07:20:14'), ('bb078966-6310-11e8-aaf5-0f254a0c7eae', 'Planning', 'PLA5', '1', null, '2018-05-29 07:20:14', '2018-05-29 07:20:14'), ('bb078967-6310-11e8-aaf5-0f254a0c7eae', 'Platform', 'PRO5', '1', null, '2018-05-29 07:20:14', '2018-05-29 07:20:14'), ('bb078968-6310-11e8-aaf5-0f254a0c7eae', 'MSU', 'MSU5', '1', null, '2018-05-29 07:20:14', '2018-05-29 07:20:14'), ('bb078969-6310-11e8-aaf5-0f254a0c7eae', 'Media', 'MED3', '1', null, '2018-05-29 07:20:14', '2018-05-29 07:20:14'), ('bb07896a-6310-11e8-aaf5-0f254a0c7eae', 'Account', 'ACC6', '1', null, '2018-05-29 07:20:14', '2018-05-29 07:20:14'), ('bb07896b-6310-11e8-aaf5-0f254a0c7eae', 'Strategy', 'PLA6', '1', null, '2018-05-29 07:20:14', '2018-05-29 07:20:14'), ('bb07896c-6310-11e8-aaf5-0f254a0c7eae', 'Media Planning', 'MSU6', '1', null, '2018-05-29 07:20:14', '2018-05-29 07:20:14'), ('bb07896d-6310-11e8-aaf5-0f254a0c7eae', 'Functional Ops', 'PRO6', '1', null, '2018-05-29 07:20:14', '2018-05-29 07:20:14'), ('bb07896e-6310-11e8-aaf5-0f254a0c7eae', 'Data', 'DAT3', '1', null, '2018-05-29 07:20:14', '2018-05-29 07:20:14'), ('bb07896f-6310-11e8-aaf5-0f254a0c7eae', 'Human Resources', 'HUM3', '1', null, '2018-05-29 07:20:14', '2018-05-29 07:20:14'), ('bb078970-6310-11e8-aaf5-0f254a0c7eae', 'Administration', 'ADM3', '1', null, '2018-05-29 07:20:14', '2018-05-29 07:20:14'), ('bb078971-6310-11e8-aaf5-0f254a0c7eae', 'Finance', 'FIN3', '1', null, '2018-05-29 07:20:14', '2018-05-29 07:20:14'), ('bb078972-6310-11e8-aaf5-0f254a0c7eae', 'AEM Training', 'AEM3', '1', null, '2018-05-29 07:20:14', '2018-05-29 07:20:14');
COMMIT;

-- ----------------------------
--  Table structure for `title`
-- ----------------------------
DROP TABLE IF EXISTS `title`;
CREATE TABLE `title` (
  `id` varchar(255) COLLATE utf8_unicode_ci NOT NULL,
  `status` int(11) DEFAULT '1',
  `remark` varchar(255) COLLATE utf8_unicode_ci DEFAULT NULL,
  `createdAt` datetime NOT NULL,
  `updatedAt` datetime NOT NULL,
  `createdUsr` varchar(255) COLLATE utf8_unicode_ci DEFAULT NULL,
  `updatedUsr` varchar(255) COLLATE utf8_unicode_ci DEFAULT NULL,
  PRIMARY KEY (`id`),
  KEY `createdUsr` (`createdUsr`),
  KEY `updatedUsr` (`updatedUsr`),
  KEY `title_status` (`status`) USING BTREE,
  CONSTRAINT `title_ibfk_1` FOREIGN KEY (`createdUsr`) REFERENCES `account` (`id`) ON DELETE SET NULL ON UPDATE CASCADE,
  CONSTRAINT `title_ibfk_2` FOREIGN KEY (`updatedUsr`) REFERENCES `account` (`id`) ON DELETE SET NULL ON UPDATE CASCADE
) ENGINE=InnoDB DEFAULT CHARSET=utf8 COLLATE=utf8_unicode_ci;

-- ----------------------------
--  Records of `title`
-- ----------------------------
BEGIN;
INSERT INTO `title` VALUES ('Account Director', '1', null, '2018-05-29 07:20:14', '2018-05-29 07:20:14', null, null), ('Account Manager', '1', null, '2018-05-29 07:20:14', '2018-05-29 07:20:14', null, null), ('Accountant', '1', null, '2018-05-29 07:20:14', '2018-05-29 07:20:14', null, null), ('Associate Account Director', '1', null, '2018-05-29 07:20:14', '2018-05-29 07:20:14', null, null), ('Creative Director', '1', null, '2018-05-29 07:20:14', '2018-05-29 07:20:14', null, null), ('Creative Service Manager', '1', null, '2018-05-29 07:20:14', '2018-05-29 07:20:14', null, null), ('CRM Lead', '1', null, '2018-05-29 07:20:14', '2018-05-29 07:20:14', null, null), ('Data Executive', '1', null, '2018-05-29 07:20:14', '2018-05-29 07:20:14', null, null), ('Data Manager', '1', null, '2018-05-29 07:20:14', '2018-05-29 07:20:14', null, null), ('Designer', '1', null, '2018-05-29 07:20:14', '2018-05-29 07:20:14', null, null), ('Digital Analytics Director', '1', null, '2018-05-29 07:20:14', '2018-05-29 07:20:14', null, null), ('Digital Designer', '1', null, '2018-05-29 07:20:14', '2018-05-29 07:20:14', null, null), ('Finance Director', '1', null, '2018-05-29 07:20:14', '2018-05-29 07:20:14', null, null), ('Group Account Director', '1', null, '2018-05-29 07:20:14', '2018-05-29 07:20:14', null, null), ('Media Planning Director', '1', null, '2018-05-29 07:20:14', '2018-05-29 07:20:14', null, null), ('Platform Lead', '1', null, '2018-05-29 07:20:14', '2018-05-29 07:20:14', null, null), ('Platform Manager', '1', null, '2018-05-29 07:20:14', '2018-05-29 07:20:14', null, null), ('Senior Account Director', '1', null, '2018-05-29 07:20:14', '2018-05-29 07:20:14', null, null), ('Senior Account Executive', '1', null, '2018-05-29 07:20:14', '2018-05-29 07:20:14', null, null), ('Senior Account Manager', '1', null, '2018-05-29 07:20:14', '2018-05-29 07:20:14', null, null), ('Senior Admin Executive', '1', null, '2018-05-29 07:20:14', '2018-05-29 07:20:14', null, null), ('Senior Art Director', '1', null, '2018-05-29 07:20:14', '2018-05-29 07:20:14', null, null), ('Senior Copywriter', '1', null, '2018-05-29 07:20:14', '2018-05-29 07:20:14', null, null), ('Senior HR Executive', '1', null, '2018-05-29 07:20:14', '2018-05-29 07:20:14', null, null), ('Senior Office Manager', '1', null, '2018-05-29 07:20:14', '2018-05-29 07:20:14', null, null), ('Senior Platform Manager', '1', null, '2018-05-29 07:20:14', '2018-05-29 07:20:14', null, null);
COMMIT;

-- ----------------------------
--  Table structure for `transfer`
-- ----------------------------
DROP TABLE IF EXISTS `transfer`;
CREATE TABLE `transfer` (
  `id` varchar(255) COLLATE utf8_unicode_ci NOT NULL,
  `transferDate` datetime DEFAULT NULL,
  `staffName` varchar(255) COLLATE utf8_unicode_ci DEFAULT NULL,
  `basicInfo` json DEFAULT NULL,
  `inLogSalaryDistributions` json DEFAULT NULL,
  `staffBeforeSalaryDistributions` json DEFAULT NULL,
  `staffAfterSalaryDistributions` json DEFAULT NULL,
  `flowStatus` enum('ToSubmit','ToFDApprove','FDApproved','Transferred','FDRefused','Abandoned') COLLATE utf8_unicode_ci NOT NULL,
  `inLogOldStatus` enum('Open','Recruiting','Closed','TransferringIn','TransferredIn','TransferringOut','TransferredOut','Leaving','Left') COLLATE utf8_unicode_ci NOT NULL,
  `outLogOldStatus` enum('Open','Recruiting','Closed','TransferringIn','TransferredIn','TransferringOut','TransferredOut','Leaving','Left') COLLATE utf8_unicode_ci DEFAULT NULL,
  `status` int(11) DEFAULT '1',
  `remark` varchar(255) COLLATE utf8_unicode_ci DEFAULT NULL,
  `createdAt` datetime NOT NULL,
  `updatedAt` datetime NOT NULL,
  `staffId` char(36) CHARACTER SET utf8 COLLATE utf8_bin DEFAULT NULL,
  `inLogId` char(36) CHARACTER SET utf8 COLLATE utf8_bin NOT NULL,
  `outLogId` char(36) CHARACTER SET utf8 COLLATE utf8_bin DEFAULT NULL,
  `createdUsr` varchar(255) COLLATE utf8_unicode_ci DEFAULT NULL,
  `updatedUsr` varchar(255) COLLATE utf8_unicode_ci DEFAULT NULL,
  PRIMARY KEY (`id`),
  KEY `staffId` (`staffId`),
  KEY `inLogId` (`inLogId`),
  KEY `outLogId` (`outLogId`),
  KEY `createdUsr` (`createdUsr`),
  KEY `updatedUsr` (`updatedUsr`),
  KEY `transfer_flow_status` (`flowStatus`) USING BTREE,
  KEY `transfer_status` (`status`) USING BTREE,
  CONSTRAINT `transfer_ibfk_1` FOREIGN KEY (`staffId`) REFERENCES `staff` (`id`) ON DELETE SET NULL ON UPDATE CASCADE,
  CONSTRAINT `transfer_ibfk_2` FOREIGN KEY (`inLogId`) REFERENCES `positionLog` (`id`) ON DELETE NO ACTION ON UPDATE CASCADE,
  CONSTRAINT `transfer_ibfk_3` FOREIGN KEY (`outLogId`) REFERENCES `positionLog` (`id`) ON DELETE SET NULL ON UPDATE CASCADE,
  CONSTRAINT `transfer_ibfk_4` FOREIGN KEY (`createdUsr`) REFERENCES `account` (`id`) ON DELETE SET NULL ON UPDATE CASCADE,
  CONSTRAINT `transfer_ibfk_5` FOREIGN KEY (`updatedUsr`) REFERENCES `account` (`id`) ON DELETE SET NULL ON UPDATE CASCADE
) ENGINE=InnoDB DEFAULT CHARSET=utf8 COLLATE=utf8_unicode_ci;

SET FOREIGN_KEY_CHECKS = 1;
